Level,Title,State,Skill_level,Month,Vacancies
0,AUSTRALIAN TOTAL,AUST,0,2006-01-01,212117.982
0,AUSTRALIAN TOTAL,AUST,0,2006-02-01,216312.857
0,AUSTRALIAN TOTAL,AUST,0,2006-03-01,220565.24
0,AUSTRALIAN TOTAL,AUST,0,2006-04-01,221462.238
0,AUSTRALIAN TOTAL,AUST,0,2006-05-01,219135.215
0,AUSTRALIAN TOTAL,AUST,0,2006-06-01,237134.549
0,AUSTRALIAN TOTAL,AUST,0,2006-07-01,219609.293
0,AUSTRALIAN TOTAL,AUST,0,2006-08-01,226241.098
0,AUSTRALIAN TOTAL,AUST,0,2006-09-01,220037.924
0,AUSTRALIAN TOTAL,AUST,0,2006-10-01,239284.753
0,AUSTRALIAN TOTAL,AUST,0,2006-11-01,237952.007
0,AUSTRALIAN TOTAL,AUST,0,2006-12-01,233807.566
0,AUSTRALIAN TOTAL,AUST,0,2007-01-01,249215.758
0,AUSTRALIAN TOTAL,AUST,0,2007-02-01,256532.349
0,AUSTRALIAN TOTAL,AUST,0,2007-03-01,266706.349
0,AUSTRALIAN TOTAL,AUST,0,2007-04-01,266058.929
0,AUSTRALIAN TOTAL,AUST,0,2007-05-01,272285.028
0,AUSTRALIAN TOTAL,AUST,0,2007-06-01,268777.409
0,AUSTRALIAN TOTAL,AUST,0,2007-07-01,281697.766
0,AUSTRALIAN TOTAL,AUST,0,2007-08-01,280703.419
0,AUSTRALIAN TOTAL,AUST,0,2007-09-01,286087.364
0,AUSTRALIAN TOTAL,AUST,0,2007-10-01,284159.581
0,AUSTRALIAN TOTAL,AUST,0,2007-11-01,293949.857
0,AUSTRALIAN TOTAL,AUST,0,2007-12-01,301309.825
0,AUSTRALIAN TOTAL,AUST,0,2008-01-01,305362.261
0,AUSTRALIAN TOTAL,AUST,0,2008-02-01,305834.831
0,AUSTRALIAN TOTAL,AUST,0,2008-03-01,301165.269
0,AUSTRALIAN TOTAL,AUST,0,2008-04-01,306852.066
0,AUSTRALIAN TOTAL,AUST,0,2008-05-01,300561.215
0,AUSTRALIAN TOTAL,AUST,0,2008-06-01,301413.743
0,AUSTRALIAN TOTAL,AUST,0,2008-07-01,287150.796
0,AUSTRALIAN TOTAL,AUST,0,2008-08-01,273509.265
0,AUSTRALIAN TOTAL,AUST,0,2008-09-01,260672.779
0,AUSTRALIAN TOTAL,AUST,0,2008-10-01,250977.262
0,AUSTRALIAN TOTAL,AUST,0,2008-11-01,234479.488
0,AUSTRALIAN TOTAL,AUST,0,2008-12-01,216817.834
0,AUSTRALIAN TOTAL,AUST,0,2009-01-01,196168.436
0,AUSTRALIAN TOTAL,AUST,0,2009-02-01,181987.915
0,AUSTRALIAN TOTAL,AUST,0,2009-03-01,161029.666
0,AUSTRALIAN TOTAL,AUST,0,2009-04-01,164016.404
0,AUSTRALIAN TOTAL,AUST,0,2009-05-01,157482.831
0,AUSTRALIAN TOTAL,AUST,0,2009-06-01,171756.002
0,AUSTRALIAN TOTAL,AUST,0,2009-07-01,157957.005
0,AUSTRALIAN TOTAL,AUST,0,2009-08-01,165387.389
0,AUSTRALIAN TOTAL,AUST,0,2009-09-01,165914.226
0,AUSTRALIAN TOTAL,AUST,0,2009-10-01,166397.126
0,AUSTRALIAN TOTAL,AUST,0,2009-11-01,169994.516
0,AUSTRALIAN TOTAL,AUST,0,2009-12-01,170803.359
0,AUSTRALIAN TOTAL,AUST,0,2010-01-01,183642.052
0,AUSTRALIAN TOTAL,AUST,0,2010-02-01,188577.124
0,AUSTRALIAN TOTAL,AUST,0,2010-03-01,176635.782
0,AUSTRALIAN TOTAL,AUST,0,2010-04-01,170735.117
0,AUSTRALIAN TOTAL,AUST,0,2010-05-01,187116.185
0,AUSTRALIAN TOTAL,AUST,0,2010-06-01,184527.797
0,AUSTRALIAN TOTAL,AUST,0,2010-07-01,190622.365
0,AUSTRALIAN TOTAL,AUST,0,2010-08-01,192305.545
0,AUSTRALIAN TOTAL,AUST,0,2010-09-01,200217.71
0,AUSTRALIAN TOTAL,AUST,0,2010-10-01,205129.038
0,AUSTRALIAN TOTAL,AUST,0,2010-11-01,206012.944
0,AUSTRALIAN TOTAL,AUST,0,2010-12-01,210357.792
0,AUSTRALIAN TOTAL,AUST,0,2011-01-01,213088.355
0,AUSTRALIAN TOTAL,AUST,0,2011-02-01,213309.52
0,AUSTRALIAN TOTAL,AUST,0,2011-03-01,215403.361
0,AUSTRALIAN TOTAL,AUST,0,2011-04-01,213478.239
0,AUSTRALIAN TOTAL,AUST,0,2011-05-01,209564.239
0,AUSTRALIAN TOTAL,AUST,0,2011-06-01,202316.58
0,AUSTRALIAN TOTAL,AUST,0,2011-07-01,208130.353
0,AUSTRALIAN TOTAL,AUST,0,2011-08-01,202587.115
0,AUSTRALIAN TOTAL,AUST,0,2011-09-01,196021.313
0,AUSTRALIAN TOTAL,AUST,0,2011-10-01,196534.005
0,AUSTRALIAN TOTAL,AUST,0,2011-11-01,196329.492
0,AUSTRALIAN TOTAL,AUST,0,2011-12-01,198211.11
0,AUSTRALIAN TOTAL,AUST,0,2012-01-01,190328.796
0,AUSTRALIAN TOTAL,AUST,0,2012-02-01,193640.523
0,AUSTRALIAN TOTAL,AUST,0,2012-03-01,192618.286
0,AUSTRALIAN TOTAL,AUST,0,2012-04-01,187350.183
0,AUSTRALIAN TOTAL,AUST,0,2012-05-01,181347.525
0,AUSTRALIAN TOTAL,AUST,0,2012-06-01,177479.861
0,AUSTRALIAN TOTAL,AUST,0,2012-07-01,169102.419
0,AUSTRALIAN TOTAL,AUST,0,2012-08-01,168389.827
0,AUSTRALIAN TOTAL,AUST,0,2012-09-01,168486.042
0,AUSTRALIAN TOTAL,AUST,0,2012-10-01,159489.877
0,AUSTRALIAN TOTAL,AUST,0,2012-11-01,154710.397
0,AUSTRALIAN TOTAL,AUST,0,2012-12-01,151376.697
0,AUSTRALIAN TOTAL,AUST,0,2013-01-01,148653.547
0,AUSTRALIAN TOTAL,AUST,0,2013-02-01,144952.162
0,AUSTRALIAN TOTAL,AUST,0,2013-03-01,150523.766
0,AUSTRALIAN TOTAL,AUST,0,2013-04-01,139593.559
0,AUSTRALIAN TOTAL,AUST,0,2013-05-01,142313.076
0,AUSTRALIAN TOTAL,AUST,0,2013-06-01,139881.216
0,AUSTRALIAN TOTAL,AUST,0,2013-07-01,142032.67
0,AUSTRALIAN TOTAL,AUST,0,2013-08-01,140103.209
0,AUSTRALIAN TOTAL,AUST,0,2013-09-01,139215.182
0,AUSTRALIAN TOTAL,AUST,0,2013-10-01,139848.232
0,AUSTRALIAN TOTAL,AUST,0,2013-11-01,141044.38
0,AUSTRALIAN TOTAL,AUST,0,2013-12-01,138788.138
0,AUSTRALIAN TOTAL,AUST,0,2014-01-01,149227.822
0,AUSTRALIAN TOTAL,AUST,0,2014-02-01,147231.489
0,AUSTRALIAN TOTAL,AUST,0,2014-03-01,145261.714
0,AUSTRALIAN TOTAL,AUST,0,2014-04-01,143174.922
0,AUSTRALIAN TOTAL,AUST,0,2014-05-01,151688.005
0,AUSTRALIAN TOTAL,AUST,0,2014-06-01,155848.836
0,AUSTRALIAN TOTAL,AUST,0,2014-07-01,151512.923
0,AUSTRALIAN TOTAL,AUST,0,2014-08-01,156858.858
0,AUSTRALIAN TOTAL,AUST,0,2014-09-01,154438.877
0,AUSTRALIAN TOTAL,AUST,0,2014-10-01,156769.446
0,AUSTRALIAN TOTAL,AUST,0,2014-11-01,152027.216
0,AUSTRALIAN TOTAL,AUST,0,2014-12-01,149484.049
0,AUSTRALIAN TOTAL,AUST,0,2015-01-01,156397.411
0,AUSTRALIAN TOTAL,AUST,0,2015-02-01,154584.577
0,AUSTRALIAN TOTAL,AUST,0,2015-03-01,158241.854
0,AUSTRALIAN TOTAL,AUST,0,2015-04-01,157732.253
0,AUSTRALIAN TOTAL,AUST,0,2015-05-01,151187.702
0,AUSTRALIAN TOTAL,AUST,0,2015-06-01,152018.473
0,AUSTRALIAN TOTAL,AUST,0,2015-07-01,156722.624
0,AUSTRALIAN TOTAL,AUST,0,2015-08-01,154817.192
0,AUSTRALIAN TOTAL,AUST,0,2015-09-01,163162.205
0,AUSTRALIAN TOTAL,AUST,0,2015-10-01,159715.613
0,AUSTRALIAN TOTAL,AUST,0,2015-11-01,165147.792
0,AUSTRALIAN TOTAL,AUST,0,2015-12-01,164100.775
0,AUSTRALIAN TOTAL,AUST,0,2016-01-01,163006.092
0,AUSTRALIAN TOTAL,AUST,0,2016-02-01,161433.663
0,AUSTRALIAN TOTAL,AUST,0,2016-03-01,162234.362
0,AUSTRALIAN TOTAL,AUST,0,2016-04-01,165283.844
0,AUSTRALIAN TOTAL,AUST,0,2016-05-01,166367.299
0,AUSTRALIAN TOTAL,AUST,0,2016-06-01,172930.686
0,AUSTRALIAN TOTAL,AUST,0,2016-07-01,164538.409
0,AUSTRALIAN TOTAL,AUST,0,2016-08-01,165648.91
0,AUSTRALIAN TOTAL,AUST,0,2016-09-01,162760.425
0,AUSTRALIAN TOTAL,AUST,0,2016-10-01,163519.305
0,AUSTRALIAN TOTAL,AUST,0,2016-11-01,162034.782
0,AUSTRALIAN TOTAL,AUST,0,2016-12-01,163257.272
0,AUSTRALIAN TOTAL,AUST,0,2017-01-01,162401.122
0,AUSTRALIAN TOTAL,AUST,0,2017-02-01,165827.885
0,AUSTRALIAN TOTAL,AUST,0,2017-03-01,165208.276
0,AUSTRALIAN TOTAL,AUST,0,2017-04-01,170150.327
0,AUSTRALIAN TOTAL,AUST,0,2017-05-01,173687.492
0,AUSTRALIAN TOTAL,AUST,0,2017-06-01,176943.971
0,AUSTRALIAN TOTAL,AUST,0,2017-07-01,176543.212
0,AUSTRALIAN TOTAL,AUST,0,2017-08-01,175427.879
0,AUSTRALIAN TOTAL,AUST,0,2017-09-01,175618.051
0,AUSTRALIAN TOTAL,AUST,0,2017-10-01,177394.027
0,AUSTRALIAN TOTAL,AUST,0,2017-11-01,178049
0,AUSTRALIAN TOTAL,AUST,0,2017-12-01,174475.921
0,AUSTRALIAN TOTAL,AUST,0,2018-01-01,178308.161
0,AUSTRALIAN TOTAL,AUST,0,2018-02-01,181246.248
0,AUSTRALIAN TOTAL,AUST,0,2018-03-01,189514.558
0,AUSTRALIAN TOTAL,AUST,0,2018-04-01,187264.703
0,AUSTRALIAN TOTAL,AUST,0,2018-05-01,186873.38
0,AUSTRALIAN TOTAL,AUST,0,2018-06-01,183021.159
0,AUSTRALIAN TOTAL,AUST,0,2018-07-01,184680.314
0,AUSTRALIAN TOTAL,AUST,0,2018-08-01,185035.932
0,AUSTRALIAN TOTAL,AUST,0,2018-09-01,179626.711
0,AUSTRALIAN TOTAL,AUST,0,2018-10-01,177422.154
0,AUSTRALIAN TOTAL,AUST,0,2018-11-01,177167.085
0,AUSTRALIAN TOTAL,AUST,0,2018-12-01,178751.33
0,AUSTRALIAN TOTAL,AUST,0,2019-01-01,184830.577
0,AUSTRALIAN TOTAL,AUST,0,2019-02-01,181715.062
0,AUSTRALIAN TOTAL,AUST,0,2019-03-01,172965.723
0,AUSTRALIAN TOTAL,AUST,0,2019-04-01,175312.553
0,AUSTRALIAN TOTAL,AUST,0,2019-05-01,177321.317
0,AUSTRALIAN TOTAL,AUST,0,2019-06-01,172251.554
0,AUSTRALIAN TOTAL,AUST,0,2019-07-01,173796.39
0,AUSTRALIAN TOTAL,AUST,0,2019-08-01,168762.818
0,AUSTRALIAN TOTAL,AUST,0,2019-09-01,170113.842
0,AUSTRALIAN TOTAL,AUST,0,2019-10-01,162154.171
0,AUSTRALIAN TOTAL,AUST,0,2019-11-01,155786.36
0,AUSTRALIAN TOTAL,AUST,0,2019-12-01,164646.126
0,AUSTRALIAN TOTAL,AUST,0,2020-01-01,167384.746
0,AUSTRALIAN TOTAL,AUST,0,2020-02-01,160374.322
0,AUSTRALIAN TOTAL,AUST,0,2020-03-01,118153.809
0,AUSTRALIAN TOTAL,AUST,0,2020-04-01,67220.733
0,AUSTRALIAN TOTAL,AUST,0,2020-05-01,90319.785
0,AUSTRALIAN TOTAL,AUST,0,2020-06-01,120057.618
0,AUSTRALIAN TOTAL,AUST,0,2020-07-01,133920.593
0,AUSTRALIAN TOTAL,AUST,0,2020-08-01,136325.359
0,AUSTRALIAN TOTAL,AUST,0,2020-09-01,151233.019
0,AUSTRALIAN TOTAL,AUST,0,2020-10-01,160330.556
0,AUSTRALIAN TOTAL,AUST,0,2020-11-01,176172.079
0,AUSTRALIAN TOTAL,AUST,0,2020-12-01,185239.035
0,AUSTRALIAN TOTAL,AUST,0,2021-01-01,189222.947
0,AUSTRALIAN TOTAL,AUST,0,2021-02-01,202784.131
0,AUSTRALIAN TOTAL,AUST,0,2021-03-01,227801.911
0,AUSTRALIAN TOTAL,AUST,0,2021-04-01,230721.437
0,AUSTRALIAN TOTAL,AUST,0,2021-05-01,235548.241
0,AUSTRALIAN TOTAL,AUST,0,2021-06-01,231758.133
0,AUSTRALIAN TOTAL,AUST,0,2021-07-01,228986.378
0,AUSTRALIAN TOTAL,AUST,0,2021-08-01,211148.515
0,AUSTRALIAN TOTAL,AUST,0,2021-09-01,235533.885
0,AUSTRALIAN TOTAL,AUST,0,2021-10-01,255371.259
0,AUSTRALIAN TOTAL,AUST,0,2021-11-01,262091.253
0,AUSTRALIAN TOTAL,AUST,0,2021-12-01,258565.757
0,AUSTRALIAN TOTAL,AUST,0,2022-01-01,268156.223
0,AUSTRALIAN TOTAL,AUST,0,2022-02-01,278038.244
0,AUSTRALIAN TOTAL,AUST,0,2022-03-01,283686.548
0,AUSTRALIAN TOTAL,AUST,0,2022-04-01,288585.339
0,AUSTRALIAN TOTAL,AUST,0,2022-05-01,295914.205
0,AUSTRALIAN TOTAL,AUST,0,2022-06-01,305033.081
0,AUSTRALIAN TOTAL,AUST,0,2022-07-01,293236.126
0,AUSTRALIAN TOTAL,AUST,0,2022-08-01,295872.334
0,AUSTRALIAN TOTAL,AUST,0,2022-09-01,282211.882
0,AUSTRALIAN TOTAL,AUST,0,2022-10-01,286540.551
0,AUSTRALIAN TOTAL,AUST,0,2022-11-01,277550.117
0,AUSTRALIAN TOTAL,AUST,0,2022-12-01,276354.305
0,AUSTRALIAN TOTAL,AUST,0,2023-01-01,278875.392
0,AUSTRALIAN TOTAL,AUST,0,2023-02-01,284539.094
0,AUSTRALIAN TOTAL,AUST,0,2023-03-01,281641.32
0,AUSTRALIAN TOTAL,AUST,0,2023-04-01,289574.211
0,AUSTRALIAN TOTAL,AUST,0,2023-05-01,283490.593
0,AUSTRALIAN TOTAL,AUST,0,2023-06-01,279133.36
0,AUSTRALIAN TOTAL,AUST,0,2023-07-01,281692.925
0,AUSTRALIAN TOTAL,AUST,0,2023-08-01,276119.34
0,AUSTRALIAN TOTAL,AUST,0,2023-09-01,268984.562
0,AUSTRALIAN TOTAL,AUST,0,2023-10-01,259805.736
0,AUSTRALIAN TOTAL,AUST,0,2023-11-01,259303.064
0,AUSTRALIAN TOTAL,AUST,0,2023-12-01,260062.401
0,AUSTRALIAN TOTAL,AUST,0,2024-01-01,249558.369
0,AUSTRALIAN TOTAL,AUST,0,2024-02-01,248333.472
0,AUSTRALIAN TOTAL,AUST,0,2024-03-01,245874.728
0,AUSTRALIAN TOTAL,AUST,0,2024-04-01,237546.443
0,AUSTRALIAN TOTAL,AUST,0,2024-05-01,240101.109
0,AUSTRALIAN TOTAL,AUST,0,2024-06-01,229845.396
0,AUSTRALIAN TOTAL,AUST,0,2024-07-01,216153.358
0,AUSTRALIAN TOTAL,AUST,0,2024-08-01,229185.782
0,AUSTRALIAN TOTAL,AUST,0,2024-09-01,231568.426
0,AUSTRALIAN TOTAL,AUST,0,2024-10-01,225187.064
0,AUSTRALIAN TOTAL,AUST,0,2024-11-01,221892.005
0,AUSTRALIAN TOTAL,AUST,0,2024-12-01,214314.706
0,AUSTRALIAN TOTAL,AUST,0,2025-01-01,221025.263
0,AUSTRALIAN TOTAL,AUST,0,2025-02-01,211338.042
0,AUSTRALIAN TOTAL,AUST,0,2025-03-01,203643.642
0,AUSTRALIAN TOTAL,AUST,0,2025-04-01,214620.442
0,AUSTRALIAN TOTAL,AUST,0,2025-05-01,210531.478
0,AUSTRALIAN TOTAL,AUST,0,2025-06-01,214742.206
0,AUSTRALIAN TOTAL,AUST,0,2025-07-01,212853.603
0,AUSTRALIAN TOTAL,AUST,0,2025-08-01,201575.668
0,AUSTRALIAN TOTAL,AUST,0,2025-09-01,208365.117
0,AUSTRALIAN TOTAL,AUST,0,2025-10-01,208611.905
0,AUSTRALIAN TOTAL,AUST,0,2025-11-01,206017.359
0,AUSTRALIAN TOTAL,AUST,0,2025-12-01,212492.992
0,AUSTRALIAN TOTAL,AUST,0,2026-01-01,218568.433
0,AUSTRALIAN TOTAL,AUST,0,2026-02-01,211287.673
0,AUSTRALIAN TOTAL,AUST,0,2026-03-01,213097.731
0,AUSTRALIAN TOTAL,AUST,0,2026-04-01,211182.803
0,AUSTRALIAN TOTAL,AUST,0,2026-05-01,203759.896
0,AUSTRALIAN TOTAL,AUST,0,2026-06-01,206734.739
0,AUSTRALIAN TOTAL,AUST,0,2026-07-01,212228.72
2,Australia skill level 1,AUST,1,2006-01-01,63683.514
2,Australia skill level 1,AUST,1,2006-02-01,65063.338
2,Australia skill level 1,AUST,1,2006-03-01,67580.066
2,Australia skill level 1,AUST,1,2006-04-01,70798.796
2,Australia skill level 1,AUST,1,2006-05-01,69697.961
2,Australia skill level 1,AUST,1,2006-06-01,78577.747
2,Australia skill level 1,AUST,1,2006-07-01,70813.263
2,Australia skill level 1,AUST,1,2006-08-01,71509.491
2,Australia skill level 1,AUST,1,2006-09-01,69030.592
2,Australia skill level 1,AUST,1,2006-10-01,76622.35
2,Australia skill level 1,AUST,1,2006-11-01,76853.318
2,Australia skill level 1,AUST,1,2006-12-01,76477.858
2,Australia skill level 1,AUST,1,2007-01-01,81109.598
2,Australia skill level 1,AUST,1,2007-02-01,84622.665
2,Australia skill level 1,AUST,1,2007-03-01,88157.486
2,Australia skill level 1,AUST,1,2007-04-01,88457.764
2,Australia skill level 1,AUST,1,2007-05-01,90228.427
2,Australia skill level 1,AUST,1,2007-06-01,87955.869
2,Australia skill level 1,AUST,1,2007-07-01,91780.011
2,Australia skill level 1,AUST,1,2007-08-01,91925.537
2,Australia skill level 1,AUST,1,2007-09-01,94373.683
2,Australia skill level 1,AUST,1,2007-10-01,93344.466
2,Australia skill level 1,AUST,1,2007-11-01,98660.079
2,Australia skill level 1,AUST,1,2007-12-01,103635.818
2,Australia skill level 1,AUST,1,2008-01-01,105401.223
2,Australia skill level 1,AUST,1,2008-02-01,106450.47
2,Australia skill level 1,AUST,1,2008-03-01,105013.264
2,Australia skill level 1,AUST,1,2008-04-01,107893.736
2,Australia skill level 1,AUST,1,2008-05-01,107348.032
2,Australia skill level 1,AUST,1,2008-06-01,108008.854
2,Australia skill level 1,AUST,1,2008-07-01,103606.18
2,Australia skill level 1,AUST,1,2008-08-01,101595.078
2,Australia skill level 1,AUST,1,2008-09-01,96213.321
2,Australia skill level 1,AUST,1,2008-10-01,95448.347
2,Australia skill level 1,AUST,1,2008-11-01,91590.955
2,Australia skill level 1,AUST,1,2008-12-01,82746.572
2,Australia skill level 1,AUST,1,2009-01-01,72144.104
2,Australia skill level 1,AUST,1,2009-02-01,67094.923
2,Australia skill level 1,AUST,1,2009-03-01,57720.683
2,Australia skill level 1,AUST,1,2009-04-01,58852.229
2,Australia skill level 1,AUST,1,2009-05-01,58314.457
2,Australia skill level 1,AUST,1,2009-06-01,60106.155
2,Australia skill level 1,AUST,1,2009-07-01,59844.013
2,Australia skill level 1,AUST,1,2009-08-01,61788.747
2,Australia skill level 1,AUST,1,2009-09-01,61054.848
2,Australia skill level 1,AUST,1,2009-10-01,57707.049
2,Australia skill level 1,AUST,1,2009-11-01,58259.791
2,Australia skill level 1,AUST,1,2009-12-01,56747.26
2,Australia skill level 1,AUST,1,2010-01-01,62626.016
2,Australia skill level 1,AUST,1,2010-02-01,63913.995
2,Australia skill level 1,AUST,1,2010-03-01,63341.96
2,Australia skill level 1,AUST,1,2010-04-01,62416.994
2,Australia skill level 1,AUST,1,2010-05-01,69435.442
2,Australia skill level 1,AUST,1,2010-06-01,66431.188
2,Australia skill level 1,AUST,1,2010-07-01,68790.646
2,Australia skill level 1,AUST,1,2010-08-01,69673.978
2,Australia skill level 1,AUST,1,2010-09-01,72546.636
2,Australia skill level 1,AUST,1,2010-10-01,75848.612
2,Australia skill level 1,AUST,1,2010-11-01,76570.564
2,Australia skill level 1,AUST,1,2010-12-01,78218.695
2,Australia skill level 1,AUST,1,2011-01-01,78735.365
2,Australia skill level 1,AUST,1,2011-02-01,78279.803
2,Australia skill level 1,AUST,1,2011-03-01,79833.142
2,Australia skill level 1,AUST,1,2011-04-01,80158.799
2,Australia skill level 1,AUST,1,2011-05-01,77100.623
2,Australia skill level 1,AUST,1,2011-06-01,73318.333
2,Australia skill level 1,AUST,1,2011-07-01,74473.87
2,Australia skill level 1,AUST,1,2011-08-01,72697.812
2,Australia skill level 1,AUST,1,2011-09-01,71174.919
2,Australia skill level 1,AUST,1,2011-10-01,72563.971
2,Australia skill level 1,AUST,1,2011-11-01,71547.365
2,Australia skill level 1,AUST,1,2011-12-01,72758.382
2,Australia skill level 1,AUST,1,2012-01-01,69794.978
2,Australia skill level 1,AUST,1,2012-02-01,70532.572
2,Australia skill level 1,AUST,1,2012-03-01,71155.016
2,Australia skill level 1,AUST,1,2012-04-01,68454.494
2,Australia skill level 1,AUST,1,2012-05-01,66539.927
2,Australia skill level 1,AUST,1,2012-06-01,66452.594
2,Australia skill level 1,AUST,1,2012-07-01,62046.16
2,Australia skill level 1,AUST,1,2012-08-01,62228.769
2,Australia skill level 1,AUST,1,2012-09-01,62072.207
2,Australia skill level 1,AUST,1,2012-10-01,58821.544
2,Australia skill level 1,AUST,1,2012-11-01,57318.308
2,Australia skill level 1,AUST,1,2012-12-01,54860.779
2,Australia skill level 1,AUST,1,2013-01-01,53571.068
2,Australia skill level 1,AUST,1,2013-02-01,53295.259
2,Australia skill level 1,AUST,1,2013-03-01,54892.912
2,Australia skill level 1,AUST,1,2013-04-01,51293.392
2,Australia skill level 1,AUST,1,2013-05-01,51243.155
2,Australia skill level 1,AUST,1,2013-06-01,50011.301
2,Australia skill level 1,AUST,1,2013-07-01,51309.567
2,Australia skill level 1,AUST,1,2013-08-01,49950.386
2,Australia skill level 1,AUST,1,2013-09-01,49352.138
2,Australia skill level 1,AUST,1,2013-10-01,49153.795
2,Australia skill level 1,AUST,1,2013-11-01,50186.22
2,Australia skill level 1,AUST,1,2013-12-01,47687.975
2,Australia skill level 1,AUST,1,2014-01-01,52056.549
2,Australia skill level 1,AUST,1,2014-02-01,52043.815
2,Australia skill level 1,AUST,1,2014-03-01,50865.727
2,Australia skill level 1,AUST,1,2014-04-01,50430.667
2,Australia skill level 1,AUST,1,2014-05-01,55118.75
2,Australia skill level 1,AUST,1,2014-06-01,55981.916
2,Australia skill level 1,AUST,1,2014-07-01,54096.117
2,Australia skill level 1,AUST,1,2014-08-01,55375.108
2,Australia skill level 1,AUST,1,2014-09-01,54556.188
2,Australia skill level 1,AUST,1,2014-10-01,55218.443
2,Australia skill level 1,AUST,1,2014-11-01,53346.236
2,Australia skill level 1,AUST,1,2014-12-01,51961.859
2,Australia skill level 1,AUST,1,2015-01-01,55250.198
2,Australia skill level 1,AUST,1,2015-02-01,55265.11
2,Australia skill level 1,AUST,1,2015-03-01,56526.52
2,Australia skill level 1,AUST,1,2015-04-01,57701.621
2,Australia skill level 1,AUST,1,2015-05-01,55131.737
2,Australia skill level 1,AUST,1,2015-06-01,56853.601
2,Australia skill level 1,AUST,1,2015-07-01,59100.294
2,Australia skill level 1,AUST,1,2015-08-01,58362.777
2,Australia skill level 1,AUST,1,2015-09-01,60759.416
2,Australia skill level 1,AUST,1,2015-10-01,58379.23
2,Australia skill level 1,AUST,1,2015-11-01,61547.508
2,Australia skill level 1,AUST,1,2015-12-01,60772.758
2,Australia skill level 1,AUST,1,2016-01-01,61036.131
2,Australia skill level 1,AUST,1,2016-02-01,59643.589
2,Australia skill level 1,AUST,1,2016-03-01,60472.339
2,Australia skill level 1,AUST,1,2016-04-01,61167.913
2,Australia skill level 1,AUST,1,2016-05-01,61545.353
2,Australia skill level 1,AUST,1,2016-06-01,63476.426
2,Australia skill level 1,AUST,1,2016-07-01,59598.825
2,Australia skill level 1,AUST,1,2016-08-01,61096.839
2,Australia skill level 1,AUST,1,2016-09-01,60217.368
2,Australia skill level 1,AUST,1,2016-10-01,60364.616
2,Australia skill level 1,AUST,1,2016-11-01,59837.158
2,Australia skill level 1,AUST,1,2016-12-01,60561.176
2,Australia skill level 1,AUST,1,2017-01-01,60104.606
2,Australia skill level 1,AUST,1,2017-02-01,60789.942
2,Australia skill level 1,AUST,1,2017-03-01,60962.518
2,Australia skill level 1,AUST,1,2017-04-01,62275.141
2,Australia skill level 1,AUST,1,2017-05-01,63286.738
2,Australia skill level 1,AUST,1,2017-06-01,64890.174
2,Australia skill level 1,AUST,1,2017-07-01,64897.474
2,Australia skill level 1,AUST,1,2017-08-01,65107.362
2,Australia skill level 1,AUST,1,2017-09-01,65530.346
2,Australia skill level 1,AUST,1,2017-10-01,67243.613
2,Australia skill level 1,AUST,1,2017-11-01,67153.458
2,Australia skill level 1,AUST,1,2017-12-01,64970.6
2,Australia skill level 1,AUST,1,2018-01-01,66971.845
2,Australia skill level 1,AUST,1,2018-02-01,68583.879
2,Australia skill level 1,AUST,1,2018-03-01,71333.512
2,Australia skill level 1,AUST,1,2018-04-01,70851.396
2,Australia skill level 1,AUST,1,2018-05-01,71813.091
2,Australia skill level 1,AUST,1,2018-06-01,70571.39
2,Australia skill level 1,AUST,1,2018-07-01,70524.77
2,Australia skill level 1,AUST,1,2018-08-01,70572.597
2,Australia skill level 1,AUST,1,2018-09-01,68519.648
2,Australia skill level 1,AUST,1,2018-10-01,68774.472
2,Australia skill level 1,AUST,1,2018-11-01,69793.637
2,Australia skill level 1,AUST,1,2018-12-01,70168.542
2,Australia skill level 1,AUST,1,2019-01-01,72526.292
2,Australia skill level 1,AUST,1,2019-02-01,71641.989
2,Australia skill level 1,AUST,1,2019-03-01,68083.705
2,Australia skill level 1,AUST,1,2019-04-01,70475.098
2,Australia skill level 1,AUST,1,2019-05-01,70882.001
2,Australia skill level 1,AUST,1,2019-06-01,69150.894
2,Australia skill level 1,AUST,1,2019-07-01,68554.171
2,Australia skill level 1,AUST,1,2019-08-01,66995.252
2,Australia skill level 1,AUST,1,2019-09-01,66821.767
2,Australia skill level 1,AUST,1,2019-10-01,65068.746
2,Australia skill level 1,AUST,1,2019-11-01,62934.067
2,Australia skill level 1,AUST,1,2019-12-01,67235.162
2,Australia skill level 1,AUST,1,2020-01-01,67377.081
2,Australia skill level 1,AUST,1,2020-02-01,64372.735
2,Australia skill level 1,AUST,1,2020-03-01,49375.588
2,Australia skill level 1,AUST,1,2020-04-01,29717.323
2,Australia skill level 1,AUST,1,2020-05-01,37180.468
2,Australia skill level 1,AUST,1,2020-06-01,45313.786
2,Australia skill level 1,AUST,1,2020-07-01,49729.693
2,Australia skill level 1,AUST,1,2020-08-01,52970.707
2,Australia skill level 1,AUST,1,2020-09-01,57782.472
2,Australia skill level 1,AUST,1,2020-10-01,58912.041
2,Australia skill level 1,AUST,1,2020-11-01,63626.027
2,Australia skill level 1,AUST,1,2020-12-01,67474.568
2,Australia skill level 1,AUST,1,2021-01-01,67686.339
2,Australia skill level 1,AUST,1,2021-02-01,74002.81
2,Australia skill level 1,AUST,1,2021-03-01,82663.545
2,Australia skill level 1,AUST,1,2021-04-01,83329.006
2,Australia skill level 1,AUST,1,2021-05-01,84421.199
2,Australia skill level 1,AUST,1,2021-06-01,86545.052
2,Australia skill level 1,AUST,1,2021-07-01,87419.373
2,Australia skill level 1,AUST,1,2021-08-01,85016.386
2,Australia skill level 1,AUST,1,2021-09-01,89499.351
2,Australia skill level 1,AUST,1,2021-10-01,91364.669
2,Australia skill level 1,AUST,1,2021-11-01,91846.332
2,Australia skill level 1,AUST,1,2021-12-01,90057.891
2,Australia skill level 1,AUST,1,2022-01-01,94535.27
2,Australia skill level 1,AUST,1,2022-02-01,96955.8
2,Australia skill level 1,AUST,1,2022-03-01,97540.085
2,Australia skill level 1,AUST,1,2022-04-01,97446.289
2,Australia skill level 1,AUST,1,2022-05-01,102026.912
2,Australia skill level 1,AUST,1,2022-06-01,104345.48
2,Australia skill level 1,AUST,1,2022-07-01,100271.472
2,Australia skill level 1,AUST,1,2022-08-01,102728.812
2,Australia skill level 1,AUST,1,2022-09-01,97266.944
2,Australia skill level 1,AUST,1,2022-10-01,102516.523
2,Australia skill level 1,AUST,1,2022-11-01,99884.557
2,Australia skill level 1,AUST,1,2022-12-01,100811.563
2,Australia skill level 1,AUST,1,2023-01-01,100918.595
2,Australia skill level 1,AUST,1,2023-02-01,103611.405
2,Australia skill level 1,AUST,1,2023-03-01,104254.275
2,Australia skill level 1,AUST,1,2023-04-01,107713.236
2,Australia skill level 1,AUST,1,2023-05-01,106635.662
2,Australia skill level 1,AUST,1,2023-06-01,105437.308
2,Australia skill level 1,AUST,1,2023-07-01,105379.503
2,Australia skill level 1,AUST,1,2023-08-01,105342.693
2,Australia skill level 1,AUST,1,2023-09-01,102315.02
2,Australia skill level 1,AUST,1,2023-10-01,100283.384
2,Australia skill level 1,AUST,1,2023-11-01,98649.87
2,Australia skill level 1,AUST,1,2023-12-01,97379.923
2,Australia skill level 1,AUST,1,2024-01-01,93455.335
2,Australia skill level 1,AUST,1,2024-02-01,92619.212
2,Australia skill level 1,AUST,1,2024-03-01,90130.608
2,Australia skill level 1,AUST,1,2024-04-01,88690.019
2,Australia skill level 1,AUST,1,2024-05-01,88684.738
2,Australia skill level 1,AUST,1,2024-06-01,84246.916
2,Australia skill level 1,AUST,1,2024-07-01,77839.194
2,Australia skill level 1,AUST,1,2024-08-01,84730.738
2,Australia skill level 1,AUST,1,2024-09-01,83816.514
2,Australia skill level 1,AUST,1,2024-10-01,82501.675
2,Australia skill level 1,AUST,1,2024-11-01,83291.702
2,Australia skill level 1,AUST,1,2024-12-01,79144.147
2,Australia skill level 1,AUST,1,2025-01-01,80807.261
2,Australia skill level 1,AUST,1,2025-02-01,77681.555
2,Australia skill level 1,AUST,1,2025-03-01,74074.884
2,Australia skill level 1,AUST,1,2025-04-01,79291.397
2,Australia skill level 1,AUST,1,2025-05-01,77536.37
2,Australia skill level 1,AUST,1,2025-06-01,79062.277
2,Australia skill level 1,AUST,1,2025-07-01,78834.521
2,Australia skill level 1,AUST,1,2025-08-01,72980.496
2,Australia skill level 1,AUST,1,2025-09-01,76706.829
2,Australia skill level 1,AUST,1,2025-10-01,76104.451
2,Australia skill level 1,AUST,1,2025-11-01,74136.382
2,Australia skill level 1,AUST,1,2025-12-01,79555.472
2,Australia skill level 1,AUST,1,2026-01-01,79914.347
2,Australia skill level 1,AUST,1,2026-02-01,78223.173
2,Australia skill level 1,AUST,1,2026-03-01,80459.674
2,Australia skill level 1,AUST,1,2026-04-01,78395.248
2,Australia skill level 1,AUST,1,2026-05-01,76668.359
2,Australia skill level 1,AUST,1,2026-06-01,77551.547
2,Australia skill level 1,AUST,1,2026-07-01,77678.254
2,Australia skill level 2,AUST,2,2006-01-01,19979.263
2,Australia skill level 2,AUST,2,2006-02-01,20443.457
2,Australia skill level 2,AUST,2,2006-03-01,21077.421
2,Australia skill level 2,AUST,2,2006-04-01,21448.892
2,Australia skill level 2,AUST,2,2006-05-01,21310.397
2,Australia skill level 2,AUST,2,2006-06-01,24675.101
2,Australia skill level 2,AUST,2,2006-07-01,21472.55
2,Australia skill level 2,AUST,2,2006-08-01,22074.654
2,Australia skill level 2,AUST,2,2006-09-01,21772.286
2,Australia skill level 2,AUST,2,2006-10-01,23317.955
2,Australia skill level 2,AUST,2,2006-11-01,23799.334
2,Australia skill level 2,AUST,2,2006-12-01,23489.566
2,Australia skill level 2,AUST,2,2007-01-01,25548.805
2,Australia skill level 2,AUST,2,2007-02-01,26614.139
2,Australia skill level 2,AUST,2,2007-03-01,27628.866
2,Australia skill level 2,AUST,2,2007-04-01,28058.035
2,Australia skill level 2,AUST,2,2007-05-01,28182.896
2,Australia skill level 2,AUST,2,2007-06-01,28060.528
2,Australia skill level 2,AUST,2,2007-07-01,29287.521
2,Australia skill level 2,AUST,2,2007-08-01,29402.216
2,Australia skill level 2,AUST,2,2007-09-01,30065.472
2,Australia skill level 2,AUST,2,2007-10-01,29314.743
2,Australia skill level 2,AUST,2,2007-11-01,31608.605
2,Australia skill level 2,AUST,2,2007-12-01,33776.461
2,Australia skill level 2,AUST,2,2008-01-01,33510.173
2,Australia skill level 2,AUST,2,2008-02-01,34068.743
2,Australia skill level 2,AUST,2,2008-03-01,33813.869
2,Australia skill level 2,AUST,2,2008-04-01,34354.544
2,Australia skill level 2,AUST,2,2008-05-01,34404.145
2,Australia skill level 2,AUST,2,2008-06-01,34102.352
2,Australia skill level 2,AUST,2,2008-07-01,33231.363
2,Australia skill level 2,AUST,2,2008-08-01,31606.13
2,Australia skill level 2,AUST,2,2008-09-01,29907.413
2,Australia skill level 2,AUST,2,2008-10-01,28687.3
2,Australia skill level 2,AUST,2,2008-11-01,26436.036
2,Australia skill level 2,AUST,2,2008-12-01,23877.179
2,Australia skill level 2,AUST,2,2009-01-01,20748.476
2,Australia skill level 2,AUST,2,2009-02-01,18625.104
2,Australia skill level 2,AUST,2,2009-03-01,15999.81
2,Australia skill level 2,AUST,2,2009-04-01,16543.375
2,Australia skill level 2,AUST,2,2009-05-01,15579.423
2,Australia skill level 2,AUST,2,2009-06-01,16957.551
2,Australia skill level 2,AUST,2,2009-07-01,16600.777
2,Australia skill level 2,AUST,2,2009-08-01,17416.109
2,Australia skill level 2,AUST,2,2009-09-01,17613.712
2,Australia skill level 2,AUST,2,2009-10-01,17784.943
2,Australia skill level 2,AUST,2,2009-11-01,18115.472
2,Australia skill level 2,AUST,2,2009-12-01,18480.555
2,Australia skill level 2,AUST,2,2010-01-01,20515.124
2,Australia skill level 2,AUST,2,2010-02-01,20409.411
2,Australia skill level 2,AUST,2,2010-03-01,20402.66
2,Australia skill level 2,AUST,2,2010-04-01,19195.208
2,Australia skill level 2,AUST,2,2010-05-01,21093.873
2,Australia skill level 2,AUST,2,2010-06-01,20440.059
2,Australia skill level 2,AUST,2,2010-07-01,21195.857
2,Australia skill level 2,AUST,2,2010-08-01,21054.354
2,Australia skill level 2,AUST,2,2010-09-01,22390.154
2,Australia skill level 2,AUST,2,2010-10-01,22448.693
2,Australia skill level 2,AUST,2,2010-11-01,23036.305
2,Australia skill level 2,AUST,2,2010-12-01,24190.472
2,Australia skill level 2,AUST,2,2011-01-01,23810.169
2,Australia skill level 2,AUST,2,2011-02-01,23426.258
2,Australia skill level 2,AUST,2,2011-03-01,23681.585
2,Australia skill level 2,AUST,2,2011-04-01,23983.993
2,Australia skill level 2,AUST,2,2011-05-01,23299.511
2,Australia skill level 2,AUST,2,2011-06-01,22380.01
2,Australia skill level 2,AUST,2,2011-07-01,23232.828
2,Australia skill level 2,AUST,2,2011-08-01,22978.406
2,Australia skill level 2,AUST,2,2011-09-01,21586.261
2,Australia skill level 2,AUST,2,2011-10-01,21841.52
2,Australia skill level 2,AUST,2,2011-11-01,21478.411
2,Australia skill level 2,AUST,2,2011-12-01,21969.867
2,Australia skill level 2,AUST,2,2012-01-01,20741.593
2,Australia skill level 2,AUST,2,2012-02-01,21264.301
2,Australia skill level 2,AUST,2,2012-03-01,21028.886
2,Australia skill level 2,AUST,2,2012-04-01,20587.419
2,Australia skill level 2,AUST,2,2012-05-01,19713.979
2,Australia skill level 2,AUST,2,2012-06-01,19082.822
2,Australia skill level 2,AUST,2,2012-07-01,18026.58
2,Australia skill level 2,AUST,2,2012-08-01,17698.371
2,Australia skill level 2,AUST,2,2012-09-01,18284.021
2,Australia skill level 2,AUST,2,2012-10-01,17192.53
2,Australia skill level 2,AUST,2,2012-11-01,17111.495
2,Australia skill level 2,AUST,2,2012-12-01,16237.06
2,Australia skill level 2,AUST,2,2013-01-01,16119.128
2,Australia skill level 2,AUST,2,2013-02-01,15705.493
2,Australia skill level 2,AUST,2,2013-03-01,16487.062
2,Australia skill level 2,AUST,2,2013-04-01,15231.138
2,Australia skill level 2,AUST,2,2013-05-01,15672.418
2,Australia skill level 2,AUST,2,2013-06-01,15583.279
2,Australia skill level 2,AUST,2,2013-07-01,15915.636
2,Australia skill level 2,AUST,2,2013-08-01,15860.902
2,Australia skill level 2,AUST,2,2013-09-01,15773.368
2,Australia skill level 2,AUST,2,2013-10-01,15884.371
2,Australia skill level 2,AUST,2,2013-11-01,15948.276
2,Australia skill level 2,AUST,2,2013-12-01,16044.72
2,Australia skill level 2,AUST,2,2014-01-01,17112.34
2,Australia skill level 2,AUST,2,2014-02-01,17156.11
2,Australia skill level 2,AUST,2,2014-03-01,16986.227
2,Australia skill level 2,AUST,2,2014-04-01,16899.328
2,Australia skill level 2,AUST,2,2014-05-01,17326.181
2,Australia skill level 2,AUST,2,2014-06-01,18051.886
2,Australia skill level 2,AUST,2,2014-07-01,17647.083
2,Australia skill level 2,AUST,2,2014-08-01,18278.078
2,Australia skill level 2,AUST,2,2014-09-01,18223.042
2,Australia skill level 2,AUST,2,2014-10-01,18484.895
2,Australia skill level 2,AUST,2,2014-11-01,17969.414
2,Australia skill level 2,AUST,2,2014-12-01,17986.071
2,Australia skill level 2,AUST,2,2015-01-01,18778.623
2,Australia skill level 2,AUST,2,2015-02-01,18315.487
2,Australia skill level 2,AUST,2,2015-03-01,18646.189
2,Australia skill level 2,AUST,2,2015-04-01,19462.584
2,Australia skill level 2,AUST,2,2015-05-01,18548.929
2,Australia skill level 2,AUST,2,2015-06-01,18703.384
2,Australia skill level 2,AUST,2,2015-07-01,19264.077
2,Australia skill level 2,AUST,2,2015-08-01,19390.883
2,Australia skill level 2,AUST,2,2015-09-01,20300.385
2,Australia skill level 2,AUST,2,2015-10-01,19603.303
2,Australia skill level 2,AUST,2,2015-11-01,20336.91
2,Australia skill level 2,AUST,2,2015-12-01,20071.649
2,Australia skill level 2,AUST,2,2016-01-01,19750.363
2,Australia skill level 2,AUST,2,2016-02-01,20156.28
2,Australia skill level 2,AUST,2,2016-03-01,20269.829
2,Australia skill level 2,AUST,2,2016-04-01,20733.666
2,Australia skill level 2,AUST,2,2016-05-01,20796.297
2,Australia skill level 2,AUST,2,2016-06-01,21200.952
2,Australia skill level 2,AUST,2,2016-07-01,20259.311
2,Australia skill level 2,AUST,2,2016-08-01,20392.431
2,Australia skill level 2,AUST,2,2016-09-01,19941.856
2,Australia skill level 2,AUST,2,2016-10-01,19919.53
2,Australia skill level 2,AUST,2,2016-11-01,19544.573
2,Australia skill level 2,AUST,2,2016-12-01,19630.067
2,Australia skill level 2,AUST,2,2017-01-01,19232.585
2,Australia skill level 2,AUST,2,2017-02-01,19598.181
2,Australia skill level 2,AUST,2,2017-03-01,19905.539
2,Australia skill level 2,AUST,2,2017-04-01,20416.878
2,Australia skill level 2,AUST,2,2017-05-01,20664.31
2,Australia skill level 2,AUST,2,2017-06-01,20744.488
2,Australia skill level 2,AUST,2,2017-07-01,21053.14
2,Australia skill level 2,AUST,2,2017-08-01,20826.964
2,Australia skill level 2,AUST,2,2017-09-01,20735.516
2,Australia skill level 2,AUST,2,2017-10-01,20785.741
2,Australia skill level 2,AUST,2,2017-11-01,21095.197
2,Australia skill level 2,AUST,2,2017-12-01,20574.17
2,Australia skill level 2,AUST,2,2018-01-01,21191.675
2,Australia skill level 2,AUST,2,2018-02-01,21472.472
2,Australia skill level 2,AUST,2,2018-03-01,22190.919
2,Australia skill level 2,AUST,2,2018-04-01,21950.356
2,Australia skill level 2,AUST,2,2018-05-01,21923.552
2,Australia skill level 2,AUST,2,2018-06-01,21425.642
2,Australia skill level 2,AUST,2,2018-07-01,21867.912
2,Australia skill level 2,AUST,2,2018-08-01,21575.646
2,Australia skill level 2,AUST,2,2018-09-01,20985.837
2,Australia skill level 2,AUST,2,2018-10-01,20800.944
2,Australia skill level 2,AUST,2,2018-11-01,20461.785
2,Australia skill level 2,AUST,2,2018-12-01,20756.263
2,Australia skill level 2,AUST,2,2019-01-01,21576.635
2,Australia skill level 2,AUST,2,2019-02-01,20887.912
2,Australia skill level 2,AUST,2,2019-03-01,19640.926
2,Australia skill level 2,AUST,2,2019-04-01,20061.918
2,Australia skill level 2,AUST,2,2019-05-01,20040.1
2,Australia skill level 2,AUST,2,2019-06-01,19833.35
2,Australia skill level 2,AUST,2,2019-07-01,19603.344
2,Australia skill level 2,AUST,2,2019-08-01,19366.348
2,Australia skill level 2,AUST,2,2019-09-01,19534.374
2,Australia skill level 2,AUST,2,2019-10-01,18620.111
2,Australia skill level 2,AUST,2,2019-11-01,17466.018
2,Australia skill level 2,AUST,2,2019-12-01,18298.047
2,Australia skill level 2,AUST,2,2020-01-01,18630.945
2,Australia skill level 2,AUST,2,2020-02-01,18185.341
2,Australia skill level 2,AUST,2,2020-03-01,12473.209
2,Australia skill level 2,AUST,2,2020-04-01,5615.564
2,Australia skill level 2,AUST,2,2020-05-01,8377.592
2,Australia skill level 2,AUST,2,2020-06-01,12071.341
2,Australia skill level 2,AUST,2,2020-07-01,13127.575
2,Australia skill level 2,AUST,2,2020-08-01,13233.373
2,Australia skill level 2,AUST,2,2020-09-01,15069.849
2,Australia skill level 2,AUST,2,2020-10-01,16267.54
2,Australia skill level 2,AUST,2,2020-11-01,18251.119
2,Australia skill level 2,AUST,2,2020-12-01,19307.584
2,Australia skill level 2,AUST,2,2021-01-01,19620.82
2,Australia skill level 2,AUST,2,2021-02-01,21250.827
2,Australia skill level 2,AUST,2,2021-03-01,23911.066
2,Australia skill level 2,AUST,2,2021-04-01,24131.368
2,Australia skill level 2,AUST,2,2021-05-01,25094.651
2,Australia skill level 2,AUST,2,2021-06-01,24822.102
2,Australia skill level 2,AUST,2,2021-07-01,24167.106
2,Australia skill level 2,AUST,2,2021-08-01,21356.64
2,Australia skill level 2,AUST,2,2021-09-01,24476.001
2,Australia skill level 2,AUST,2,2021-10-01,26164.721
2,Australia skill level 2,AUST,2,2021-11-01,27234.471
2,Australia skill level 2,AUST,2,2021-12-01,26422.932
2,Australia skill level 2,AUST,2,2022-01-01,27482.74
2,Australia skill level 2,AUST,2,2022-02-01,28492.944
2,Australia skill level 2,AUST,2,2022-03-01,29773.8
2,Australia skill level 2,AUST,2,2022-04-01,30301.157
2,Australia skill level 2,AUST,2,2022-05-01,31131.706
2,Australia skill level 2,AUST,2,2022-06-01,32385.766
2,Australia skill level 2,AUST,2,2022-07-01,30806.279
2,Australia skill level 2,AUST,2,2022-08-01,31473.329
2,Australia skill level 2,AUST,2,2022-09-01,29780.771
2,Australia skill level 2,AUST,2,2022-10-01,30043.326
2,Australia skill level 2,AUST,2,2022-11-01,29565.059
2,Australia skill level 2,AUST,2,2022-12-01,29223.347
2,Australia skill level 2,AUST,2,2023-01-01,30319.32
2,Australia skill level 2,AUST,2,2023-02-01,30691.285
2,Australia skill level 2,AUST,2,2023-03-01,30083.521
2,Australia skill level 2,AUST,2,2023-04-01,31208.328
2,Australia skill level 2,AUST,2,2023-05-01,30703.2
2,Australia skill level 2,AUST,2,2023-06-01,29963.141
2,Australia skill level 2,AUST,2,2023-07-01,30257.908
2,Australia skill level 2,AUST,2,2023-08-01,29929.798
2,Australia skill level 2,AUST,2,2023-09-01,29008.974
2,Australia skill level 2,AUST,2,2023-10-01,28241.141
2,Australia skill level 2,AUST,2,2023-11-01,28377.923
2,Australia skill level 2,AUST,2,2023-12-01,28493.132
2,Australia skill level 2,AUST,2,2024-01-01,27383.4
2,Australia skill level 2,AUST,2,2024-02-01,27703.591
2,Australia skill level 2,AUST,2,2024-03-01,27850.701
2,Australia skill level 2,AUST,2,2024-04-01,26726.525
2,Australia skill level 2,AUST,2,2024-05-01,27230.394
2,Australia skill level 2,AUST,2,2024-06-01,25673.298
2,Australia skill level 2,AUST,2,2024-07-01,24355.874
2,Australia skill level 2,AUST,2,2024-08-01,25877.987
2,Australia skill level 2,AUST,2,2024-09-01,26425.05
2,Australia skill level 2,AUST,2,2024-10-01,26096.195
2,Australia skill level 2,AUST,2,2024-11-01,24476.863
2,Australia skill level 2,AUST,2,2024-12-01,23771.503
2,Australia skill level 2,AUST,2,2025-01-01,26069.056
2,Australia skill level 2,AUST,2,2025-02-01,24168.984
2,Australia skill level 2,AUST,2,2025-03-01,23696.06
2,Australia skill level 2,AUST,2,2025-04-01,24645.217
2,Australia skill level 2,AUST,2,2025-05-01,24233.698
2,Australia skill level 2,AUST,2,2025-06-01,24635.633
2,Australia skill level 2,AUST,2,2025-07-01,24270.755
2,Australia skill level 2,AUST,2,2025-08-01,23572.783
2,Australia skill level 2,AUST,2,2025-09-01,23661.471
2,Australia skill level 2,AUST,2,2025-10-01,23511.488
2,Australia skill level 2,AUST,2,2025-11-01,23425.145
2,Australia skill level 2,AUST,2,2025-12-01,23776.284
2,Australia skill level 2,AUST,2,2026-01-01,24604.034
2,Australia skill level 2,AUST,2,2026-02-01,23735.432
2,Australia skill level 2,AUST,2,2026-03-01,23897.186
2,Australia skill level 2,AUST,2,2026-04-01,23643.675
2,Australia skill level 2,AUST,2,2026-05-01,23050.097
2,Australia skill level 2,AUST,2,2026-06-01,23346.157
2,Australia skill level 2,AUST,2,2026-07-01,24251.016
2,Australia skill level 3,AUST,3,2006-01-01,26499.163
2,Australia skill level 3,AUST,3,2006-02-01,27538.654
2,Australia skill level 3,AUST,3,2006-03-01,27606.493
2,Australia skill level 3,AUST,3,2006-04-01,26976.005
2,Australia skill level 3,AUST,3,2006-05-01,26876.458
2,Australia skill level 3,AUST,3,2006-06-01,27538.258
2,Australia skill level 3,AUST,3,2006-07-01,25489.468
2,Australia skill level 3,AUST,3,2006-08-01,27208.81
2,Australia skill level 3,AUST,3,2006-09-01,26399.351
2,Australia skill level 3,AUST,3,2006-10-01,27886.723
2,Australia skill level 3,AUST,3,2006-11-01,27759.7
2,Australia skill level 3,AUST,3,2006-12-01,27676.119
2,Australia skill level 3,AUST,3,2007-01-01,29352.183
2,Australia skill level 3,AUST,3,2007-02-01,29473.804
2,Australia skill level 3,AUST,3,2007-03-01,31075.643
2,Australia skill level 3,AUST,3,2007-04-01,31390.22
2,Australia skill level 3,AUST,3,2007-05-01,31991.105
2,Australia skill level 3,AUST,3,2007-06-01,30542.333
2,Australia skill level 3,AUST,3,2007-07-01,33390.906
2,Australia skill level 3,AUST,3,2007-08-01,33163.754
2,Australia skill level 3,AUST,3,2007-09-01,33976.844
2,Australia skill level 3,AUST,3,2007-10-01,33094.336
2,Australia skill level 3,AUST,3,2007-11-01,34692.038
2,Australia skill level 3,AUST,3,2007-12-01,35423.922
2,Australia skill level 3,AUST,3,2008-01-01,34768.988
2,Australia skill level 3,AUST,3,2008-02-01,34687.754
2,Australia skill level 3,AUST,3,2008-03-01,34121.281
2,Australia skill level 3,AUST,3,2008-04-01,35404.257
2,Australia skill level 3,AUST,3,2008-05-01,34561.935
2,Australia skill level 3,AUST,3,2008-06-01,34076.942
2,Australia skill level 3,AUST,3,2008-07-01,32832.356
2,Australia skill level 3,AUST,3,2008-08-01,30858.637
2,Australia skill level 3,AUST,3,2008-09-01,30046.261
2,Australia skill level 3,AUST,3,2008-10-01,28528.805
2,Australia skill level 3,AUST,3,2008-11-01,26737.269
2,Australia skill level 3,AUST,3,2008-12-01,24756.105
2,Australia skill level 3,AUST,3,2009-01-01,22824.956
2,Australia skill level 3,AUST,3,2009-02-01,21450.105
2,Australia skill level 3,AUST,3,2009-03-01,19343.524
2,Australia skill level 3,AUST,3,2009-04-01,19812.07
2,Australia skill level 3,AUST,3,2009-05-01,19326.94
2,Australia skill level 3,AUST,3,2009-06-01,22748.746
2,Australia skill level 3,AUST,3,2009-07-01,19827.377
2,Australia skill level 3,AUST,3,2009-08-01,20541.209
2,Australia skill level 3,AUST,3,2009-09-01,20527.388
2,Australia skill level 3,AUST,3,2009-10-01,21413.696
2,Australia skill level 3,AUST,3,2009-11-01,21952.14
2,Australia skill level 3,AUST,3,2009-12-01,22889.077
2,Australia skill level 3,AUST,3,2010-01-01,23822.232
2,Australia skill level 3,AUST,3,2010-02-01,25135.985
2,Australia skill level 3,AUST,3,2010-03-01,23828.109
2,Australia skill level 3,AUST,3,2010-04-01,22545.617
2,Australia skill level 3,AUST,3,2010-05-01,24593.602
2,Australia skill level 3,AUST,3,2010-06-01,24675.5
2,Australia skill level 3,AUST,3,2010-07-01,25465.301
2,Australia skill level 3,AUST,3,2010-08-01,25658.813
2,Australia skill level 3,AUST,3,2010-09-01,27079.993
2,Australia skill level 3,AUST,3,2010-10-01,27062.592
2,Australia skill level 3,AUST,3,2010-11-01,27057.874
2,Australia skill level 3,AUST,3,2010-12-01,26547.877
2,Australia skill level 3,AUST,3,2011-01-01,27311.041
2,Australia skill level 3,AUST,3,2011-02-01,27988.436
2,Australia skill level 3,AUST,3,2011-03-01,27699.753
2,Australia skill level 3,AUST,3,2011-04-01,27070.857
2,Australia skill level 3,AUST,3,2011-05-01,27252.419
2,Australia skill level 3,AUST,3,2011-06-01,26418.116
2,Australia skill level 3,AUST,3,2011-07-01,27940.168
2,Australia skill level 3,AUST,3,2011-08-01,27089.926
2,Australia skill level 3,AUST,3,2011-09-01,26042.679
2,Australia skill level 3,AUST,3,2011-10-01,26095.338
2,Australia skill level 3,AUST,3,2011-11-01,26285.25
2,Australia skill level 3,AUST,3,2011-12-01,26166.3
2,Australia skill level 3,AUST,3,2012-01-01,24209.386
2,Australia skill level 3,AUST,3,2012-02-01,25674.874
2,Australia skill level 3,AUST,3,2012-03-01,25450.981
2,Australia skill level 3,AUST,3,2012-04-01,25623.685
2,Australia skill level 3,AUST,3,2012-05-01,24694.252
2,Australia skill level 3,AUST,3,2012-06-01,23731.579
2,Australia skill level 3,AUST,3,2012-07-01,22519.649
2,Australia skill level 3,AUST,3,2012-08-01,22713.002
2,Australia skill level 3,AUST,3,2012-09-01,23173.834
2,Australia skill level 3,AUST,3,2012-10-01,21551.343
2,Australia skill level 3,AUST,3,2012-11-01,20826.223
2,Australia skill level 3,AUST,3,2012-12-01,20859.267
2,Australia skill level 3,AUST,3,2013-01-01,19839.2
2,Australia skill level 3,AUST,3,2013-02-01,19418.34
2,Australia skill level 3,AUST,3,2013-03-01,20717.32
2,Australia skill level 3,AUST,3,2013-04-01,19226.362
2,Australia skill level 3,AUST,3,2013-05-01,19559.56
2,Australia skill level 3,AUST,3,2013-06-01,19215.836
2,Australia skill level 3,AUST,3,2013-07-01,19129.783
2,Australia skill level 3,AUST,3,2013-08-01,18977.65
2,Australia skill level 3,AUST,3,2013-09-01,19101.439
2,Australia skill level 3,AUST,3,2013-10-01,19451.777
2,Australia skill level 3,AUST,3,2013-11-01,19953.428
2,Australia skill level 3,AUST,3,2013-12-01,20401.182
2,Australia skill level 3,AUST,3,2014-01-01,21073.939
2,Australia skill level 3,AUST,3,2014-02-01,21542.661
2,Australia skill level 3,AUST,3,2014-03-01,20954.84
2,Australia skill level 3,AUST,3,2014-04-01,20898.171
2,Australia skill level 3,AUST,3,2014-05-01,21753.266
2,Australia skill level 3,AUST,3,2014-06-01,22219.322
2,Australia skill level 3,AUST,3,2014-07-01,21779.014
2,Australia skill level 3,AUST,3,2014-08-01,22705.358
2,Australia skill level 3,AUST,3,2014-09-01,22293.21
2,Australia skill level 3,AUST,3,2014-10-01,22252.199
2,Australia skill level 3,AUST,3,2014-11-01,21407.335
2,Australia skill level 3,AUST,3,2014-12-01,20902.368
2,Australia skill level 3,AUST,3,2015-01-01,21522.945
2,Australia skill level 3,AUST,3,2015-02-01,21309.812
2,Australia skill level 3,AUST,3,2015-03-01,21741.588
2,Australia skill level 3,AUST,3,2015-04-01,21391.107
2,Australia skill level 3,AUST,3,2015-05-01,20752.92
2,Australia skill level 3,AUST,3,2015-06-01,20295.248
2,Australia skill level 3,AUST,3,2015-07-01,21593.2
2,Australia skill level 3,AUST,3,2015-08-01,21194.179
2,Australia skill level 3,AUST,3,2015-09-01,22566.369
2,Australia skill level 3,AUST,3,2015-10-01,22353.574
2,Australia skill level 3,AUST,3,2015-11-01,22699.278
2,Australia skill level 3,AUST,3,2015-12-01,22846.822
2,Australia skill level 3,AUST,3,2016-01-01,22969.056
2,Australia skill level 3,AUST,3,2016-02-01,22552.937
2,Australia skill level 3,AUST,3,2016-03-01,22866.2
2,Australia skill level 3,AUST,3,2016-04-01,23283.99
2,Australia skill level 3,AUST,3,2016-05-01,23330.473
2,Australia skill level 3,AUST,3,2016-06-01,23915.206
2,Australia skill level 3,AUST,3,2016-07-01,23495.635
2,Australia skill level 3,AUST,3,2016-08-01,23352.387
2,Australia skill level 3,AUST,3,2016-09-01,22561.314
2,Australia skill level 3,AUST,3,2016-10-01,22773.334
2,Australia skill level 3,AUST,3,2016-11-01,22899.984
2,Australia skill level 3,AUST,3,2016-12-01,22903.609
2,Australia skill level 3,AUST,3,2017-01-01,22574.254
2,Australia skill level 3,AUST,3,2017-02-01,23880.073
2,Australia skill level 3,AUST,3,2017-03-01,23898.574
2,Australia skill level 3,AUST,3,2017-04-01,24767.188
2,Australia skill level 3,AUST,3,2017-05-01,25187.662
2,Australia skill level 3,AUST,3,2017-06-01,25657.923
2,Australia skill level 3,AUST,3,2017-07-01,25626.523
2,Australia skill level 3,AUST,3,2017-08-01,25439.937
2,Australia skill level 3,AUST,3,2017-09-01,25895.005
2,Australia skill level 3,AUST,3,2017-10-01,25666.111
2,Australia skill level 3,AUST,3,2017-11-01,26286.2
2,Australia skill level 3,AUST,3,2017-12-01,25862.506
2,Australia skill level 3,AUST,3,2018-01-01,26063.409
2,Australia skill level 3,AUST,3,2018-02-01,26314.393
2,Australia skill level 3,AUST,3,2018-03-01,27763.595
2,Australia skill level 3,AUST,3,2018-04-01,27633.263
2,Australia skill level 3,AUST,3,2018-05-01,27195.606
2,Australia skill level 3,AUST,3,2018-06-01,26110.91
2,Australia skill level 3,AUST,3,2018-07-01,26513.47
2,Australia skill level 3,AUST,3,2018-08-01,27146.977
2,Australia skill level 3,AUST,3,2018-09-01,26117.769
2,Australia skill level 3,AUST,3,2018-10-01,26024.935
2,Australia skill level 3,AUST,3,2018-11-01,25551.102
2,Australia skill level 3,AUST,3,2018-12-01,25515.757
2,Australia skill level 3,AUST,3,2019-01-01,26218.211
2,Australia skill level 3,AUST,3,2019-02-01,25828.015
2,Australia skill level 3,AUST,3,2019-03-01,24956.298
2,Australia skill level 3,AUST,3,2019-04-01,24680.294
2,Australia skill level 3,AUST,3,2019-05-01,25215.135
2,Australia skill level 3,AUST,3,2019-06-01,24289.062
2,Australia skill level 3,AUST,3,2019-07-01,24714.714
2,Australia skill level 3,AUST,3,2019-08-01,23990.888
2,Australia skill level 3,AUST,3,2019-09-01,24302.631
2,Australia skill level 3,AUST,3,2019-10-01,23008.943
2,Australia skill level 3,AUST,3,2019-11-01,21980.099
2,Australia skill level 3,AUST,3,2019-12-01,23001.151
2,Australia skill level 3,AUST,3,2020-01-01,23445.984
2,Australia skill level 3,AUST,3,2020-02-01,22406.707
2,Australia skill level 3,AUST,3,2020-03-01,15846.772
2,Australia skill level 3,AUST,3,2020-04-01,8991.008
2,Australia skill level 3,AUST,3,2020-05-01,12926.749
2,Australia skill level 3,AUST,3,2020-06-01,18292.31
2,Australia skill level 3,AUST,3,2020-07-01,20346.879
2,Australia skill level 3,AUST,3,2020-08-01,20222.59
2,Australia skill level 3,AUST,3,2020-09-01,22459.757
2,Australia skill level 3,AUST,3,2020-10-01,24461.773
2,Australia skill level 3,AUST,3,2020-11-01,26521.783
2,Australia skill level 3,AUST,3,2020-12-01,27002.872
2,Australia skill level 3,AUST,3,2021-01-01,28896.547
2,Australia skill level 3,AUST,3,2021-02-01,30031.062
2,Australia skill level 3,AUST,3,2021-03-01,33517.572
2,Australia skill level 3,AUST,3,2021-04-01,33632.135
2,Australia skill level 3,AUST,3,2021-05-01,33738.548
2,Australia skill level 3,AUST,3,2021-06-01,33067.92
2,Australia skill level 3,AUST,3,2021-07-01,32116.151
2,Australia skill level 3,AUST,3,2021-08-01,29078.787
2,Australia skill level 3,AUST,3,2021-09-01,32860.183
2,Australia skill level 3,AUST,3,2021-10-01,35954.741
2,Australia skill level 3,AUST,3,2021-11-01,37172.014
2,Australia skill level 3,AUST,3,2021-12-01,37219.585
2,Australia skill level 3,AUST,3,2022-01-01,39048.497
2,Australia skill level 3,AUST,3,2022-02-01,41197.851
2,Australia skill level 3,AUST,3,2022-03-01,42123.311
2,Australia skill level 3,AUST,3,2022-04-01,41528.255
2,Australia skill level 3,AUST,3,2022-05-01,42142.288
2,Australia skill level 3,AUST,3,2022-06-01,43715.328
2,Australia skill level 3,AUST,3,2022-07-01,41788.593
2,Australia skill level 3,AUST,3,2022-08-01,42537.578
2,Australia skill level 3,AUST,3,2022-09-01,41015.76
2,Australia skill level 3,AUST,3,2022-10-01,40305.189
2,Australia skill level 3,AUST,3,2022-11-01,39519.18
2,Australia skill level 3,AUST,3,2022-12-01,40304.493
2,Australia skill level 3,AUST,3,2023-01-01,40594.138
2,Australia skill level 3,AUST,3,2023-02-01,41724.671
2,Australia skill level 3,AUST,3,2023-03-01,41675.613
2,Australia skill level 3,AUST,3,2023-04-01,42909.071
2,Australia skill level 3,AUST,3,2023-05-01,42245.787
2,Australia skill level 3,AUST,3,2023-06-01,40739.02
2,Australia skill level 3,AUST,3,2023-07-01,42332.424
2,Australia skill level 3,AUST,3,2023-08-01,41048.28
2,Australia skill level 3,AUST,3,2023-09-01,40650.2
2,Australia skill level 3,AUST,3,2023-10-01,38953.532
2,Australia skill level 3,AUST,3,2023-11-01,39726.468
2,Australia skill level 3,AUST,3,2023-12-01,39870.107
2,Australia skill level 3,AUST,3,2024-01-01,37794.324
2,Australia skill level 3,AUST,3,2024-02-01,37981.955
2,Australia skill level 3,AUST,3,2024-03-01,37510.378
2,Australia skill level 3,AUST,3,2024-04-01,35982.773
2,Australia skill level 3,AUST,3,2024-05-01,37444.01
2,Australia skill level 3,AUST,3,2024-06-01,35865.492
2,Australia skill level 3,AUST,3,2024-07-01,34846.162
2,Australia skill level 3,AUST,3,2024-08-01,35987.786
2,Australia skill level 3,AUST,3,2024-09-01,37450.123
2,Australia skill level 3,AUST,3,2024-10-01,35131.556
2,Australia skill level 3,AUST,3,2024-11-01,34173.069
2,Australia skill level 3,AUST,3,2024-12-01,33642.282
2,Australia skill level 3,AUST,3,2025-01-01,34581.161
2,Australia skill level 3,AUST,3,2025-02-01,32926.482
2,Australia skill level 3,AUST,3,2025-03-01,32631.264
2,Australia skill level 3,AUST,3,2025-04-01,34005.47
2,Australia skill level 3,AUST,3,2025-05-01,33281.483
2,Australia skill level 3,AUST,3,2025-06-01,33775.077
2,Australia skill level 3,AUST,3,2025-07-01,33392.352
2,Australia skill level 3,AUST,3,2025-08-01,31967.503
2,Australia skill level 3,AUST,3,2025-09-01,32273.155
2,Australia skill level 3,AUST,3,2025-10-01,32683.591
2,Australia skill level 3,AUST,3,2025-11-01,32019.789
2,Australia skill level 3,AUST,3,2025-12-01,32529.3
2,Australia skill level 3,AUST,3,2026-01-01,33229.191
2,Australia skill level 3,AUST,3,2026-02-01,32088.633
2,Australia skill level 3,AUST,3,2026-03-01,32776.894
2,Australia skill level 3,AUST,3,2026-04-01,32576.239
2,Australia skill level 3,AUST,3,2026-05-01,31297.002
2,Australia skill level 3,AUST,3,2026-06-01,30925.494
2,Australia skill level 3,AUST,3,2026-07-01,32812.548
2,Australia skill level 4,AUST,4,2006-01-01,56912.417
2,Australia skill level 4,AUST,4,2006-02-01,57420.836
2,Australia skill level 4,AUST,4,2006-03-01,58110.431
2,Australia skill level 4,AUST,4,2006-04-01,58096.497
2,Australia skill level 4,AUST,4,2006-05-01,56964.066
2,Australia skill level 4,AUST,4,2006-06-01,60092.23
2,Australia skill level 4,AUST,4,2006-07-01,57521.871
2,Australia skill level 4,AUST,4,2006-08-01,59289.908
2,Australia skill level 4,AUST,4,2006-09-01,57606.266
2,Australia skill level 4,AUST,4,2006-10-01,63075.986
2,Australia skill level 4,AUST,4,2006-11-01,62308.492
2,Australia skill level 4,AUST,4,2006-12-01,61864.94
2,Australia skill level 4,AUST,4,2007-01-01,64469.887
2,Australia skill level 4,AUST,4,2007-02-01,66518.734
2,Australia skill level 4,AUST,4,2007-03-01,69440.587
2,Australia skill level 4,AUST,4,2007-04-01,69221.248
2,Australia skill level 4,AUST,4,2007-05-01,71806.116
2,Australia skill level 4,AUST,4,2007-06-01,70346.067
2,Australia skill level 4,AUST,4,2007-07-01,74379.852
2,Australia skill level 4,AUST,4,2007-08-01,74461.282
2,Australia skill level 4,AUST,4,2007-09-01,75893.945
2,Australia skill level 4,AUST,4,2007-10-01,76250.139
2,Australia skill level 4,AUST,4,2007-11-01,77537.848
2,Australia skill level 4,AUST,4,2007-12-01,78822.544
2,Australia skill level 4,AUST,4,2008-01-01,78359.736
2,Australia skill level 4,AUST,4,2008-02-01,78035.329
2,Australia skill level 4,AUST,4,2008-03-01,77056.546
2,Australia skill level 4,AUST,4,2008-04-01,78240.323
2,Australia skill level 4,AUST,4,2008-05-01,75113.585
2,Australia skill level 4,AUST,4,2008-06-01,74242.265
2,Australia skill level 4,AUST,4,2008-07-01,70161.508
2,Australia skill level 4,AUST,4,2008-08-01,66065.404
2,Australia skill level 4,AUST,4,2008-09-01,62953.898
2,Australia skill level 4,AUST,4,2008-10-01,59108.474
2,Australia skill level 4,AUST,4,2008-11-01,54311.115
2,Australia skill level 4,AUST,4,2008-12-01,49917.811
2,Australia skill level 4,AUST,4,2009-01-01,46479.201
2,Australia skill level 4,AUST,4,2009-02-01,43192.688
2,Australia skill level 4,AUST,4,2009-03-01,38229.119
2,Australia skill level 4,AUST,4,2009-04-01,39264.299
2,Australia skill level 4,AUST,4,2009-05-01,37294.102
2,Australia skill level 4,AUST,4,2009-06-01,41928.556
2,Australia skill level 4,AUST,4,2009-07-01,37576.281
2,Australia skill level 4,AUST,4,2009-08-01,40347.66
2,Australia skill level 4,AUST,4,2009-09-01,40420.145
2,Australia skill level 4,AUST,4,2009-10-01,40638.829
2,Australia skill level 4,AUST,4,2009-11-01,41894.351
2,Australia skill level 4,AUST,4,2009-12-01,42749.396
2,Australia skill level 4,AUST,4,2010-01-01,44748.74
2,Australia skill level 4,AUST,4,2010-02-01,46212.167
2,Australia skill level 4,AUST,4,2010-03-01,42325.577
2,Australia skill level 4,AUST,4,2010-04-01,40860.077
2,Australia skill level 4,AUST,4,2010-05-01,44279.957
2,Australia skill level 4,AUST,4,2010-06-01,44398.696
2,Australia skill level 4,AUST,4,2010-07-01,45582.849
2,Australia skill level 4,AUST,4,2010-08-01,46598.846
2,Australia skill level 4,AUST,4,2010-09-01,48950.918
2,Australia skill level 4,AUST,4,2010-10-01,50662.061
2,Australia skill level 4,AUST,4,2010-11-01,51042.108
2,Australia skill level 4,AUST,4,2010-12-01,52379.407
2,Australia skill level 4,AUST,4,2011-01-01,52189.937
2,Australia skill level 4,AUST,4,2011-02-01,52543.39
2,Australia skill level 4,AUST,4,2011-03-01,53012.506
2,Australia skill level 4,AUST,4,2011-04-01,52371.752
2,Australia skill level 4,AUST,4,2011-05-01,51780.171
2,Australia skill level 4,AUST,4,2011-06-01,50403.156
2,Australia skill level 4,AUST,4,2011-07-01,51893.883
2,Australia skill level 4,AUST,4,2011-08-01,50506.438
2,Australia skill level 4,AUST,4,2011-09-01,48954.367
2,Australia skill level 4,AUST,4,2011-10-01,48488.812
2,Australia skill level 4,AUST,4,2011-11-01,48670.354
2,Australia skill level 4,AUST,4,2011-12-01,48865.929
2,Australia skill level 4,AUST,4,2012-01-01,47397.458
2,Australia skill level 4,AUST,4,2012-02-01,48379.912
2,Australia skill level 4,AUST,4,2012-03-01,47624.088
2,Australia skill level 4,AUST,4,2012-04-01,46753.924
2,Australia skill level 4,AUST,4,2012-05-01,45243.226
2,Australia skill level 4,AUST,4,2012-06-01,44008.561
2,Australia skill level 4,AUST,4,2012-07-01,42110.018
2,Australia skill level 4,AUST,4,2012-08-01,42145.207
2,Australia skill level 4,AUST,4,2012-09-01,41748.342
2,Australia skill level 4,AUST,4,2012-10-01,39325.532
2,Australia skill level 4,AUST,4,2012-11-01,37992.875
2,Australia skill level 4,AUST,4,2012-12-01,37321.708
2,Australia skill level 4,AUST,4,2013-01-01,37372.935
2,Australia skill level 4,AUST,4,2013-02-01,36267.981
2,Australia skill level 4,AUST,4,2013-03-01,37367.186
2,Australia skill level 4,AUST,4,2013-04-01,34828.66
2,Australia skill level 4,AUST,4,2013-05-01,35723.81
2,Australia skill level 4,AUST,4,2013-06-01,35295.44
2,Australia skill level 4,AUST,4,2013-07-01,35622.197
2,Australia skill level 4,AUST,4,2013-08-01,35120.965
2,Australia skill level 4,AUST,4,2013-09-01,35145.36
2,Australia skill level 4,AUST,4,2013-10-01,35421.246
2,Australia skill level 4,AUST,4,2013-11-01,35356.357
2,Australia skill level 4,AUST,4,2013-12-01,35338.108
2,Australia skill level 4,AUST,4,2014-01-01,37933.145
2,Australia skill level 4,AUST,4,2014-02-01,36338.238
2,Australia skill level 4,AUST,4,2014-03-01,36566.216
2,Australia skill level 4,AUST,4,2014-04-01,35927.893
2,Australia skill level 4,AUST,4,2014-05-01,37684.137
2,Australia skill level 4,AUST,4,2014-06-01,38650.005
2,Australia skill level 4,AUST,4,2014-07-01,37261.08
2,Australia skill level 4,AUST,4,2014-08-01,39152.867
2,Australia skill level 4,AUST,4,2014-09-01,38521.374
2,Australia skill level 4,AUST,4,2014-10-01,39491.185
2,Australia skill level 4,AUST,4,2014-11-01,38711.771
2,Australia skill level 4,AUST,4,2014-12-01,38419.255
2,Australia skill level 4,AUST,4,2015-01-01,39527.691
2,Australia skill level 4,AUST,4,2015-02-01,39194.671
2,Australia skill level 4,AUST,4,2015-03-01,40094.951
2,Australia skill level 4,AUST,4,2015-04-01,39253.495
2,Australia skill level 4,AUST,4,2015-05-01,37825.881
2,Australia skill level 4,AUST,4,2015-06-01,37782.472
2,Australia skill level 4,AUST,4,2015-07-01,38729.786
2,Australia skill level 4,AUST,4,2015-08-01,38242.682
2,Australia skill level 4,AUST,4,2015-09-01,39631.371
2,Australia skill level 4,AUST,4,2015-10-01,39485.305
2,Australia skill level 4,AUST,4,2015-11-01,40430.494
2,Australia skill level 4,AUST,4,2015-12-01,40099.029
2,Australia skill level 4,AUST,4,2016-01-01,39086.727
2,Australia skill level 4,AUST,4,2016-02-01,39077.906
2,Australia skill level 4,AUST,4,2016-03-01,38972.331
2,Australia skill level 4,AUST,4,2016-04-01,40123.223
2,Australia skill level 4,AUST,4,2016-05-01,40158.374
2,Australia skill level 4,AUST,4,2016-06-01,42443.858
2,Australia skill level 4,AUST,4,2016-07-01,40163.661
2,Australia skill level 4,AUST,4,2016-08-01,40429.263
2,Australia skill level 4,AUST,4,2016-09-01,40134.242
2,Australia skill level 4,AUST,4,2016-10-01,40290.904
2,Australia skill level 4,AUST,4,2016-11-01,40344.288
2,Australia skill level 4,AUST,4,2016-12-01,40384.572
2,Australia skill level 4,AUST,4,2017-01-01,40901.088
2,Australia skill level 4,AUST,4,2017-02-01,41582.44
2,Australia skill level 4,AUST,4,2017-03-01,40930.719
2,Australia skill level 4,AUST,4,2017-04-01,42557.818
2,Australia skill level 4,AUST,4,2017-05-01,43658.905
2,Australia skill level 4,AUST,4,2017-06-01,44419.863
2,Australia skill level 4,AUST,4,2017-07-01,44011.732
2,Australia skill level 4,AUST,4,2017-08-01,43554.326
2,Australia skill level 4,AUST,4,2017-09-01,43447.171
2,Australia skill level 4,AUST,4,2017-10-01,43563.301
2,Australia skill level 4,AUST,4,2017-11-01,43636.304
2,Australia skill level 4,AUST,4,2017-12-01,42891.406
2,Australia skill level 4,AUST,4,2018-01-01,44084.91
2,Australia skill level 4,AUST,4,2018-02-01,45039.015
2,Australia skill level 4,AUST,4,2018-03-01,47468.587
2,Australia skill level 4,AUST,4,2018-04-01,46847.932
2,Australia skill level 4,AUST,4,2018-05-01,46141.855
2,Australia skill level 4,AUST,4,2018-06-01,45499.478
2,Australia skill level 4,AUST,4,2018-07-01,45831.482
2,Australia skill level 4,AUST,4,2018-08-01,46287.579
2,Australia skill level 4,AUST,4,2018-09-01,45077.922
2,Australia skill level 4,AUST,4,2018-10-01,44182.392
2,Australia skill level 4,AUST,4,2018-11-01,43717.901
2,Australia skill level 4,AUST,4,2018-12-01,43877.387
2,Australia skill level 4,AUST,4,2019-01-01,45739.146
2,Australia skill level 4,AUST,4,2019-02-01,45192.868
2,Australia skill level 4,AUST,4,2019-03-01,43020.985
2,Australia skill level 4,AUST,4,2019-04-01,42760.891
2,Australia skill level 4,AUST,4,2019-05-01,43598.716
2,Australia skill level 4,AUST,4,2019-06-01,42208.784
2,Australia skill level 4,AUST,4,2019-07-01,43142.549
2,Australia skill level 4,AUST,4,2019-08-01,41917.941
2,Australia skill level 4,AUST,4,2019-09-01,42543.901
2,Australia skill level 4,AUST,4,2019-10-01,40148.565
2,Australia skill level 4,AUST,4,2019-11-01,38289.089
2,Australia skill level 4,AUST,4,2019-12-01,39931.836
2,Australia skill level 4,AUST,4,2020-01-01,41579.696
2,Australia skill level 4,AUST,4,2020-02-01,39286.382
2,Australia skill level 4,AUST,4,2020-03-01,28438.628
2,Australia skill level 4,AUST,4,2020-04-01,15980.345
2,Australia skill level 4,AUST,4,2020-05-01,22181.635
2,Australia skill level 4,AUST,4,2020-06-01,30991.046
2,Australia skill level 4,AUST,4,2020-07-01,34427.304
2,Australia skill level 4,AUST,4,2020-08-01,34504.389
2,Australia skill level 4,AUST,4,2020-09-01,38016.132
2,Australia skill level 4,AUST,4,2020-10-01,40711.352
2,Australia skill level 4,AUST,4,2020-11-01,46056.749
2,Australia skill level 4,AUST,4,2020-12-01,48310.014
2,Australia skill level 4,AUST,4,2021-01-01,49835.003
2,Australia skill level 4,AUST,4,2021-02-01,52832.761
2,Australia skill level 4,AUST,4,2021-03-01,59532.534
2,Australia skill level 4,AUST,4,2021-04-01,60633.07
2,Australia skill level 4,AUST,4,2021-05-01,62224.276
2,Australia skill level 4,AUST,4,2021-06-01,59828.887
2,Australia skill level 4,AUST,4,2021-07-01,57337.973
2,Australia skill level 4,AUST,4,2021-08-01,51806.321
2,Australia skill level 4,AUST,4,2021-09-01,59477.679
2,Australia skill level 4,AUST,4,2021-10-01,67397.577
2,Australia skill level 4,AUST,4,2021-11-01,69787.875
2,Australia skill level 4,AUST,4,2021-12-01,69505.261
2,Australia skill level 4,AUST,4,2022-01-01,70999.764
2,Australia skill level 4,AUST,4,2022-02-01,73952.518
2,Australia skill level 4,AUST,4,2022-03-01,76106.166
2,Australia skill level 4,AUST,4,2022-04-01,78957.133
2,Australia skill level 4,AUST,4,2022-05-01,80070.761
2,Australia skill level 4,AUST,4,2022-06-01,83576.569
2,Australia skill level 4,AUST,4,2022-07-01,80124.696
2,Australia skill level 4,AUST,4,2022-08-01,81076.184
2,Australia skill level 4,AUST,4,2022-09-01,77697.156
2,Australia skill level 4,AUST,4,2022-10-01,77281.902
2,Australia skill level 4,AUST,4,2022-11-01,74059.771
2,Australia skill level 4,AUST,4,2022-12-01,72389.974
2,Australia skill level 4,AUST,4,2023-01-01,73740.495
2,Australia skill level 4,AUST,4,2023-02-01,75107.336
2,Australia skill level 4,AUST,4,2023-03-01,74040.686
2,Australia skill level 4,AUST,4,2023-04-01,74886.048
2,Australia skill level 4,AUST,4,2023-05-01,72975.221
2,Australia skill level 4,AUST,4,2023-06-01,72431.845
2,Australia skill level 4,AUST,4,2023-07-01,73523.824
2,Australia skill level 4,AUST,4,2023-08-01,71171.118
2,Australia skill level 4,AUST,4,2023-09-01,68910.656
2,Australia skill level 4,AUST,4,2023-10-01,66210.137
2,Australia skill level 4,AUST,4,2023-11-01,65524.343
2,Australia skill level 4,AUST,4,2023-12-01,66892.85
2,Australia skill level 4,AUST,4,2024-01-01,64960.269
2,Australia skill level 4,AUST,4,2024-02-01,63481.68
2,Australia skill level 4,AUST,4,2024-03-01,64527.291
2,Australia skill level 4,AUST,4,2024-04-01,60999.906
2,Australia skill level 4,AUST,4,2024-05-01,61249.849
2,Australia skill level 4,AUST,4,2024-06-01,58743.821
2,Australia skill level 4,AUST,4,2024-07-01,55763.039
2,Australia skill level 4,AUST,4,2024-08-01,58681.073
2,Australia skill level 4,AUST,4,2024-09-01,58573.456
2,Australia skill level 4,AUST,4,2024-10-01,56703.594
2,Australia skill level 4,AUST,4,2024-11-01,55519.634
2,Australia skill level 4,AUST,4,2024-12-01,53850.609
2,Australia skill level 4,AUST,4,2025-01-01,55605.452
2,Australia skill level 4,AUST,4,2025-02-01,53327.274
2,Australia skill level 4,AUST,4,2025-03-01,51336.689
2,Australia skill level 4,AUST,4,2025-04-01,53426.384
2,Australia skill level 4,AUST,4,2025-05-01,52216.526
2,Australia skill level 4,AUST,4,2025-06-01,53109.153
2,Australia skill level 4,AUST,4,2025-07-01,52885.528
2,Australia skill level 4,AUST,4,2025-08-01,51100.986
2,Australia skill level 4,AUST,4,2025-09-01,52720.139
2,Australia skill level 4,AUST,4,2025-10-01,52662.327
2,Australia skill level 4,AUST,4,2025-11-01,52358.103
2,Australia skill level 4,AUST,4,2025-12-01,53061.443
2,Australia skill level 4,AUST,4,2026-01-01,56205.543
2,Australia skill level 4,AUST,4,2026-02-01,53218.619
2,Australia skill level 4,AUST,4,2026-03-01,53294.403
2,Australia skill level 4,AUST,4,2026-04-01,52829.178
2,Australia skill level 4,AUST,4,2026-05-01,50226.553
2,Australia skill level 4,AUST,4,2026-06-01,51850.623
2,Australia skill level 4,AUST,4,2026-07-01,53304.142
2,Australia skill level 5,AUST,5,2006-01-01,44358.683
2,Australia skill level 5,AUST,5,2006-02-01,45103.88
2,Australia skill level 5,AUST,5,2006-03-01,45719.268
2,Australia skill level 5,AUST,5,2006-04-01,44793.599
2,Australia skill level 5,AUST,5,2006-05-01,44826.403
2,Australia skill level 5,AUST,5,2006-06-01,44800.684
2,Australia skill level 5,AUST,5,2006-07-01,44532.033
2,Australia skill level 5,AUST,5,2006-08-01,46375.814
2,Australia skill level 5,AUST,5,2006-09-01,45653.195
2,Australia skill level 5,AUST,5,2006-10-01,47296.161
2,Australia skill level 5,AUST,5,2006-11-01,47432.776
2,Australia skill level 5,AUST,5,2006-12-01,46803.83
2,Australia skill level 5,AUST,5,2007-01-01,47808.012
2,Australia skill level 5,AUST,5,2007-02-01,48536.585
2,Australia skill level 5,AUST,5,2007-03-01,49870.442
2,Australia skill level 5,AUST,5,2007-04-01,49522.885
2,Australia skill level 5,AUST,5,2007-05-01,50607.252
2,Australia skill level 5,AUST,5,2007-06-01,50460.077
2,Australia skill level 5,AUST,5,2007-07-01,52650.347
2,Australia skill level 5,AUST,5,2007-08-01,52453.494
2,Australia skill level 5,AUST,5,2007-09-01,52748.931
2,Australia skill level 5,AUST,5,2007-10-01,51394.012
2,Australia skill level 5,AUST,5,2007-11-01,52029.856
2,Australia skill level 5,AUST,5,2007-12-01,51729.099
2,Australia skill level 5,AUST,5,2008-01-01,51857.633
2,Australia skill level 5,AUST,5,2008-02-01,51686.302
2,Australia skill level 5,AUST,5,2008-03-01,51035.141
2,Australia skill level 5,AUST,5,2008-04-01,51274.46
2,Australia skill level 5,AUST,5,2008-05-01,49570.914
2,Australia skill level 5,AUST,5,2008-06-01,49307.631
2,Australia skill level 5,AUST,5,2008-07-01,46462.19
2,Australia skill level 5,AUST,5,2008-08-01,44376.905
2,Australia skill level 5,AUST,5,2008-09-01,42524.266
2,Australia skill level 5,AUST,5,2008-10-01,39659.317
2,Australia skill level 5,AUST,5,2008-11-01,36618.783
2,Australia skill level 5,AUST,5,2008-12-01,35583.805
2,Australia skill level 5,AUST,5,2009-01-01,32807.359
2,Australia skill level 5,AUST,5,2009-02-01,30930.842
2,Australia skill level 5,AUST,5,2009-03-01,29329.979
2,Australia skill level 5,AUST,5,2009-04-01,30091.339
2,Australia skill level 5,AUST,5,2009-05-01,27515.074
2,Australia skill level 5,AUST,5,2009-06-01,29670.112
2,Australia skill level 5,AUST,5,2009-07-01,23669.175
2,Australia skill level 5,AUST,5,2009-08-01,25750.218
2,Australia skill level 5,AUST,5,2009-09-01,26865.429
2,Australia skill level 5,AUST,5,2009-10-01,28634.975
2,Australia skill level 5,AUST,5,2009-11-01,30067.542
2,Australia skill level 5,AUST,5,2009-12-01,30642.999
2,Australia skill level 5,AUST,5,2010-01-01,30805.55
2,Australia skill level 5,AUST,5,2010-02-01,32071.322
2,Australia skill level 5,AUST,5,2010-03-01,26399.042
2,Australia skill level 5,AUST,5,2010-04-01,26097.11
2,Australia skill level 5,AUST,5,2010-05-01,28171.313
2,Australia skill level 5,AUST,5,2010-06-01,28596.451
2,Australia skill level 5,AUST,5,2010-07-01,29090.635
2,Australia skill level 5,AUST,5,2010-08-01,29654.345
2,Australia skill level 5,AUST,5,2010-09-01,29862.251
2,Australia skill level 5,AUST,5,2010-10-01,29589.119
2,Australia skill level 5,AUST,5,2010-11-01,28981.446
2,Australia skill level 5,AUST,5,2010-12-01,28619.95
2,Australia skill level 5,AUST,5,2011-01-01,29663.492
2,Australia skill level 5,AUST,5,2011-02-01,30458.521
2,Australia skill level 5,AUST,5,2011-03-01,30536.341
2,Australia skill level 5,AUST,5,2011-04-01,30355.956
2,Australia skill level 5,AUST,5,2011-05-01,30731.465
2,Australia skill level 5,AUST,5,2011-06-01,30102.387
2,Australia skill level 5,AUST,5,2011-07-01,30233.632
2,Australia skill level 5,AUST,5,2011-08-01,29558.765
2,Australia skill level 5,AUST,5,2011-09-01,28625.171
2,Australia skill level 5,AUST,5,2011-10-01,27869.928
2,Australia skill level 5,AUST,5,2011-11-01,28640.864
2,Australia skill level 5,AUST,5,2011-12-01,27987.888
2,Australia skill level 5,AUST,5,2012-01-01,27078.045
2,Australia skill level 5,AUST,5,2012-02-01,27499.508
2,Australia skill level 5,AUST,5,2012-03-01,26762.345
2,Australia skill level 5,AUST,5,2012-04-01,26656.709
2,Australia skill level 5,AUST,5,2012-05-01,25584.398
2,Australia skill level 5,AUST,5,2012-06-01,24387.849
2,Australia skill level 5,AUST,5,2012-07-01,24173.715
2,Australia skill level 5,AUST,5,2012-08-01,23745.318
2,Australia skill level 5,AUST,5,2012-09-01,23564.878
2,Australia skill level 5,AUST,5,2012-10-01,22675.7
2,Australia skill level 5,AUST,5,2012-11-01,21560.041
2,Australia skill level 5,AUST,5,2012-12-01,21845.629
2,Australia skill level 5,AUST,5,2013-01-01,20986.92
2,Australia skill level 5,AUST,5,2013-02-01,20128.188
2,Australia skill level 5,AUST,5,2013-03-01,20829.928
2,Australia skill level 5,AUST,5,2013-04-01,19530.272
2,Australia skill level 5,AUST,5,2013-05-01,20520.088
2,Australia skill level 5,AUST,5,2013-06-01,19995.698
2,Australia skill level 5,AUST,5,2013-07-01,20033.445
2,Australia skill level 5,AUST,5,2013-08-01,20027.45
2,Australia skill level 5,AUST,5,2013-09-01,20036.199
2,Australia skill level 5,AUST,5,2013-10-01,19667.73
2,Australia skill level 5,AUST,5,2013-11-01,19520.543
2,Australia skill level 5,AUST,5,2013-12-01,19302.322
2,Australia skill level 5,AUST,5,2014-01-01,20585.502
2,Australia skill level 5,AUST,5,2014-02-01,20083.323
2,Australia skill level 5,AUST,5,2014-03-01,19745.013
2,Australia skill level 5,AUST,5,2014-04-01,19787.385
2,Australia skill level 5,AUST,5,2014-05-01,19960.964
2,Australia skill level 5,AUST,5,2014-06-01,20912.514
2,Australia skill level 5,AUST,5,2014-07-01,20736.439
2,Australia skill level 5,AUST,5,2014-08-01,21202.433
2,Australia skill level 5,AUST,5,2014-09-01,20948.558
2,Australia skill level 5,AUST,5,2014-10-01,21118.303
2,Australia skill level 5,AUST,5,2014-11-01,20542.388
2,Australia skill level 5,AUST,5,2014-12-01,20242.127
2,Australia skill level 5,AUST,5,2015-01-01,20837.442
2,Australia skill level 5,AUST,5,2015-02-01,20535.17
2,Australia skill level 5,AUST,5,2015-03-01,21198.03
2,Australia skill level 5,AUST,5,2015-04-01,20625.76
2,Australia skill level 5,AUST,5,2015-05-01,19084.477
2,Australia skill level 5,AUST,5,2015-06-01,17902.3
2,Australia skill level 5,AUST,5,2015-07-01,17936.299
2,Australia skill level 5,AUST,5,2015-08-01,17526.707
2,Australia skill level 5,AUST,5,2015-09-01,20219.823
2,Australia skill level 5,AUST,5,2015-10-01,19741.709
2,Australia skill level 5,AUST,5,2015-11-01,20297.545
2,Australia skill level 5,AUST,5,2015-12-01,20036.366
2,Australia skill level 5,AUST,5,2016-01-01,19863.168
2,Australia skill level 5,AUST,5,2016-02-01,20095.068
2,Australia skill level 5,AUST,5,2016-03-01,19682.495
2,Australia skill level 5,AUST,5,2016-04-01,20499.276
2,Australia skill level 5,AUST,5,2016-05-01,20692.294
2,Australia skill level 5,AUST,5,2016-06-01,21491.194
2,Australia skill level 5,AUST,5,2016-07-01,21044.36
2,Australia skill level 5,AUST,5,2016-08-01,20277.437
2,Australia skill level 5,AUST,5,2016-09-01,20048.195
2,Australia skill level 5,AUST,5,2016-10-01,20044.312
2,Australia skill level 5,AUST,5,2016-11-01,19533.476
2,Australia skill level 5,AUST,5,2016-12-01,19496.95
2,Australia skill level 5,AUST,5,2017-01-01,19426.311
2,Australia skill level 5,AUST,5,2017-02-01,20046.622
2,Australia skill level 5,AUST,5,2017-03-01,19717.999
2,Australia skill level 5,AUST,5,2017-04-01,20476.937
2,Australia skill level 5,AUST,5,2017-05-01,21042.11
2,Australia skill level 5,AUST,5,2017-06-01,20999.638
2,Australia skill level 5,AUST,5,2017-07-01,20859.391
2,Australia skill level 5,AUST,5,2017-08-01,20373.791
2,Australia skill level 5,AUST,5,2017-09-01,20116.042
2,Australia skill level 5,AUST,5,2017-10-01,20110.325
2,Australia skill level 5,AUST,5,2017-11-01,20021.649
2,Australia skill level 5,AUST,5,2017-12-01,19921.641
2,Australia skill level 5,AUST,5,2018-01-01,19997.39
2,Australia skill level 5,AUST,5,2018-02-01,19934.866
2,Australia skill level 5,AUST,5,2018-03-01,20753.752
2,Australia skill level 5,AUST,5,2018-04-01,20124.343
2,Australia skill level 5,AUST,5,2018-05-01,19658.847
2,Australia skill level 5,AUST,5,2018-06-01,19349.497
2,Australia skill level 5,AUST,5,2018-07-01,19700.199
2,Australia skill level 5,AUST,5,2018-08-01,19671.751
2,Australia skill level 5,AUST,5,2018-09-01,18971.958
2,Australia skill level 5,AUST,5,2018-10-01,17940.848
2,Australia skill level 5,AUST,5,2018-11-01,17813.218
2,Australia skill level 5,AUST,5,2018-12-01,17806.733
2,Australia skill level 5,AUST,5,2019-01-01,18792.375
2,Australia skill level 5,AUST,5,2019-02-01,18257.074
2,Australia skill level 5,AUST,5,2019-03-01,17248.736
2,Australia skill level 5,AUST,5,2019-04-01,17154.158
2,Australia skill level 5,AUST,5,2019-05-01,17310.811
2,Australia skill level 5,AUST,5,2019-06-01,16942.031
2,Australia skill level 5,AUST,5,2019-07-01,17396.902
2,Australia skill level 5,AUST,5,2019-08-01,16788.296
2,Australia skill level 5,AUST,5,2019-09-01,16990.446
2,Australia skill level 5,AUST,5,2019-10-01,15700.363
2,Australia skill level 5,AUST,5,2019-11-01,15245.692
2,Australia skill level 5,AUST,5,2019-12-01,15565.469
2,Australia skill level 5,AUST,5,2020-01-01,16521.763
2,Australia skill level 5,AUST,5,2020-02-01,16074.224
2,Australia skill level 5,AUST,5,2020-03-01,11993.302
2,Australia skill level 5,AUST,5,2020-04-01,6805.254
2,Australia skill level 5,AUST,5,2020-05-01,9447.787
2,Australia skill level 5,AUST,5,2020-06-01,13670.046
2,Australia skill level 5,AUST,5,2020-07-01,16077.386
2,Australia skill level 5,AUST,5,2020-08-01,15746.704
2,Australia skill level 5,AUST,5,2020-09-01,17783.468
2,Australia skill level 5,AUST,5,2020-10-01,19671.63
2,Australia skill level 5,AUST,5,2020-11-01,21672.919
2,Australia skill level 5,AUST,5,2020-12-01,22926.599
2,Australia skill level 5,AUST,5,2021-01-01,23164.803
2,Australia skill level 5,AUST,5,2021-02-01,24782.243
2,Australia skill level 5,AUST,5,2021-03-01,28403.736
2,Australia skill level 5,AUST,5,2021-04-01,28931.493
2,Australia skill level 5,AUST,5,2021-05-01,29794.224
2,Australia skill level 5,AUST,5,2021-06-01,28103.412
2,Australia skill level 5,AUST,5,2021-07-01,27368.868
2,Australia skill level 5,AUST,5,2021-08-01,24491.458
2,Australia skill level 5,AUST,5,2021-09-01,29171.945
2,Australia skill level 5,AUST,5,2021-10-01,33906.841
2,Australia skill level 5,AUST,5,2021-11-01,35574.56
2,Australia skill level 5,AUST,5,2021-12-01,35520.815
2,Australia skill level 5,AUST,5,2022-01-01,36116.322
2,Australia skill level 5,AUST,5,2022-02-01,37504.315
2,Australia skill level 5,AUST,5,2022-03-01,38506.133
2,Australia skill level 5,AUST,5,2022-04-01,40373.618
2,Australia skill level 5,AUST,5,2022-05-01,40284.04
2,Australia skill level 5,AUST,5,2022-06-01,41575.662
2,Australia skill level 5,AUST,5,2022-07-01,40219.443
2,Australia skill level 5,AUST,5,2022-08-01,39057.857
2,Australia skill level 5,AUST,5,2022-09-01,36562.902
2,Australia skill level 5,AUST,5,2022-10-01,35829.991
2,Australia skill level 5,AUST,5,2022-11-01,34061.711
2,Australia skill level 5,AUST,5,2022-12-01,33111.922
2,Australia skill level 5,AUST,5,2023-01-01,33308.143
2,Australia skill level 5,AUST,5,2023-02-01,33192.603
2,Australia skill level 5,AUST,5,2023-03-01,32223.823
2,Australia skill level 5,AUST,5,2023-04-01,32518.94
2,Australia skill level 5,AUST,5,2023-05-01,30787.983
2,Australia skill level 5,AUST,5,2023-06-01,30216.093
2,Australia skill level 5,AUST,5,2023-07-01,29907.108
2,Australia skill level 5,AUST,5,2023-08-01,29661.131
2,Australia skill level 5,AUST,5,2023-09-01,28687.891
2,Australia skill level 5,AUST,5,2023-10-01,26206.333
2,Australia skill level 5,AUST,5,2023-11-01,26488.15
2,Australia skill level 5,AUST,5,2023-12-01,26621.755
2,Australia skill level 5,AUST,5,2024-01-01,26226.893
2,Australia skill level 5,AUST,5,2024-02-01,26192.808
2,Australia skill level 5,AUST,5,2024-03-01,26447.624
2,Australia skill level 5,AUST,5,2024-04-01,24914.94
2,Australia skill level 5,AUST,5,2024-05-01,25493.989
2,Australia skill level 5,AUST,5,2024-06-01,24613.349
2,Australia skill level 5,AUST,5,2024-07-01,23432.419
2,Australia skill level 5,AUST,5,2024-08-01,24804.725
2,Australia skill level 5,AUST,5,2024-09-01,25922.735
2,Australia skill level 5,AUST,5,2024-10-01,24489.638
2,Australia skill level 5,AUST,5,2024-11-01,23607.874
2,Australia skill level 5,AUST,5,2024-12-01,23387.019
2,Australia skill level 5,AUST,5,2025-01-01,24127.114
2,Australia skill level 5,AUST,5,2025-02-01,23006.729
2,Australia skill level 5,AUST,5,2025-03-01,22618.321
2,Australia skill level 5,AUST,5,2025-04-01,23180.195
2,Australia skill level 5,AUST,5,2025-05-01,23189.767
2,Australia skill level 5,AUST,5,2025-06-01,23450.716
2,Australia skill level 5,AUST,5,2025-07-01,23425.5
2,Australia skill level 5,AUST,5,2025-08-01,22741.29
2,Australia skill level 5,AUST,5,2025-09-01,23527.041
2,Australia skill level 5,AUST,5,2025-10-01,23381.567
2,Australia skill level 5,AUST,5,2025-11-01,23189.503
2,Australia skill level 5,AUST,5,2025-12-01,23109.515
2,Australia skill level 5,AUST,5,2026-01-01,24671.574
2,Australia skill level 5,AUST,5,2026-02-01,23895.502
2,Australia skill level 5,AUST,5,2026-03-01,23553.452
2,Australia skill level 5,AUST,5,2026-04-01,23707.887
2,Australia skill level 5,AUST,5,2026-05-01,22485.91
2,Australia skill level 5,AUST,5,2026-06-01,22155.52
2,Australia skill level 5,AUST,5,2026-07-01,24121.251
1,NSW TOTAL,NSW,0,2006-01-01,72798.278
1,NSW TOTAL,NSW,0,2006-02-01,74194.805
1,NSW TOTAL,NSW,0,2006-03-01,74923.655
1,NSW TOTAL,NSW,0,2006-04-01,76960.064
1,NSW TOTAL,NSW,0,2006-05-01,75490.106
1,NSW TOTAL,NSW,0,2006-06-01,81334.43
1,NSW TOTAL,NSW,0,2006-07-01,78032.677
1,NSW TOTAL,NSW,0,2006-08-01,78231.084
1,NSW TOTAL,NSW,0,2006-09-01,76174.912
1,NSW TOTAL,NSW,0,2006-10-01,82099.19
1,NSW TOTAL,NSW,0,2006-11-01,82000.098
1,NSW TOTAL,NSW,0,2006-12-01,80624.935
1,NSW TOTAL,NSW,0,2007-01-01,84414.423
1,NSW TOTAL,NSW,0,2007-02-01,86257.825
1,NSW TOTAL,NSW,0,2007-03-01,88361.393
1,NSW TOTAL,NSW,0,2007-04-01,89755.783
1,NSW TOTAL,NSW,0,2007-05-01,90694.118
1,NSW TOTAL,NSW,0,2007-06-01,89477.579
1,NSW TOTAL,NSW,0,2007-07-01,93130.756
1,NSW TOTAL,NSW,0,2007-08-01,94989.116
1,NSW TOTAL,NSW,0,2007-09-01,95668.654
1,NSW TOTAL,NSW,0,2007-10-01,96573.666
1,NSW TOTAL,NSW,0,2007-11-01,98514.883
1,NSW TOTAL,NSW,0,2007-12-01,102249.593
1,NSW TOTAL,NSW,0,2008-01-01,101333.003
1,NSW TOTAL,NSW,0,2008-02-01,100106.646
1,NSW TOTAL,NSW,0,2008-03-01,101636.033
1,NSW TOTAL,NSW,0,2008-04-01,101404.243
1,NSW TOTAL,NSW,0,2008-05-01,99709.018
1,NSW TOTAL,NSW,0,2008-06-01,97112.874
1,NSW TOTAL,NSW,0,2008-07-01,93288.373
1,NSW TOTAL,NSW,0,2008-08-01,87277.165
1,NSW TOTAL,NSW,0,2008-09-01,82562.656
1,NSW TOTAL,NSW,0,2008-10-01,78312.833
1,NSW TOTAL,NSW,0,2008-11-01,72409.42
1,NSW TOTAL,NSW,0,2008-12-01,67485.615
1,NSW TOTAL,NSW,0,2009-01-01,60537.581
1,NSW TOTAL,NSW,0,2009-02-01,57688.773
1,NSW TOTAL,NSW,0,2009-03-01,50336.424
1,NSW TOTAL,NSW,0,2009-04-01,52282.226
1,NSW TOTAL,NSW,0,2009-05-01,49460.125
1,NSW TOTAL,NSW,0,2009-06-01,57722.501
1,NSW TOTAL,NSW,0,2009-07-01,50947.826
1,NSW TOTAL,NSW,0,2009-08-01,53396.639
1,NSW TOTAL,NSW,0,2009-09-01,53887.555
1,NSW TOTAL,NSW,0,2009-10-01,53720.939
1,NSW TOTAL,NSW,0,2009-11-01,56056.459
1,NSW TOTAL,NSW,0,2009-12-01,55546.158
1,NSW TOTAL,NSW,0,2010-01-01,59274.604
1,NSW TOTAL,NSW,0,2010-02-01,60039.312
1,NSW TOTAL,NSW,0,2010-03-01,58242.101
1,NSW TOTAL,NSW,0,2010-04-01,56145.116
1,NSW TOTAL,NSW,0,2010-05-01,60267.988
1,NSW TOTAL,NSW,0,2010-06-01,60229.014
1,NSW TOTAL,NSW,0,2010-07-01,62936.641
1,NSW TOTAL,NSW,0,2010-08-01,63633.797
1,NSW TOTAL,NSW,0,2010-09-01,67296.893
1,NSW TOTAL,NSW,0,2010-10-01,67031.737
1,NSW TOTAL,NSW,0,2010-11-01,67778.708
1,NSW TOTAL,NSW,0,2010-12-01,69682.816
1,NSW TOTAL,NSW,0,2011-01-01,70738.276
1,NSW TOTAL,NSW,0,2011-02-01,68870.053
1,NSW TOTAL,NSW,0,2011-03-01,68226.198
1,NSW TOTAL,NSW,0,2011-04-01,66641.718
1,NSW TOTAL,NSW,0,2011-05-01,65558.66
1,NSW TOTAL,NSW,0,2011-06-01,61891.979
1,NSW TOTAL,NSW,0,2011-07-01,64412.51
1,NSW TOTAL,NSW,0,2011-08-01,62736.726
1,NSW TOTAL,NSW,0,2011-09-01,59119.551
1,NSW TOTAL,NSW,0,2011-10-01,59828.226
1,NSW TOTAL,NSW,0,2011-11-01,58906.973
1,NSW TOTAL,NSW,0,2011-12-01,59362.428
1,NSW TOTAL,NSW,0,2012-01-01,56454.727
1,NSW TOTAL,NSW,0,2012-02-01,57264.608
1,NSW TOTAL,NSW,0,2012-03-01,56799.018
1,NSW TOTAL,NSW,0,2012-04-01,56020.446
1,NSW TOTAL,NSW,0,2012-05-01,54621.235
1,NSW TOTAL,NSW,0,2012-06-01,53240.932
1,NSW TOTAL,NSW,0,2012-07-01,50859.681
1,NSW TOTAL,NSW,0,2012-08-01,51834.448
1,NSW TOTAL,NSW,0,2012-09-01,53032.437
1,NSW TOTAL,NSW,0,2012-10-01,51351.984
1,NSW TOTAL,NSW,0,2012-11-01,50495.281
1,NSW TOTAL,NSW,0,2012-12-01,49835.16
1,NSW TOTAL,NSW,0,2013-01-01,48627.601
1,NSW TOTAL,NSW,0,2013-02-01,48455.946
1,NSW TOTAL,NSW,0,2013-03-01,49737.876
1,NSW TOTAL,NSW,0,2013-04-01,47392.284
1,NSW TOTAL,NSW,0,2013-05-01,48632.645
1,NSW TOTAL,NSW,0,2013-06-01,47936.683
1,NSW TOTAL,NSW,0,2013-07-01,48868.898
1,NSW TOTAL,NSW,0,2013-08-01,48254.743
1,NSW TOTAL,NSW,0,2013-09-01,47970.173
1,NSW TOTAL,NSW,0,2013-10-01,48315.312
1,NSW TOTAL,NSW,0,2013-11-01,48775.994
1,NSW TOTAL,NSW,0,2013-12-01,48386.551
1,NSW TOTAL,NSW,0,2014-01-01,52458.957
1,NSW TOTAL,NSW,0,2014-02-01,51289.288
1,NSW TOTAL,NSW,0,2014-03-01,50447.777
1,NSW TOTAL,NSW,0,2014-04-01,50693.708
1,NSW TOTAL,NSW,0,2014-05-01,57011.955
1,NSW TOTAL,NSW,0,2014-06-01,58354.888
1,NSW TOTAL,NSW,0,2014-07-01,55741.126
1,NSW TOTAL,NSW,0,2014-08-01,57525.746
1,NSW TOTAL,NSW,0,2014-09-01,56630.485
1,NSW TOTAL,NSW,0,2014-10-01,57703.966
1,NSW TOTAL,NSW,0,2014-11-01,55423.209
1,NSW TOTAL,NSW,0,2014-12-01,54376.741
1,NSW TOTAL,NSW,0,2015-01-01,57592.159
1,NSW TOTAL,NSW,0,2015-02-01,57006.965
1,NSW TOTAL,NSW,0,2015-03-01,58152.333
1,NSW TOTAL,NSW,0,2015-04-01,58949.136
1,NSW TOTAL,NSW,0,2015-05-01,56716.773
1,NSW TOTAL,NSW,0,2015-06-01,57345.403
1,NSW TOTAL,NSW,0,2015-07-01,59639.502
1,NSW TOTAL,NSW,0,2015-08-01,58744.543
1,NSW TOTAL,NSW,0,2015-09-01,61820.184
1,NSW TOTAL,NSW,0,2015-10-01,61156.223
1,NSW TOTAL,NSW,0,2015-11-01,64203.854
1,NSW TOTAL,NSW,0,2015-12-01,63497.324
1,NSW TOTAL,NSW,0,2016-01-01,63892.395
1,NSW TOTAL,NSW,0,2016-02-01,63862.951
1,NSW TOTAL,NSW,0,2016-03-01,64614.453
1,NSW TOTAL,NSW,0,2016-04-01,65399.238
1,NSW TOTAL,NSW,0,2016-05-01,65733.22
1,NSW TOTAL,NSW,0,2016-06-01,67644.801
1,NSW TOTAL,NSW,0,2016-07-01,65144.026
1,NSW TOTAL,NSW,0,2016-08-01,65464.626
1,NSW TOTAL,NSW,0,2016-09-01,64216.457
1,NSW TOTAL,NSW,0,2016-10-01,63951.73
1,NSW TOTAL,NSW,0,2016-11-01,63190.651
1,NSW TOTAL,NSW,0,2016-12-01,63414.146
1,NSW TOTAL,NSW,0,2017-01-01,62672.965
1,NSW TOTAL,NSW,0,2017-02-01,63427.357
1,NSW TOTAL,NSW,0,2017-03-01,62463.467
1,NSW TOTAL,NSW,0,2017-04-01,64600.037
1,NSW TOTAL,NSW,0,2017-05-01,66199.356
1,NSW TOTAL,NSW,0,2017-06-01,67201.398
1,NSW TOTAL,NSW,0,2017-07-01,66641.555
1,NSW TOTAL,NSW,0,2017-08-01,65854.915
1,NSW TOTAL,NSW,0,2017-09-01,66055.151
1,NSW TOTAL,NSW,0,2017-10-01,67292.177
1,NSW TOTAL,NSW,0,2017-11-01,67046.479
1,NSW TOTAL,NSW,0,2017-12-01,65704.799
1,NSW TOTAL,NSW,0,2018-01-01,67176.588
1,NSW TOTAL,NSW,0,2018-02-01,68185.132
1,NSW TOTAL,NSW,0,2018-03-01,71185.421
1,NSW TOTAL,NSW,0,2018-04-01,69996.582
1,NSW TOTAL,NSW,0,2018-05-01,69455.793
1,NSW TOTAL,NSW,0,2018-06-01,67909.666
1,NSW TOTAL,NSW,0,2018-07-01,68549.146
1,NSW TOTAL,NSW,0,2018-08-01,68715.139
1,NSW TOTAL,NSW,0,2018-09-01,66223.458
1,NSW TOTAL,NSW,0,2018-10-01,65047.226
1,NSW TOTAL,NSW,0,2018-11-01,65150.694
1,NSW TOTAL,NSW,0,2018-12-01,64982.016
1,NSW TOTAL,NSW,0,2019-01-01,68879.348
1,NSW TOTAL,NSW,0,2019-02-01,66299.174
1,NSW TOTAL,NSW,0,2019-03-01,62012.822
1,NSW TOTAL,NSW,0,2019-04-01,62644.616
1,NSW TOTAL,NSW,0,2019-05-01,63384.583
1,NSW TOTAL,NSW,0,2019-06-01,61365.067
1,NSW TOTAL,NSW,0,2019-07-01,60916.212
1,NSW TOTAL,NSW,0,2019-08-01,58356.099
1,NSW TOTAL,NSW,0,2019-09-01,58111.816
1,NSW TOTAL,NSW,0,2019-10-01,55738.402
1,NSW TOTAL,NSW,0,2019-11-01,53201.961
1,NSW TOTAL,NSW,0,2019-12-01,55846.218
1,NSW TOTAL,NSW,0,2020-01-01,57512.981
1,NSW TOTAL,NSW,0,2020-02-01,54594.118
1,NSW TOTAL,NSW,0,2020-03-01,41245.915
1,NSW TOTAL,NSW,0,2020-04-01,21921.584
1,NSW TOTAL,NSW,0,2020-05-01,29304.021
1,NSW TOTAL,NSW,0,2020-06-01,38200.762
1,NSW TOTAL,NSW,0,2020-07-01,45683.647
1,NSW TOTAL,NSW,0,2020-08-01,46942.295
1,NSW TOTAL,NSW,0,2020-09-01,51652.557
1,NSW TOTAL,NSW,0,2020-10-01,54946.262
1,NSW TOTAL,NSW,0,2020-11-01,57693.825
1,NSW TOTAL,NSW,0,2020-12-01,59488.36
1,NSW TOTAL,NSW,0,2021-01-01,59734.71
1,NSW TOTAL,NSW,0,2021-02-01,65581.76
1,NSW TOTAL,NSW,0,2021-03-01,72848.292
1,NSW TOTAL,NSW,0,2021-04-01,76394.429
1,NSW TOTAL,NSW,0,2021-05-01,77178.34
1,NSW TOTAL,NSW,0,2021-06-01,77580.709
1,NSW TOTAL,NSW,0,2021-07-01,69535.733
1,NSW TOTAL,NSW,0,2021-08-01,60569.664
1,NSW TOTAL,NSW,0,2021-09-01,74863.404
1,NSW TOTAL,NSW,0,2021-10-01,88264.805
1,NSW TOTAL,NSW,0,2021-11-01,85221.866
1,NSW TOTAL,NSW,0,2021-12-01,82622.95
1,NSW TOTAL,NSW,0,2022-01-01,86426.458
1,NSW TOTAL,NSW,0,2022-02-01,89929.596
1,NSW TOTAL,NSW,0,2022-03-01,90711.206
1,NSW TOTAL,NSW,0,2022-04-01,92836.634
1,NSW TOTAL,NSW,0,2022-05-01,94497.462
1,NSW TOTAL,NSW,0,2022-06-01,97207.11
1,NSW TOTAL,NSW,0,2022-07-01,93358.268
1,NSW TOTAL,NSW,0,2022-08-01,92620.527
1,NSW TOTAL,NSW,0,2022-09-01,88950.072
1,NSW TOTAL,NSW,0,2022-10-01,89464.597
1,NSW TOTAL,NSW,0,2022-11-01,86853.789
1,NSW TOTAL,NSW,0,2022-12-01,85177.439
1,NSW TOTAL,NSW,0,2023-01-01,87940.026
1,NSW TOTAL,NSW,0,2023-02-01,87712.399
1,NSW TOTAL,NSW,0,2023-03-01,86273.218
1,NSW TOTAL,NSW,0,2023-04-01,87512.308
1,NSW TOTAL,NSW,0,2023-05-01,86112.337
1,NSW TOTAL,NSW,0,2023-06-01,84321.868
1,NSW TOTAL,NSW,0,2023-07-01,86156.096
1,NSW TOTAL,NSW,0,2023-08-01,84651.863
1,NSW TOTAL,NSW,0,2023-09-01,81571.439
1,NSW TOTAL,NSW,0,2023-10-01,78731.593
1,NSW TOTAL,NSW,0,2023-11-01,76652.297
1,NSW TOTAL,NSW,0,2023-12-01,77633.257
1,NSW TOTAL,NSW,0,2024-01-01,73693.011
1,NSW TOTAL,NSW,0,2024-02-01,72792.807
1,NSW TOTAL,NSW,0,2024-03-01,72068.431
1,NSW TOTAL,NSW,0,2024-04-01,69451.465
1,NSW TOTAL,NSW,0,2024-05-01,69383.639
1,NSW TOTAL,NSW,0,2024-06-01,66594.543
1,NSW TOTAL,NSW,0,2024-07-01,62936.855
1,NSW TOTAL,NSW,0,2024-08-01,67338.549
1,NSW TOTAL,NSW,0,2024-09-01,67176.584
1,NSW TOTAL,NSW,0,2024-10-01,65378.207
1,NSW TOTAL,NSW,0,2024-11-01,65397.161
1,NSW TOTAL,NSW,0,2024-12-01,63624.717
1,NSW TOTAL,NSW,0,2025-01-01,65802.794
1,NSW TOTAL,NSW,0,2025-02-01,61671.266
1,NSW TOTAL,NSW,0,2025-03-01,59787.566
1,NSW TOTAL,NSW,0,2025-04-01,62905.052
1,NSW TOTAL,NSW,0,2025-05-01,61922.983
1,NSW TOTAL,NSW,0,2025-06-01,63880.52
1,NSW TOTAL,NSW,0,2025-07-01,63864.812
1,NSW TOTAL,NSW,0,2025-08-01,59111.434
1,NSW TOTAL,NSW,0,2025-09-01,61886.751
1,NSW TOTAL,NSW,0,2025-10-01,62650.86
1,NSW TOTAL,NSW,0,2025-11-01,61140.047
1,NSW TOTAL,NSW,0,2025-12-01,62908.944
1,NSW TOTAL,NSW,0,2026-01-01,67080.437
1,NSW TOTAL,NSW,0,2026-02-01,62992.272
1,NSW TOTAL,NSW,0,2026-03-01,63667.032
1,NSW TOTAL,NSW,0,2026-04-01,62369.836
1,NSW TOTAL,NSW,0,2026-05-01,61293.222
1,NSW TOTAL,NSW,0,2026-06-01,61130.991
1,NSW TOTAL,NSW,0,2026-07-01,62189.905
2,NSW skill level 1,NSW,1,2006-01-01,26152.337
2,NSW skill level 1,NSW,1,2006-02-01,26944.405
2,NSW skill level 1,NSW,1,2006-03-01,27373.923
2,NSW skill level 1,NSW,1,2006-04-01,29181.969
2,NSW skill level 1,NSW,1,2006-05-01,28715.801
2,NSW skill level 1,NSW,1,2006-06-01,31932.417
2,NSW skill level 1,NSW,1,2006-07-01,29786.057
2,NSW skill level 1,NSW,1,2006-08-01,29564.649
2,NSW skill level 1,NSW,1,2006-09-01,28665.468
2,NSW skill level 1,NSW,1,2006-10-01,31670.819
2,NSW skill level 1,NSW,1,2006-11-01,31495.643
2,NSW skill level 1,NSW,1,2006-12-01,31379.531
2,NSW skill level 1,NSW,1,2007-01-01,32361.07
2,NSW skill level 1,NSW,1,2007-02-01,33997.015
2,NSW skill level 1,NSW,1,2007-03-01,34422.768
2,NSW skill level 1,NSW,1,2007-04-01,35026.137
2,NSW skill level 1,NSW,1,2007-05-01,35440.803
2,NSW skill level 1,NSW,1,2007-06-01,34774.186
2,NSW skill level 1,NSW,1,2007-07-01,35911.051
2,NSW skill level 1,NSW,1,2007-08-01,36826.686
2,NSW skill level 1,NSW,1,2007-09-01,37008.258
2,NSW skill level 1,NSW,1,2007-10-01,37307.826
2,NSW skill level 1,NSW,1,2007-11-01,38844.208
2,NSW skill level 1,NSW,1,2007-12-01,41104.047
2,NSW skill level 1,NSW,1,2008-01-01,40880.509
2,NSW skill level 1,NSW,1,2008-02-01,40949.248
2,NSW skill level 1,NSW,1,2008-03-01,41323.098
2,NSW skill level 1,NSW,1,2008-04-01,41201.967
2,NSW skill level 1,NSW,1,2008-05-01,41063.097
2,NSW skill level 1,NSW,1,2008-06-01,40555.592
2,NSW skill level 1,NSW,1,2008-07-01,38277.898
2,NSW skill level 1,NSW,1,2008-08-01,36426.337
2,NSW skill level 1,NSW,1,2008-09-01,34160.82
2,NSW skill level 1,NSW,1,2008-10-01,33055.829
2,NSW skill level 1,NSW,1,2008-11-01,31167.831
2,NSW skill level 1,NSW,1,2008-12-01,28282.36
2,NSW skill level 1,NSW,1,2009-01-01,23862.756
2,NSW skill level 1,NSW,1,2009-02-01,23330.095
2,NSW skill level 1,NSW,1,2009-03-01,19872.659
2,NSW skill level 1,NSW,1,2009-04-01,20846.075
2,NSW skill level 1,NSW,1,2009-05-01,20473.608
2,NSW skill level 1,NSW,1,2009-06-01,23270.419
2,NSW skill level 1,NSW,1,2009-07-01,21116.432
2,NSW skill level 1,NSW,1,2009-08-01,21686.318
2,NSW skill level 1,NSW,1,2009-09-01,21869.956
2,NSW skill level 1,NSW,1,2009-10-01,21160.255
2,NSW skill level 1,NSW,1,2009-11-01,21379.913
2,NSW skill level 1,NSW,1,2009-12-01,21247.832
2,NSW skill level 1,NSW,1,2010-01-01,22933.178
2,NSW skill level 1,NSW,1,2010-02-01,23440.459
2,NSW skill level 1,NSW,1,2010-03-01,23574.765
2,NSW skill level 1,NSW,1,2010-04-01,23198.449
2,NSW skill level 1,NSW,1,2010-05-01,25674.078
2,NSW skill level 1,NSW,1,2010-06-01,25123.399
2,NSW skill level 1,NSW,1,2010-07-01,25867.855
2,NSW skill level 1,NSW,1,2010-08-01,26101.561
2,NSW skill level 1,NSW,1,2010-09-01,27452.529
2,NSW skill level 1,NSW,1,2010-10-01,28263.541
2,NSW skill level 1,NSW,1,2010-11-01,28517.956
2,NSW skill level 1,NSW,1,2010-12-01,29258.824
2,NSW skill level 1,NSW,1,2011-01-01,28990.231
2,NSW skill level 1,NSW,1,2011-02-01,28056.392
2,NSW skill level 1,NSW,1,2011-03-01,27908.739
2,NSW skill level 1,NSW,1,2011-04-01,27081.246
2,NSW skill level 1,NSW,1,2011-05-01,26224.165
2,NSW skill level 1,NSW,1,2011-06-01,25068.888
2,NSW skill level 1,NSW,1,2011-07-01,24970.955
2,NSW skill level 1,NSW,1,2011-08-01,24318.673
2,NSW skill level 1,NSW,1,2011-09-01,23248.353
2,NSW skill level 1,NSW,1,2011-10-01,23643.62
2,NSW skill level 1,NSW,1,2011-11-01,23045.858
2,NSW skill level 1,NSW,1,2011-12-01,24022.49
2,NSW skill level 1,NSW,1,2012-01-01,22247.702
2,NSW skill level 1,NSW,1,2012-02-01,22874.873
2,NSW skill level 1,NSW,1,2012-03-01,22680.299
2,NSW skill level 1,NSW,1,2012-04-01,21962.821
2,NSW skill level 1,NSW,1,2012-05-01,21418.745
2,NSW skill level 1,NSW,1,2012-06-01,21344.388
2,NSW skill level 1,NSW,1,2012-07-01,20184.109
2,NSW skill level 1,NSW,1,2012-08-01,20756.074
2,NSW skill level 1,NSW,1,2012-09-01,21162.08
2,NSW skill level 1,NSW,1,2012-10-01,20485.22
2,NSW skill level 1,NSW,1,2012-11-01,20103.58
2,NSW skill level 1,NSW,1,2012-12-01,20250.237
2,NSW skill level 1,NSW,1,2013-01-01,19503.695
2,NSW skill level 1,NSW,1,2013-02-01,19646.62
2,NSW skill level 1,NSW,1,2013-03-01,19821.559
2,NSW skill level 1,NSW,1,2013-04-01,19301.615
2,NSW skill level 1,NSW,1,2013-05-01,19594.417
2,NSW skill level 1,NSW,1,2013-06-01,19290.294
2,NSW skill level 1,NSW,1,2013-07-01,19805.447
2,NSW skill level 1,NSW,1,2013-08-01,19249.906
2,NSW skill level 1,NSW,1,2013-09-01,18956.367
2,NSW skill level 1,NSW,1,2013-10-01,18813.767
2,NSW skill level 1,NSW,1,2013-11-01,19284.493
2,NSW skill level 1,NSW,1,2013-12-01,18910.817
2,NSW skill level 1,NSW,1,2014-01-01,20496.472
2,NSW skill level 1,NSW,1,2014-02-01,20301.97
2,NSW skill level 1,NSW,1,2014-03-01,19412.214
2,NSW skill level 1,NSW,1,2014-04-01,19941.654
2,NSW skill level 1,NSW,1,2014-05-01,24158.946
2,NSW skill level 1,NSW,1,2014-06-01,24167.032
2,NSW skill level 1,NSW,1,2014-07-01,22529.45
2,NSW skill level 1,NSW,1,2014-08-01,23027.332
2,NSW skill level 1,NSW,1,2014-09-01,22641.382
2,NSW skill level 1,NSW,1,2014-10-01,23053.188
2,NSW skill level 1,NSW,1,2014-11-01,21479.351
2,NSW skill level 1,NSW,1,2014-12-01,21829.864
2,NSW skill level 1,NSW,1,2015-01-01,22685.613
2,NSW skill level 1,NSW,1,2015-02-01,22858.852
2,NSW skill level 1,NSW,1,2015-03-01,22889.253
2,NSW skill level 1,NSW,1,2015-04-01,23864.987
2,NSW skill level 1,NSW,1,2015-05-01,22733.887
2,NSW skill level 1,NSW,1,2015-06-01,23372.532
2,NSW skill level 1,NSW,1,2015-07-01,24328.634
2,NSW skill level 1,NSW,1,2015-08-01,23814.461
2,NSW skill level 1,NSW,1,2015-09-01,25126.85
2,NSW skill level 1,NSW,1,2015-10-01,24528.73
2,NSW skill level 1,NSW,1,2015-11-01,25999.346
2,NSW skill level 1,NSW,1,2015-12-01,25857.502
2,NSW skill level 1,NSW,1,2016-01-01,25835.545
2,NSW skill level 1,NSW,1,2016-02-01,25160.897
2,NSW skill level 1,NSW,1,2016-03-01,25717.928
2,NSW skill level 1,NSW,1,2016-04-01,25855.249
2,NSW skill level 1,NSW,1,2016-05-01,25945.878
2,NSW skill level 1,NSW,1,2016-06-01,26633.757
2,NSW skill level 1,NSW,1,2016-07-01,25346.971
2,NSW skill level 1,NSW,1,2016-08-01,25730.589
2,NSW skill level 1,NSW,1,2016-09-01,25292.421
2,NSW skill level 1,NSW,1,2016-10-01,25098.98
2,NSW skill level 1,NSW,1,2016-11-01,24737.044
2,NSW skill level 1,NSW,1,2016-12-01,25052.824
2,NSW skill level 1,NSW,1,2017-01-01,24695.207
2,NSW skill level 1,NSW,1,2017-02-01,24616.077
2,NSW skill level 1,NSW,1,2017-03-01,24371.787
2,NSW skill level 1,NSW,1,2017-04-01,25131.752
2,NSW skill level 1,NSW,1,2017-05-01,25806.245
2,NSW skill level 1,NSW,1,2017-06-01,26185.815
2,NSW skill level 1,NSW,1,2017-07-01,25751.246
2,NSW skill level 1,NSW,1,2017-08-01,26038.146
2,NSW skill level 1,NSW,1,2017-09-01,26107.241
2,NSW skill level 1,NSW,1,2017-10-01,27123.248
2,NSW skill level 1,NSW,1,2017-11-01,26803.943
2,NSW skill level 1,NSW,1,2017-12-01,26126.024
2,NSW skill level 1,NSW,1,2018-01-01,26956.138
2,NSW skill level 1,NSW,1,2018-02-01,27665.136
2,NSW skill level 1,NSW,1,2018-03-01,28565.07
2,NSW skill level 1,NSW,1,2018-04-01,28461.037
2,NSW skill level 1,NSW,1,2018-05-01,28619.155
2,NSW skill level 1,NSW,1,2018-06-01,28147.45
2,NSW skill level 1,NSW,1,2018-07-01,28187.071
2,NSW skill level 1,NSW,1,2018-08-01,28096.593
2,NSW skill level 1,NSW,1,2018-09-01,27224.489
2,NSW skill level 1,NSW,1,2018-10-01,26972.252
2,NSW skill level 1,NSW,1,2018-11-01,26894.082
2,NSW skill level 1,NSW,1,2018-12-01,27351.493
2,NSW skill level 1,NSW,1,2019-01-01,28657.487
2,NSW skill level 1,NSW,1,2019-02-01,27901.3
2,NSW skill level 1,NSW,1,2019-03-01,26343.21
2,NSW skill level 1,NSW,1,2019-04-01,27138.427
2,NSW skill level 1,NSW,1,2019-05-01,27341.521
2,NSW skill level 1,NSW,1,2019-06-01,26614.463
2,NSW skill level 1,NSW,1,2019-07-01,25875.124
2,NSW skill level 1,NSW,1,2019-08-01,24803.178
2,NSW skill level 1,NSW,1,2019-09-01,24622.82
2,NSW skill level 1,NSW,1,2019-10-01,23929.917
2,NSW skill level 1,NSW,1,2019-11-01,23266.22
2,NSW skill level 1,NSW,1,2019-12-01,24293.666
2,NSW skill level 1,NSW,1,2020-01-01,24794.885
2,NSW skill level 1,NSW,1,2020-02-01,23825.213
2,NSW skill level 1,NSW,1,2020-03-01,18558.827
2,NSW skill level 1,NSW,1,2020-04-01,10638.242
2,NSW skill level 1,NSW,1,2020-05-01,13484.394
2,NSW skill level 1,NSW,1,2020-06-01,15626.702
2,NSW skill level 1,NSW,1,2020-07-01,18552.621
2,NSW skill level 1,NSW,1,2020-08-01,19714.579
2,NSW skill level 1,NSW,1,2020-09-01,21340.65
2,NSW skill level 1,NSW,1,2020-10-01,22486.87
2,NSW skill level 1,NSW,1,2020-11-01,23885.789
2,NSW skill level 1,NSW,1,2020-12-01,24455.13
2,NSW skill level 1,NSW,1,2021-01-01,24084.202
2,NSW skill level 1,NSW,1,2021-02-01,26753.228
2,NSW skill level 1,NSW,1,2021-03-01,29693.846
2,NSW skill level 1,NSW,1,2021-04-01,30538.62
2,NSW skill level 1,NSW,1,2021-05-01,30856.457
2,NSW skill level 1,NSW,1,2021-06-01,32290.81
2,NSW skill level 1,NSW,1,2021-07-01,31506.11
2,NSW skill level 1,NSW,1,2021-08-01,29309.471
2,NSW skill level 1,NSW,1,2021-09-01,32538.973
2,NSW skill level 1,NSW,1,2021-10-01,34837.697
2,NSW skill level 1,NSW,1,2021-11-01,32178.287
2,NSW skill level 1,NSW,1,2021-12-01,30993.479
2,NSW skill level 1,NSW,1,2022-01-01,32565.882
2,NSW skill level 1,NSW,1,2022-02-01,33896.315
2,NSW skill level 1,NSW,1,2022-03-01,33457.698
2,NSW skill level 1,NSW,1,2022-04-01,33489.786
2,NSW skill level 1,NSW,1,2022-05-01,34690.993
2,NSW skill level 1,NSW,1,2022-06-01,35215.427
2,NSW skill level 1,NSW,1,2022-07-01,33615.398
2,NSW skill level 1,NSW,1,2022-08-01,33510.792
2,NSW skill level 1,NSW,1,2022-09-01,32351.039
2,NSW skill level 1,NSW,1,2022-10-01,32922.937
2,NSW skill level 1,NSW,1,2022-11-01,32711.702
2,NSW skill level 1,NSW,1,2022-12-01,31960.388
2,NSW skill level 1,NSW,1,2023-01-01,32679.478
2,NSW skill level 1,NSW,1,2023-02-01,33167.782
2,NSW skill level 1,NSW,1,2023-03-01,33254.136
2,NSW skill level 1,NSW,1,2023-04-01,33892.095
2,NSW skill level 1,NSW,1,2023-05-01,33562.049
2,NSW skill level 1,NSW,1,2023-06-01,33097.463
2,NSW skill level 1,NSW,1,2023-07-01,33195.419
2,NSW skill level 1,NSW,1,2023-08-01,33433.47
2,NSW skill level 1,NSW,1,2023-09-01,32249.601
2,NSW skill level 1,NSW,1,2023-10-01,31705.431
2,NSW skill level 1,NSW,1,2023-11-01,30706.008
2,NSW skill level 1,NSW,1,2023-12-01,30782.14
2,NSW skill level 1,NSW,1,2024-01-01,28119.561
2,NSW skill level 1,NSW,1,2024-02-01,28641.588
2,NSW skill level 1,NSW,1,2024-03-01,27698.119
2,NSW skill level 1,NSW,1,2024-04-01,27159.122
2,NSW skill level 1,NSW,1,2024-05-01,26887.489
2,NSW skill level 1,NSW,1,2024-06-01,25902.969
2,NSW skill level 1,NSW,1,2024-07-01,23796.911
2,NSW skill level 1,NSW,1,2024-08-01,26429.899
2,NSW skill level 1,NSW,1,2024-09-01,25506.55
2,NSW skill level 1,NSW,1,2024-10-01,25483.47
2,NSW skill level 1,NSW,1,2024-11-01,26299.542
2,NSW skill level 1,NSW,1,2024-12-01,25108.83
2,NSW skill level 1,NSW,1,2025-01-01,25262.704
2,NSW skill level 1,NSW,1,2025-02-01,24223.626
2,NSW skill level 1,NSW,1,2025-03-01,23213.835
2,NSW skill level 1,NSW,1,2025-04-01,25164.042
2,NSW skill level 1,NSW,1,2025-05-01,24488.987
2,NSW skill level 1,NSW,1,2025-06-01,26024.504
2,NSW skill level 1,NSW,1,2025-07-01,25897.878
2,NSW skill level 1,NSW,1,2025-08-01,23146.222
2,NSW skill level 1,NSW,1,2025-09-01,24510.084
2,NSW skill level 1,NSW,1,2025-10-01,24483.684
2,NSW skill level 1,NSW,1,2025-11-01,23933.04
2,NSW skill level 1,NSW,1,2025-12-01,25904.669
2,NSW skill level 1,NSW,1,2026-01-01,25837.363
2,NSW skill level 1,NSW,1,2026-02-01,25422.065
2,NSW skill level 1,NSW,1,2026-03-01,26420.972
2,NSW skill level 1,NSW,1,2026-04-01,25388.593
2,NSW skill level 1,NSW,1,2026-05-01,25513.116
2,NSW skill level 1,NSW,1,2026-06-01,25540.697
2,NSW skill level 1,NSW,1,2026-07-01,25551.775
2,NSW skill level 2,NSW,2,2006-01-01,7125.135
2,NSW skill level 2,NSW,2,2006-02-01,7330.006
2,NSW skill level 2,NSW,2,2006-03-01,7426.789
2,NSW skill level 2,NSW,2,2006-04-01,7576.568
2,NSW skill level 2,NSW,2,2006-05-01,7455.778
2,NSW skill level 2,NSW,2,2006-06-01,8683.057
2,NSW skill level 2,NSW,2,2006-07-01,7769.957
2,NSW skill level 2,NSW,2,2006-08-01,8065.701
2,NSW skill level 2,NSW,2,2006-09-01,7904.448
2,NSW skill level 2,NSW,2,2006-10-01,8458.301
2,NSW skill level 2,NSW,2,2006-11-01,8382.169
2,NSW skill level 2,NSW,2,2006-12-01,7952.314
2,NSW skill level 2,NSW,2,2007-01-01,8845.959
2,NSW skill level 2,NSW,2,2007-02-01,9011.334
2,NSW skill level 2,NSW,2,2007-03-01,9010.861
2,NSW skill level 2,NSW,2,2007-04-01,9493.935
2,NSW skill level 2,NSW,2,2007-05-01,9230.011
2,NSW skill level 2,NSW,2,2007-06-01,9405.01
2,NSW skill level 2,NSW,2,2007-07-01,9622.752
2,NSW skill level 2,NSW,2,2007-08-01,9771.929
2,NSW skill level 2,NSW,2,2007-09-01,10066.086
2,NSW skill level 2,NSW,2,2007-10-01,10027.666
2,NSW skill level 2,NSW,2,2007-11-01,10752.424
2,NSW skill level 2,NSW,2,2007-12-01,11076.931
2,NSW skill level 2,NSW,2,2008-01-01,10763.964
2,NSW skill level 2,NSW,2,2008-02-01,10673.367
2,NSW skill level 2,NSW,2,2008-03-01,11170.924
2,NSW skill level 2,NSW,2,2008-04-01,11153.831
2,NSW skill level 2,NSW,2,2008-05-01,11136.724
2,NSW skill level 2,NSW,2,2008-06-01,10682.785
2,NSW skill level 2,NSW,2,2008-07-01,10198.515
2,NSW skill level 2,NSW,2,2008-08-01,9428.777
2,NSW skill level 2,NSW,2,2008-09-01,8810.171
2,NSW skill level 2,NSW,2,2008-10-01,8357.893
2,NSW skill level 2,NSW,2,2008-11-01,7367.835
2,NSW skill level 2,NSW,2,2008-12-01,6742.117
2,NSW skill level 2,NSW,2,2009-01-01,5879.171
2,NSW skill level 2,NSW,2,2009-02-01,5434.949
2,NSW skill level 2,NSW,2,2009-03-01,4671.738
2,NSW skill level 2,NSW,2,2009-04-01,4833.947
2,NSW skill level 2,NSW,2,2009-05-01,4436.173
2,NSW skill level 2,NSW,2,2009-06-01,5597.209
2,NSW skill level 2,NSW,2,2009-07-01,4908.308
2,NSW skill level 2,NSW,2,2009-08-01,5139.36
2,NSW skill level 2,NSW,2,2009-09-01,5281.04
2,NSW skill level 2,NSW,2,2009-10-01,5335.019
2,NSW skill level 2,NSW,2,2009-11-01,5620.401
2,NSW skill level 2,NSW,2,2009-12-01,5681.258
2,NSW skill level 2,NSW,2,2010-01-01,6332.331
2,NSW skill level 2,NSW,2,2010-02-01,6245.438
2,NSW skill level 2,NSW,2,2010-03-01,6390.706
2,NSW skill level 2,NSW,2,2010-04-01,6173.302
2,NSW skill level 2,NSW,2,2010-05-01,6421.228
2,NSW skill level 2,NSW,2,2010-06-01,6522.861
2,NSW skill level 2,NSW,2,2010-07-01,6663.607
2,NSW skill level 2,NSW,2,2010-08-01,6632.514
2,NSW skill level 2,NSW,2,2010-09-01,7118.559
2,NSW skill level 2,NSW,2,2010-10-01,6897.398
2,NSW skill level 2,NSW,2,2010-11-01,7049.586
2,NSW skill level 2,NSW,2,2010-12-01,7738.65
2,NSW skill level 2,NSW,2,2011-01-01,7585.78
2,NSW skill level 2,NSW,2,2011-02-01,7334.989
2,NSW skill level 2,NSW,2,2011-03-01,7152.598
2,NSW skill level 2,NSW,2,2011-04-01,7184.303
2,NSW skill level 2,NSW,2,2011-05-01,7038.189
2,NSW skill level 2,NSW,2,2011-06-01,6772.68
2,NSW skill level 2,NSW,2,2011-07-01,6803.84
2,NSW skill level 2,NSW,2,2011-08-01,6706.822
2,NSW skill level 2,NSW,2,2011-09-01,6303.099
2,NSW skill level 2,NSW,2,2011-10-01,6474.153
2,NSW skill level 2,NSW,2,2011-11-01,6311.81
2,NSW skill level 2,NSW,2,2011-12-01,6573.675
2,NSW skill level 2,NSW,2,2012-01-01,5905.256
2,NSW skill level 2,NSW,2,2012-02-01,6097.224
2,NSW skill level 2,NSW,2,2012-03-01,5924.125
2,NSW skill level 2,NSW,2,2012-04-01,5925.763
2,NSW skill level 2,NSW,2,2012-05-01,5718.464
2,NSW skill level 2,NSW,2,2012-06-01,5529.468
2,NSW skill level 2,NSW,2,2012-07-01,5212.513
2,NSW skill level 2,NSW,2,2012-08-01,5419.784
2,NSW skill level 2,NSW,2,2012-09-01,5472.23
2,NSW skill level 2,NSW,2,2012-10-01,5416.015
2,NSW skill level 2,NSW,2,2012-11-01,5207.839
2,NSW skill level 2,NSW,2,2012-12-01,5127.185
2,NSW skill level 2,NSW,2,2013-01-01,4992.963
2,NSW skill level 2,NSW,2,2013-02-01,5054.842
2,NSW skill level 2,NSW,2,2013-03-01,5285.32
2,NSW skill level 2,NSW,2,2013-04-01,5029.166
2,NSW skill level 2,NSW,2,2013-05-01,5082.415
2,NSW skill level 2,NSW,2,2013-06-01,5180.838
2,NSW skill level 2,NSW,2,2013-07-01,5221.697
2,NSW skill level 2,NSW,2,2013-08-01,5153.822
2,NSW skill level 2,NSW,2,2013-09-01,5217.447
2,NSW skill level 2,NSW,2,2013-10-01,5206.603
2,NSW skill level 2,NSW,2,2013-11-01,5432.992
2,NSW skill level 2,NSW,2,2013-12-01,5443.637
2,NSW skill level 2,NSW,2,2014-01-01,5843.054
2,NSW skill level 2,NSW,2,2014-02-01,5696.319
2,NSW skill level 2,NSW,2,2014-03-01,5785.37
2,NSW skill level 2,NSW,2,2014-04-01,5845.64
2,NSW skill level 2,NSW,2,2014-05-01,6095.333
2,NSW skill level 2,NSW,2,2014-06-01,6527.11
2,NSW skill level 2,NSW,2,2014-07-01,6133.709
2,NSW skill level 2,NSW,2,2014-08-01,6538.394
2,NSW skill level 2,NSW,2,2014-09-01,6543.436
2,NSW skill level 2,NSW,2,2014-10-01,6605.827
2,NSW skill level 2,NSW,2,2014-11-01,6498.413
2,NSW skill level 2,NSW,2,2014-12-01,6414.063
2,NSW skill level 2,NSW,2,2015-01-01,6781.633
2,NSW skill level 2,NSW,2,2015-02-01,6599.718
2,NSW skill level 2,NSW,2,2015-03-01,6776.099
2,NSW skill level 2,NSW,2,2015-04-01,7202.42
2,NSW skill level 2,NSW,2,2015-05-01,6900.271
2,NSW skill level 2,NSW,2,2015-06-01,6979.809
2,NSW skill level 2,NSW,2,2015-07-01,7267.148
2,NSW skill level 2,NSW,2,2015-08-01,7263.92
2,NSW skill level 2,NSW,2,2015-09-01,7487.307
2,NSW skill level 2,NSW,2,2015-10-01,7175.844
2,NSW skill level 2,NSW,2,2015-11-01,7704.33
2,NSW skill level 2,NSW,2,2015-12-01,7580.791
2,NSW skill level 2,NSW,2,2016-01-01,7610.45
2,NSW skill level 2,NSW,2,2016-02-01,7860.496
2,NSW skill level 2,NSW,2,2016-03-01,8001.662
2,NSW skill level 2,NSW,2,2016-04-01,8119.837
2,NSW skill level 2,NSW,2,2016-05-01,8109.997
2,NSW skill level 2,NSW,2,2016-06-01,8356.988
2,NSW skill level 2,NSW,2,2016-07-01,8018.609
2,NSW skill level 2,NSW,2,2016-08-01,8116.949
2,NSW skill level 2,NSW,2,2016-09-01,8002.409
2,NSW skill level 2,NSW,2,2016-10-01,7902.751
2,NSW skill level 2,NSW,2,2016-11-01,7750.224
2,NSW skill level 2,NSW,2,2016-12-01,7824.026
2,NSW skill level 2,NSW,2,2017-01-01,7667.256
2,NSW skill level 2,NSW,2,2017-02-01,7646.351
2,NSW skill level 2,NSW,2,2017-03-01,7590.932
2,NSW skill level 2,NSW,2,2017-04-01,7769.598
2,NSW skill level 2,NSW,2,2017-05-01,7936.181
2,NSW skill level 2,NSW,2,2017-06-01,7864.45
2,NSW skill level 2,NSW,2,2017-07-01,8048.674
2,NSW skill level 2,NSW,2,2017-08-01,7864.226
2,NSW skill level 2,NSW,2,2017-09-01,7790.015
2,NSW skill level 2,NSW,2,2017-10-01,7928.614
2,NSW skill level 2,NSW,2,2017-11-01,7934.072
2,NSW skill level 2,NSW,2,2017-12-01,7904.759
2,NSW skill level 2,NSW,2,2018-01-01,8013.204
2,NSW skill level 2,NSW,2,2018-02-01,8205.817
2,NSW skill level 2,NSW,2,2018-03-01,8470.324
2,NSW skill level 2,NSW,2,2018-04-01,8398.704
2,NSW skill level 2,NSW,2,2018-05-01,8254.908
2,NSW skill level 2,NSW,2,2018-06-01,8132.073
2,NSW skill level 2,NSW,2,2018-07-01,8264.963
2,NSW skill level 2,NSW,2,2018-08-01,8157.402
2,NSW skill level 2,NSW,2,2018-09-01,7911.13
2,NSW skill level 2,NSW,2,2018-10-01,7735.168
2,NSW skill level 2,NSW,2,2018-11-01,7817.824
2,NSW skill level 2,NSW,2,2018-12-01,7686.255
2,NSW skill level 2,NSW,2,2019-01-01,8181.587
2,NSW skill level 2,NSW,2,2019-02-01,7745.765
2,NSW skill level 2,NSW,2,2019-03-01,7178.448
2,NSW skill level 2,NSW,2,2019-04-01,7331.841
2,NSW skill level 2,NSW,2,2019-05-01,7283.005
2,NSW skill level 2,NSW,2,2019-06-01,7182.346
2,NSW skill level 2,NSW,2,2019-07-01,7072.872
2,NSW skill level 2,NSW,2,2019-08-01,6895.756
2,NSW skill level 2,NSW,2,2019-09-01,6750.54
2,NSW skill level 2,NSW,2,2019-10-01,6427.893
2,NSW skill level 2,NSW,2,2019-11-01,5929.688
2,NSW skill level 2,NSW,2,2019-12-01,6177.688
2,NSW skill level 2,NSW,2,2020-01-01,6412.27
2,NSW skill level 2,NSW,2,2020-02-01,6267.784
2,NSW skill level 2,NSW,2,2020-03-01,4331.408
2,NSW skill level 2,NSW,2,2020-04-01,1849.707
2,NSW skill level 2,NSW,2,2020-05-01,2736.25
2,NSW skill level 2,NSW,2,2020-06-01,3828.181
2,NSW skill level 2,NSW,2,2020-07-01,4385.248
2,NSW skill level 2,NSW,2,2020-08-01,4451.14
2,NSW skill level 2,NSW,2,2020-09-01,5117.304
2,NSW skill level 2,NSW,2,2020-10-01,5522.061
2,NSW skill level 2,NSW,2,2020-11-01,5923.641
2,NSW skill level 2,NSW,2,2020-12-01,6235.288
2,NSW skill level 2,NSW,2,2021-01-01,6085.496
2,NSW skill level 2,NSW,2,2021-02-01,6800.713
2,NSW skill level 2,NSW,2,2021-03-01,7562.033
2,NSW skill level 2,NSW,2,2021-04-01,7834.767
2,NSW skill level 2,NSW,2,2021-05-01,8057.194
2,NSW skill level 2,NSW,2,2021-06-01,8048.251
2,NSW skill level 2,NSW,2,2021-07-01,6981.561
2,NSW skill level 2,NSW,2,2021-08-01,5700
2,NSW skill level 2,NSW,2,2021-09-01,7574.508
2,NSW skill level 2,NSW,2,2021-10-01,8907.367
2,NSW skill level 2,NSW,2,2021-11-01,8878.865
2,NSW skill level 2,NSW,2,2021-12-01,8441.223
2,NSW skill level 2,NSW,2,2022-01-01,8759.079
2,NSW skill level 2,NSW,2,2022-02-01,9138.072
2,NSW skill level 2,NSW,2,2022-03-01,9494.68
2,NSW skill level 2,NSW,2,2022-04-01,9925.03
2,NSW skill level 2,NSW,2,2022-05-01,9974.757
2,NSW skill level 2,NSW,2,2022-06-01,10367.777
2,NSW skill level 2,NSW,2,2022-07-01,10063.538
2,NSW skill level 2,NSW,2,2022-08-01,10090.699
2,NSW skill level 2,NSW,2,2022-09-01,9530.507
2,NSW skill level 2,NSW,2,2022-10-01,9628.537
2,NSW skill level 2,NSW,2,2022-11-01,9448.165
2,NSW skill level 2,NSW,2,2022-12-01,9156.256
2,NSW skill level 2,NSW,2,2023-01-01,9664.251
2,NSW skill level 2,NSW,2,2023-02-01,9631.112
2,NSW skill level 2,NSW,2,2023-03-01,9324.334
2,NSW skill level 2,NSW,2,2023-04-01,9434.948
2,NSW skill level 2,NSW,2,2023-05-01,9459.271
2,NSW skill level 2,NSW,2,2023-06-01,9264.439
2,NSW skill level 2,NSW,2,2023-07-01,9340.64
2,NSW skill level 2,NSW,2,2023-08-01,9355.607
2,NSW skill level 2,NSW,2,2023-09-01,8965.332
2,NSW skill level 2,NSW,2,2023-10-01,8463.144
2,NSW skill level 2,NSW,2,2023-11-01,8447.533
2,NSW skill level 2,NSW,2,2023-12-01,8756.33
2,NSW skill level 2,NSW,2,2024-01-01,8018.89
2,NSW skill level 2,NSW,2,2024-02-01,8308.467
2,NSW skill level 2,NSW,2,2024-03-01,8274.622
2,NSW skill level 2,NSW,2,2024-04-01,7902.303
2,NSW skill level 2,NSW,2,2024-05-01,7900.396
2,NSW skill level 2,NSW,2,2024-06-01,7392.016
2,NSW skill level 2,NSW,2,2024-07-01,7063.004
2,NSW skill level 2,NSW,2,2024-08-01,7510.966
2,NSW skill level 2,NSW,2,2024-09-01,7661.251
2,NSW skill level 2,NSW,2,2024-10-01,7509.982
2,NSW skill level 2,NSW,2,2024-11-01,7083.244
2,NSW skill level 2,NSW,2,2024-12-01,7141.593
2,NSW skill level 2,NSW,2,2025-01-01,7529.585
2,NSW skill level 2,NSW,2,2025-02-01,7037.629
2,NSW skill level 2,NSW,2,2025-03-01,6971.22
2,NSW skill level 2,NSW,2,2025-04-01,7130.042
2,NSW skill level 2,NSW,2,2025-05-01,6960.7
2,NSW skill level 2,NSW,2,2025-06-01,7104.242
2,NSW skill level 2,NSW,2,2025-07-01,7269.691
2,NSW skill level 2,NSW,2,2025-08-01,6998.108
2,NSW skill level 2,NSW,2,2025-09-01,6918.175
2,NSW skill level 2,NSW,2,2025-10-01,6967.677
2,NSW skill level 2,NSW,2,2025-11-01,6839.367
2,NSW skill level 2,NSW,2,2025-12-01,6759.964
2,NSW skill level 2,NSW,2,2026-01-01,7160.556
2,NSW skill level 2,NSW,2,2026-02-01,6848.273
2,NSW skill level 2,NSW,2,2026-03-01,6954.061
2,NSW skill level 2,NSW,2,2026-04-01,6829.512
2,NSW skill level 2,NSW,2,2026-05-01,6756.488
2,NSW skill level 2,NSW,2,2026-06-01,6793.588
2,NSW skill level 2,NSW,2,2026-07-01,6912.271
2,NSW skill level 3,NSW,3,2006-01-01,8080.464
2,NSW skill level 3,NSW,3,2006-02-01,8482.785
2,NSW skill level 3,NSW,3,2006-03-01,8492.487
2,NSW skill level 3,NSW,3,2006-04-01,8347.871
2,NSW skill level 3,NSW,3,2006-05-01,8260.339
2,NSW skill level 3,NSW,3,2006-06-01,8501.586
2,NSW skill level 3,NSW,3,2006-07-01,8153.832
2,NSW skill level 3,NSW,3,2006-08-01,8190.626
2,NSW skill level 3,NSW,3,2006-09-01,8104.642
2,NSW skill level 3,NSW,3,2006-10-01,8492.203
2,NSW skill level 3,NSW,3,2006-11-01,8510.071
2,NSW skill level 3,NSW,3,2006-12-01,8333.99
2,NSW skill level 3,NSW,3,2007-01-01,8991.225
2,NSW skill level 3,NSW,3,2007-02-01,8826.908
2,NSW skill level 3,NSW,3,2007-03-01,9301.56
2,NSW skill level 3,NSW,3,2007-04-01,9647.25
2,NSW skill level 3,NSW,3,2007-05-01,9569.234
2,NSW skill level 3,NSW,3,2007-06-01,9176.103
2,NSW skill level 3,NSW,3,2007-07-01,9929.646
2,NSW skill level 3,NSW,3,2007-08-01,10165.112
2,NSW skill level 3,NSW,3,2007-09-01,10554.701
2,NSW skill level 3,NSW,3,2007-10-01,10263.049
2,NSW skill level 3,NSW,3,2007-11-01,10439.76
2,NSW skill level 3,NSW,3,2007-12-01,10715.687
2,NSW skill level 3,NSW,3,2008-01-01,10373.496
2,NSW skill level 3,NSW,3,2008-02-01,10115.691
2,NSW skill level 3,NSW,3,2008-03-01,10047.104
2,NSW skill level 3,NSW,3,2008-04-01,10342.526
2,NSW skill level 3,NSW,3,2008-05-01,10146.432
2,NSW skill level 3,NSW,3,2008-06-01,9864.645
2,NSW skill level 3,NSW,3,2008-07-01,9544.533
2,NSW skill level 3,NSW,3,2008-08-01,8840.104
2,NSW skill level 3,NSW,3,2008-09-01,8641.983
2,NSW skill level 3,NSW,3,2008-10-01,8271.061
2,NSW skill level 3,NSW,3,2008-11-01,7600.424
2,NSW skill level 3,NSW,3,2008-12-01,7246.488
2,NSW skill level 3,NSW,3,2009-01-01,6713.905
2,NSW skill level 3,NSW,3,2009-02-01,6571.637
2,NSW skill level 3,NSW,3,2009-03-01,5849.098
2,NSW skill level 3,NSW,3,2009-04-01,6087.021
2,NSW skill level 3,NSW,3,2009-05-01,5709.06
2,NSW skill level 3,NSW,3,2009-06-01,7112.755
2,NSW skill level 3,NSW,3,2009-07-01,6091.229
2,NSW skill level 3,NSW,3,2009-08-01,6258.607
2,NSW skill level 3,NSW,3,2009-09-01,6285.087
2,NSW skill level 3,NSW,3,2009-10-01,6387.894
2,NSW skill level 3,NSW,3,2009-11-01,6866.28
2,NSW skill level 3,NSW,3,2009-12-01,6931.448
2,NSW skill level 3,NSW,3,2010-01-01,7370.873
2,NSW skill level 3,NSW,3,2010-02-01,7485.5
2,NSW skill level 3,NSW,3,2010-03-01,7586.799
2,NSW skill level 3,NSW,3,2010-04-01,7069.28
2,NSW skill level 3,NSW,3,2010-05-01,7247.175
2,NSW skill level 3,NSW,3,2010-06-01,7528.715
2,NSW skill level 3,NSW,3,2010-07-01,7718.354
2,NSW skill level 3,NSW,3,2010-08-01,7989.962
2,NSW skill level 3,NSW,3,2010-09-01,8800.741
2,NSW skill level 3,NSW,3,2010-10-01,8022.607
2,NSW skill level 3,NSW,3,2010-11-01,7988.713
2,NSW skill level 3,NSW,3,2010-12-01,8108.646
2,NSW skill level 3,NSW,3,2011-01-01,8390.692
2,NSW skill level 3,NSW,3,2011-02-01,8432.948
2,NSW skill level 3,NSW,3,2011-03-01,8027.233
2,NSW skill level 3,NSW,3,2011-04-01,7912.863
2,NSW skill level 3,NSW,3,2011-05-01,7904.915
2,NSW skill level 3,NSW,3,2011-06-01,7440.675
2,NSW skill level 3,NSW,3,2011-07-01,8131.807
2,NSW skill level 3,NSW,3,2011-08-01,7887.681
2,NSW skill level 3,NSW,3,2011-09-01,7488.971
2,NSW skill level 3,NSW,3,2011-10-01,7437.821
2,NSW skill level 3,NSW,3,2011-11-01,7396.334
2,NSW skill level 3,NSW,3,2011-12-01,7246.97
2,NSW skill level 3,NSW,3,2012-01-01,6746.829
2,NSW skill level 3,NSW,3,2012-02-01,6953.099
2,NSW skill level 3,NSW,3,2012-03-01,6840.206
2,NSW skill level 3,NSW,3,2012-04-01,7197.706
2,NSW skill level 3,NSW,3,2012-05-01,6904.918
2,NSW skill level 3,NSW,3,2012-06-01,6654.83
2,NSW skill level 3,NSW,3,2012-07-01,6215.443
2,NSW skill level 3,NSW,3,2012-08-01,6261.566
2,NSW skill level 3,NSW,3,2012-09-01,6926.443
2,NSW skill level 3,NSW,3,2012-10-01,6361.352
2,NSW skill level 3,NSW,3,2012-11-01,6381.152
2,NSW skill level 3,NSW,3,2012-12-01,6304.853
2,NSW skill level 3,NSW,3,2013-01-01,5833.641
2,NSW skill level 3,NSW,3,2013-02-01,5844.557
2,NSW skill level 3,NSW,3,2013-03-01,6187.849
2,NSW skill level 3,NSW,3,2013-04-01,5885.21
2,NSW skill level 3,NSW,3,2013-05-01,6074.401
2,NSW skill level 3,NSW,3,2013-06-01,5806.808
2,NSW skill level 3,NSW,3,2013-07-01,5914.116
2,NSW skill level 3,NSW,3,2013-08-01,5919.912
2,NSW skill level 3,NSW,3,2013-09-01,6027.412
2,NSW skill level 3,NSW,3,2013-10-01,6236.379
2,NSW skill level 3,NSW,3,2013-11-01,6214.765
2,NSW skill level 3,NSW,3,2013-12-01,6323.499
2,NSW skill level 3,NSW,3,2014-01-01,6864.443
2,NSW skill level 3,NSW,3,2014-02-01,6885.094
2,NSW skill level 3,NSW,3,2014-03-01,6734.135
2,NSW skill level 3,NSW,3,2014-04-01,6646.611
2,NSW skill level 3,NSW,3,2014-05-01,7267.551
2,NSW skill level 3,NSW,3,2014-06-01,7491.872
2,NSW skill level 3,NSW,3,2014-07-01,7393.613
2,NSW skill level 3,NSW,3,2014-08-01,7619.165
2,NSW skill level 3,NSW,3,2014-09-01,7517.579
2,NSW skill level 3,NSW,3,2014-10-01,7416.703
2,NSW skill level 3,NSW,3,2014-11-01,7030.997
2,NSW skill level 3,NSW,3,2014-12-01,6778.74
2,NSW skill level 3,NSW,3,2015-01-01,7181.835
2,NSW skill level 3,NSW,3,2015-02-01,7031.78
2,NSW skill level 3,NSW,3,2015-03-01,7230.254
2,NSW skill level 3,NSW,3,2015-04-01,7162.516
2,NSW skill level 3,NSW,3,2015-05-01,7089.677
2,NSW skill level 3,NSW,3,2015-06-01,7274.984
2,NSW skill level 3,NSW,3,2015-07-01,7516.791
2,NSW skill level 3,NSW,3,2015-08-01,7119.237
2,NSW skill level 3,NSW,3,2015-09-01,7884.576
2,NSW skill level 3,NSW,3,2015-10-01,7851.055
2,NSW skill level 3,NSW,3,2015-11-01,8114.42
2,NSW skill level 3,NSW,3,2015-12-01,8348.554
2,NSW skill level 3,NSW,3,2016-01-01,8413.574
2,NSW skill level 3,NSW,3,2016-02-01,8455.625
2,NSW skill level 3,NSW,3,2016-03-01,8560.643
2,NSW skill level 3,NSW,3,2016-04-01,8755.46
2,NSW skill level 3,NSW,3,2016-05-01,8615.004
2,NSW skill level 3,NSW,3,2016-06-01,8801.781
2,NSW skill level 3,NSW,3,2016-07-01,8697.046
2,NSW skill level 3,NSW,3,2016-08-01,8630.737
2,NSW skill level 3,NSW,3,2016-09-01,8320.447
2,NSW skill level 3,NSW,3,2016-10-01,8282.154
2,NSW skill level 3,NSW,3,2016-11-01,8393.353
2,NSW skill level 3,NSW,3,2016-12-01,8281.17
2,NSW skill level 3,NSW,3,2017-01-01,8042.2
2,NSW skill level 3,NSW,3,2017-02-01,8593.099
2,NSW skill level 3,NSW,3,2017-03-01,8510.225
2,NSW skill level 3,NSW,3,2017-04-01,8819.726
2,NSW skill level 3,NSW,3,2017-05-01,8846.486
2,NSW skill level 3,NSW,3,2017-06-01,9101.381
2,NSW skill level 3,NSW,3,2017-07-01,9107.291
2,NSW skill level 3,NSW,3,2017-08-01,8812.485
2,NSW skill level 3,NSW,3,2017-09-01,9177.937
2,NSW skill level 3,NSW,3,2017-10-01,9139.367
2,NSW skill level 3,NSW,3,2017-11-01,9233.833
2,NSW skill level 3,NSW,3,2017-12-01,9183.407
2,NSW skill level 3,NSW,3,2018-01-01,9184.089
2,NSW skill level 3,NSW,3,2018-02-01,9112.189
2,NSW skill level 3,NSW,3,2018-03-01,9697.134
2,NSW skill level 3,NSW,3,2018-04-01,9437.778
2,NSW skill level 3,NSW,3,2018-05-01,9360.719
2,NSW skill level 3,NSW,3,2018-06-01,9041.692
2,NSW skill level 3,NSW,3,2018-07-01,9146.042
2,NSW skill level 3,NSW,3,2018-08-01,9266.07
2,NSW skill level 3,NSW,3,2018-09-01,8772.511
2,NSW skill level 3,NSW,3,2018-10-01,8879.094
2,NSW skill level 3,NSW,3,2018-11-01,8909.462
2,NSW skill level 3,NSW,3,2018-12-01,8712.144
2,NSW skill level 3,NSW,3,2019-01-01,9055.909
2,NSW skill level 3,NSW,3,2019-02-01,8746.769
2,NSW skill level 3,NSW,3,2019-03-01,8184.348
2,NSW skill level 3,NSW,3,2019-04-01,8146.77
2,NSW skill level 3,NSW,3,2019-05-01,8344.266
2,NSW skill level 3,NSW,3,2019-06-01,8075.642
2,NSW skill level 3,NSW,3,2019-07-01,8021.693
2,NSW skill level 3,NSW,3,2019-08-01,7792.344
2,NSW skill level 3,NSW,3,2019-09-01,7898.4
2,NSW skill level 3,NSW,3,2019-10-01,7393.826
2,NSW skill level 3,NSW,3,2019-11-01,7028.199
2,NSW skill level 3,NSW,3,2019-12-01,7479.912
2,NSW skill level 3,NSW,3,2020-01-01,7436.008
2,NSW skill level 3,NSW,3,2020-02-01,7028.029
2,NSW skill level 3,NSW,3,2020-03-01,5179.197
2,NSW skill level 3,NSW,3,2020-04-01,2680.53
2,NSW skill level 3,NSW,3,2020-05-01,3724.716
2,NSW skill level 3,NSW,3,2020-06-01,5406.974
2,NSW skill level 3,NSW,3,2020-07-01,6447.226
2,NSW skill level 3,NSW,3,2020-08-01,6496.333
2,NSW skill level 3,NSW,3,2020-09-01,7044.653
2,NSW skill level 3,NSW,3,2020-10-01,7401.219
2,NSW skill level 3,NSW,3,2020-11-01,7489.97
2,NSW skill level 3,NSW,3,2020-12-01,7602.227
2,NSW skill level 3,NSW,3,2021-01-01,8001.282
2,NSW skill level 3,NSW,3,2021-02-01,8510.83
2,NSW skill level 3,NSW,3,2021-03-01,9537.625
2,NSW skill level 3,NSW,3,2021-04-01,9966.807
2,NSW skill level 3,NSW,3,2021-05-01,9833.327
2,NSW skill level 3,NSW,3,2021-06-01,9595.728
2,NSW skill level 3,NSW,3,2021-07-01,8178.116
2,NSW skill level 3,NSW,3,2021-08-01,6818.942
2,NSW skill level 3,NSW,3,2021-09-01,9083.781
2,NSW skill level 3,NSW,3,2021-10-01,11084.746
2,NSW skill level 3,NSW,3,2021-11-01,11140.52
2,NSW skill level 3,NSW,3,2021-12-01,10900.162
2,NSW skill level 3,NSW,3,2022-01-01,11669.104
2,NSW skill level 3,NSW,3,2022-02-01,12482.951
2,NSW skill level 3,NSW,3,2022-03-01,12450.19
2,NSW skill level 3,NSW,3,2022-04-01,12291.335
2,NSW skill level 3,NSW,3,2022-05-01,12505.695
2,NSW skill level 3,NSW,3,2022-06-01,12831.487
2,NSW skill level 3,NSW,3,2022-07-01,12340.874
2,NSW skill level 3,NSW,3,2022-08-01,12404.235
2,NSW skill level 3,NSW,3,2022-09-01,12027
2,NSW skill level 3,NSW,3,2022-10-01,11760.415
2,NSW skill level 3,NSW,3,2022-11-01,11543.977
2,NSW skill level 3,NSW,3,2022-12-01,11738.95
2,NSW skill level 3,NSW,3,2023-01-01,11815.036
2,NSW skill level 3,NSW,3,2023-02-01,11994.566
2,NSW skill level 3,NSW,3,2023-03-01,11950.56
2,NSW skill level 3,NSW,3,2023-04-01,12018.754
2,NSW skill level 3,NSW,3,2023-05-01,11967.536
2,NSW skill level 3,NSW,3,2023-06-01,11628.451
2,NSW skill level 3,NSW,3,2023-07-01,12201.491
2,NSW skill level 3,NSW,3,2023-08-01,11668.251
2,NSW skill level 3,NSW,3,2023-09-01,11403.344
2,NSW skill level 3,NSW,3,2023-10-01,11069.506
2,NSW skill level 3,NSW,3,2023-11-01,11001.029
2,NSW skill level 3,NSW,3,2023-12-01,11110.424
2,NSW skill level 3,NSW,3,2024-01-01,10411.536
2,NSW skill level 3,NSW,3,2024-02-01,10182.96
2,NSW skill level 3,NSW,3,2024-03-01,10270.005
2,NSW skill level 3,NSW,3,2024-04-01,9921.681
2,NSW skill level 3,NSW,3,2024-05-01,10068.771
2,NSW skill level 3,NSW,3,2024-06-01,9800.704
2,NSW skill level 3,NSW,3,2024-07-01,9374.168
2,NSW skill level 3,NSW,3,2024-08-01,9869.399
2,NSW skill level 3,NSW,3,2024-09-01,10259.446
2,NSW skill level 3,NSW,3,2024-10-01,9374.186
2,NSW skill level 3,NSW,3,2024-11-01,9283.506
2,NSW skill level 3,NSW,3,2024-12-01,9325.785
2,NSW skill level 3,NSW,3,2025-01-01,9524.74
2,NSW skill level 3,NSW,3,2025-02-01,9121.891
2,NSW skill level 3,NSW,3,2025-03-01,8943.584
2,NSW skill level 3,NSW,3,2025-04-01,9248.788
2,NSW skill level 3,NSW,3,2025-05-01,9061.803
2,NSW skill level 3,NSW,3,2025-06-01,9494.585
2,NSW skill level 3,NSW,3,2025-07-01,9206.179
2,NSW skill level 3,NSW,3,2025-08-01,8770.194
2,NSW skill level 3,NSW,3,2025-09-01,8939.891
2,NSW skill level 3,NSW,3,2025-10-01,9091.155
2,NSW skill level 3,NSW,3,2025-11-01,8783.999
2,NSW skill level 3,NSW,3,2025-12-01,8464.994
2,NSW skill level 3,NSW,3,2026-01-01,9330.077
2,NSW skill level 3,NSW,3,2026-02-01,8764.278
2,NSW skill level 3,NSW,3,2026-03-01,8757.741
2,NSW skill level 3,NSW,3,2026-04-01,8752.115
2,NSW skill level 3,NSW,3,2026-05-01,8422.758
2,NSW skill level 3,NSW,3,2026-06-01,8086.236
2,NSW skill level 3,NSW,3,2026-07-01,8759.421
2,NSW skill level 4,NSW,4,2006-01-01,19005.274
2,NSW skill level 4,NSW,4,2006-02-01,19070.855
2,NSW skill level 4,NSW,4,2006-03-01,19141.876
2,NSW skill level 4,NSW,4,2006-04-01,19547.918
2,NSW skill level 4,NSW,4,2006-05-01,18877.392
2,NSW skill level 4,NSW,4,2006-06-01,20177.821
2,NSW skill level 4,NSW,4,2006-07-01,19616.065
2,NSW skill level 4,NSW,4,2006-08-01,19610.853
2,NSW skill level 4,NSW,4,2006-09-01,18881.117
2,NSW skill level 4,NSW,4,2006-10-01,20558.349
2,NSW skill level 4,NSW,4,2006-11-01,20594.116
2,NSW skill level 4,NSW,4,2006-12-01,20297.917
2,NSW skill level 4,NSW,4,2007-01-01,20581.414
2,NSW skill level 4,NSW,4,2007-02-01,21244.292
2,NSW skill level 4,NSW,4,2007-03-01,21966.938
2,NSW skill level 4,NSW,4,2007-04-01,22141.304
2,NSW skill level 4,NSW,4,2007-05-01,22976.733
2,NSW skill level 4,NSW,4,2007-06-01,22580.741
2,NSW skill level 4,NSW,4,2007-07-01,23278.945
2,NSW skill level 4,NSW,4,2007-08-01,23875.429
2,NSW skill level 4,NSW,4,2007-09-01,23869.792
2,NSW skill level 4,NSW,4,2007-10-01,24666.396
2,NSW skill level 4,NSW,4,2007-11-01,24443.322
2,NSW skill level 4,NSW,4,2007-12-01,25165.714
2,NSW skill level 4,NSW,4,2008-01-01,24522.918
2,NSW skill level 4,NSW,4,2008-02-01,24401.084
2,NSW skill level 4,NSW,4,2008-03-01,24833.159
2,NSW skill level 4,NSW,4,2008-04-01,24856.959
2,NSW skill level 4,NSW,4,2008-05-01,23827.21
2,NSW skill level 4,NSW,4,2008-06-01,22944.015
2,NSW skill level 4,NSW,4,2008-07-01,21858.853
2,NSW skill level 4,NSW,4,2008-08-01,20461.182
2,NSW skill level 4,NSW,4,2008-09-01,19282.423
2,NSW skill level 4,NSW,4,2008-10-01,17779.161
2,NSW skill level 4,NSW,4,2008-11-01,16310.503
2,NSW skill level 4,NSW,4,2008-12-01,15083.909
2,NSW skill level 4,NSW,4,2009-01-01,14448.573
2,NSW skill level 4,NSW,4,2009-02-01,13650.612
2,NSW skill level 4,NSW,4,2009-03-01,11629.193
2,NSW skill level 4,NSW,4,2009-04-01,12189.156
2,NSW skill level 4,NSW,4,2009-05-01,11409.848
2,NSW skill level 4,NSW,4,2009-06-01,13692.027
2,NSW skill level 4,NSW,4,2009-07-01,11501.049
2,NSW skill level 4,NSW,4,2009-08-01,12550.201
2,NSW skill level 4,NSW,4,2009-09-01,12554.576
2,NSW skill level 4,NSW,4,2009-10-01,12234.737
2,NSW skill level 4,NSW,4,2009-11-01,13113.264
2,NSW skill level 4,NSW,4,2009-12-01,12909.671
2,NSW skill level 4,NSW,4,2010-01-01,13338.686
2,NSW skill level 4,NSW,4,2010-02-01,13761.329
2,NSW skill level 4,NSW,4,2010-03-01,12945.983
2,NSW skill level 4,NSW,4,2010-04-01,12434.441
2,NSW skill level 4,NSW,4,2010-05-01,13192.826
2,NSW skill level 4,NSW,4,2010-06-01,13256.106
2,NSW skill level 4,NSW,4,2010-07-01,13944.611
2,NSW skill level 4,NSW,4,2010-08-01,14246.647
2,NSW skill level 4,NSW,4,2010-09-01,15511.85
2,NSW skill level 4,NSW,4,2010-10-01,15735.087
2,NSW skill level 4,NSW,4,2010-11-01,15917.636
2,NSW skill level 4,NSW,4,2010-12-01,16469.442
2,NSW skill level 4,NSW,4,2011-01-01,16482.674
2,NSW skill level 4,NSW,4,2011-02-01,16248.223
2,NSW skill level 4,NSW,4,2011-03-01,16069.299
2,NSW skill level 4,NSW,4,2011-04-01,15845.034
2,NSW skill level 4,NSW,4,2011-05-01,15916.663
2,NSW skill level 4,NSW,4,2011-06-01,14783.53
2,NSW skill level 4,NSW,4,2011-07-01,15568.562
2,NSW skill level 4,NSW,4,2011-08-01,15206.608
2,NSW skill level 4,NSW,4,2011-09-01,14262.515
2,NSW skill level 4,NSW,4,2011-10-01,14383.105
2,NSW skill level 4,NSW,4,2011-11-01,14022.139
2,NSW skill level 4,NSW,4,2011-12-01,14170.714
2,NSW skill level 4,NSW,4,2012-01-01,13635.464
2,NSW skill level 4,NSW,4,2012-02-01,13926.064
2,NSW skill level 4,NSW,4,2012-03-01,13687.085
2,NSW skill level 4,NSW,4,2012-04-01,13709.704
2,NSW skill level 4,NSW,4,2012-05-01,13239.559
2,NSW skill level 4,NSW,4,2012-06-01,12935.46
2,NSW skill level 4,NSW,4,2012-07-01,12284.347
2,NSW skill level 4,NSW,4,2012-08-01,12637.544
2,NSW skill level 4,NSW,4,2012-09-01,12612.858
2,NSW skill level 4,NSW,4,2012-10-01,12286.921
2,NSW skill level 4,NSW,4,2012-11-01,12032.84
2,NSW skill level 4,NSW,4,2012-12-01,11783.367
2,NSW skill level 4,NSW,4,2013-01-01,11812.957
2,NSW skill level 4,NSW,4,2013-02-01,11743.808
2,NSW skill level 4,NSW,4,2013-03-01,11922.541
2,NSW skill level 4,NSW,4,2013-04-01,11443.751
2,NSW skill level 4,NSW,4,2013-05-01,11589.339
2,NSW skill level 4,NSW,4,2013-06-01,11681.932
2,NSW skill level 4,NSW,4,2013-07-01,11673.703
2,NSW skill level 4,NSW,4,2013-08-01,11536.406
2,NSW skill level 4,NSW,4,2013-09-01,11664.306
2,NSW skill level 4,NSW,4,2013-10-01,11632.071
2,NSW skill level 4,NSW,4,2013-11-01,11685.516
2,NSW skill level 4,NSW,4,2013-12-01,11874.007
2,NSW skill level 4,NSW,4,2014-01-01,12516.924
2,NSW skill level 4,NSW,4,2014-02-01,11917.735
2,NSW skill level 4,NSW,4,2014-03-01,12089.52
2,NSW skill level 4,NSW,4,2014-04-01,12141.441
2,NSW skill level 4,NSW,4,2014-05-01,12786.835
2,NSW skill level 4,NSW,4,2014-06-01,13336.876
2,NSW skill level 4,NSW,4,2014-07-01,12857.689
2,NSW skill level 4,NSW,4,2014-08-01,13211.471
2,NSW skill level 4,NSW,4,2014-09-01,13238.556
2,NSW skill level 4,NSW,4,2014-10-01,13658.615
2,NSW skill level 4,NSW,4,2014-11-01,13333.993
2,NSW skill level 4,NSW,4,2014-12-01,12998.14
2,NSW skill level 4,NSW,4,2015-01-01,13755.863
2,NSW skill level 4,NSW,4,2015-02-01,13707.898
2,NSW skill level 4,NSW,4,2015-03-01,14077.584
2,NSW skill level 4,NSW,4,2015-04-01,14115.131
2,NSW skill level 4,NSW,4,2015-05-01,13576.592
2,NSW skill level 4,NSW,4,2015-06-01,13696.596
2,NSW skill level 4,NSW,4,2015-07-01,14318.644
2,NSW skill level 4,NSW,4,2015-08-01,14284.995
2,NSW skill level 4,NSW,4,2015-09-01,14593.146
2,NSW skill level 4,NSW,4,2015-10-01,14688.11
2,NSW skill level 4,NSW,4,2015-11-01,15104.115
2,NSW skill level 4,NSW,4,2015-12-01,14864.7
2,NSW skill level 4,NSW,4,2016-01-01,14835.903
2,NSW skill level 4,NSW,4,2016-02-01,14948.051
2,NSW skill level 4,NSW,4,2016-03-01,15015.082
2,NSW skill level 4,NSW,4,2016-04-01,15500.652
2,NSW skill level 4,NSW,4,2016-05-01,15528.406
2,NSW skill level 4,NSW,4,2016-06-01,16312.044
2,NSW skill level 4,NSW,4,2016-07-01,15500.292
2,NSW skill level 4,NSW,4,2016-08-01,15499.442
2,NSW skill level 4,NSW,4,2016-09-01,15340.909
2,NSW skill level 4,NSW,4,2016-10-01,15371.487
2,NSW skill level 4,NSW,4,2016-11-01,15252.374
2,NSW skill level 4,NSW,4,2016-12-01,15301.919
2,NSW skill level 4,NSW,4,2017-01-01,15262.168
2,NSW skill level 4,NSW,4,2017-02-01,15470.532
2,NSW skill level 4,NSW,4,2017-03-01,15061.151
2,NSW skill level 4,NSW,4,2017-04-01,15765.082
2,NSW skill level 4,NSW,4,2017-05-01,16126.334
2,NSW skill level 4,NSW,4,2017-06-01,16458.957
2,NSW skill level 4,NSW,4,2017-07-01,16123.175
2,NSW skill level 4,NSW,4,2017-08-01,15860.378
2,NSW skill level 4,NSW,4,2017-09-01,15817.072
2,NSW skill level 4,NSW,4,2017-10-01,15959.759
2,NSW skill level 4,NSW,4,2017-11-01,15950.132
2,NSW skill level 4,NSW,4,2017-12-01,15547.571
2,NSW skill level 4,NSW,4,2018-01-01,15915.539
2,NSW skill level 4,NSW,4,2018-02-01,16332.737
2,NSW skill level 4,NSW,4,2018-03-01,17378.701
2,NSW skill level 4,NSW,4,2018-04-01,16953.32
2,NSW skill level 4,NSW,4,2018-05-01,16466.231
2,NSW skill level 4,NSW,4,2018-06-01,16174.832
2,NSW skill level 4,NSW,4,2018-07-01,16219.513
2,NSW skill level 4,NSW,4,2018-08-01,16635.813
2,NSW skill level 4,NSW,4,2018-09-01,16008.814
2,NSW skill level 4,NSW,4,2018-10-01,15499.832
2,NSW skill level 4,NSW,4,2018-11-01,15497.073
2,NSW skill level 4,NSW,4,2018-12-01,15207.85
2,NSW skill level 4,NSW,4,2019-01-01,16351.462
2,NSW skill level 4,NSW,4,2019-02-01,15794.601
2,NSW skill level 4,NSW,4,2019-03-01,14659.811
2,NSW skill level 4,NSW,4,2019-04-01,14361.423
2,NSW skill level 4,NSW,4,2019-05-01,14798.527
2,NSW skill level 4,NSW,4,2019-06-01,14130.901
2,NSW skill level 4,NSW,4,2019-07-01,14187.685
2,NSW skill level 4,NSW,4,2019-08-01,13531.5
2,NSW skill level 4,NSW,4,2019-09-01,13652.032
2,NSW skill level 4,NSW,4,2019-10-01,13085.678
2,NSW skill level 4,NSW,4,2019-11-01,12324.082
2,NSW skill level 4,NSW,4,2019-12-01,13070.069
2,NSW skill level 4,NSW,4,2020-01-01,13702.255
2,NSW skill level 4,NSW,4,2020-02-01,12477.398
2,NSW skill level 4,NSW,4,2020-03-01,9384.647
2,NSW skill level 4,NSW,4,2020-04-01,4826.303
2,NSW skill level 4,NSW,4,2020-05-01,6627.07
2,NSW skill level 4,NSW,4,2020-06-01,9364.502
2,NSW skill level 4,NSW,4,2020-07-01,11121.16
2,NSW skill level 4,NSW,4,2020-08-01,11387.077
2,NSW skill level 4,NSW,4,2020-09-01,12552.051
2,NSW skill level 4,NSW,4,2020-10-01,13241.725
2,NSW skill level 4,NSW,4,2020-11-01,14053.975
2,NSW skill level 4,NSW,4,2020-12-01,14460.267
2,NSW skill level 4,NSW,4,2021-01-01,14883.283
2,NSW skill level 4,NSW,4,2021-02-01,16240.768
2,NSW skill level 4,NSW,4,2021-03-01,17921.6
2,NSW skill level 4,NSW,4,2021-04-01,19089.52
2,NSW skill level 4,NSW,4,2021-05-01,19449.879
2,NSW skill level 4,NSW,4,2021-06-01,19005.777
2,NSW skill level 4,NSW,4,2021-07-01,15395.629
2,NSW skill level 4,NSW,4,2021-08-01,13059.241
2,NSW skill level 4,NSW,4,2021-09-01,17421.839
2,NSW skill level 4,NSW,4,2021-10-01,22238.102
2,NSW skill level 4,NSW,4,2021-11-01,21876.911
2,NSW skill level 4,NSW,4,2021-12-01,21466.83
2,NSW skill level 4,NSW,4,2022-01-01,21943.843
2,NSW skill level 4,NSW,4,2022-02-01,22957.085
2,NSW skill level 4,NSW,4,2022-03-01,23606.059
2,NSW skill level 4,NSW,4,2022-04-01,24714.538
2,NSW skill level 4,NSW,4,2022-05-01,24897.158
2,NSW skill level 4,NSW,4,2022-06-01,26192.542
2,NSW skill level 4,NSW,4,2022-07-01,24893.333
2,NSW skill level 4,NSW,4,2022-08-01,25205.453
2,NSW skill level 4,NSW,4,2022-09-01,24248.814
2,NSW skill level 4,NSW,4,2022-10-01,24055.084
2,NSW skill level 4,NSW,4,2022-11-01,22903.747
2,NSW skill level 4,NSW,4,2022-12-01,22404.76
2,NSW skill level 4,NSW,4,2023-01-01,22768.443
2,NSW skill level 4,NSW,4,2023-02-01,22970.907
2,NSW skill level 4,NSW,4,2023-03-01,22565.711
2,NSW skill level 4,NSW,4,2023-04-01,22581.304
2,NSW skill level 4,NSW,4,2023-05-01,21907.725
2,NSW skill level 4,NSW,4,2023-06-01,21528.676
2,NSW skill level 4,NSW,4,2023-07-01,22243.265
2,NSW skill level 4,NSW,4,2023-08-01,21536.531
2,NSW skill level 4,NSW,4,2023-09-01,20731.108
2,NSW skill level 4,NSW,4,2023-10-01,19832.616
2,NSW skill level 4,NSW,4,2023-11-01,18890.834
2,NSW skill level 4,NSW,4,2023-12-01,19412.735
2,NSW skill level 4,NSW,4,2024-01-01,18544.392
2,NSW skill level 4,NSW,4,2024-02-01,18053.521
2,NSW skill level 4,NSW,4,2024-03-01,18548.29
2,NSW skill level 4,NSW,4,2024-04-01,17289.89
2,NSW skill level 4,NSW,4,2024-05-01,17219.466
2,NSW skill level 4,NSW,4,2024-06-01,16569.151
2,NSW skill level 4,NSW,4,2024-07-01,16105.386
2,NSW skill level 4,NSW,4,2024-08-01,16629.217
2,NSW skill level 4,NSW,4,2024-09-01,16488.985
2,NSW skill level 4,NSW,4,2024-10-01,15890.323
2,NSW skill level 4,NSW,4,2024-11-01,15923.56
2,NSW skill level 4,NSW,4,2024-12-01,15281.33
2,NSW skill level 4,NSW,4,2025-01-01,15585.903
2,NSW skill level 4,NSW,4,2025-02-01,14778.196
2,NSW skill level 4,NSW,4,2025-03-01,14458.215
2,NSW skill level 4,NSW,4,2025-04-01,14925.073
2,NSW skill level 4,NSW,4,2025-05-01,14748.085
2,NSW skill level 4,NSW,4,2025-06-01,14673.901
2,NSW skill level 4,NSW,4,2025-07-01,15039.888
2,NSW skill level 4,NSW,4,2025-08-01,14041.105
2,NSW skill level 4,NSW,4,2025-09-01,14779.73
2,NSW skill level 4,NSW,4,2025-10-01,15077.745
2,NSW skill level 4,NSW,4,2025-11-01,14720.521
2,NSW skill level 4,NSW,4,2025-12-01,15022.497
2,NSW skill level 4,NSW,4,2026-01-01,16278.598
2,NSW skill level 4,NSW,4,2026-02-01,15065.005
2,NSW skill level 4,NSW,4,2026-03-01,15125.704
2,NSW skill level 4,NSW,4,2026-04-01,14621.511
2,NSW skill level 4,NSW,4,2026-05-01,14169.27
2,NSW skill level 4,NSW,4,2026-06-01,14556.007
2,NSW skill level 4,NSW,4,2026-07-01,14732.318
2,NSW skill level 5,NSW,5,2006-01-01,12070.572
2,NSW skill level 5,NSW,5,2006-02-01,12228.511
2,NSW skill level 5,NSW,5,2006-03-01,12460.648
2,NSW skill level 5,NSW,5,2006-04-01,12461.364
2,NSW skill level 5,NSW,5,2006-05-01,12533.262
2,NSW skill level 5,NSW,5,2006-06-01,12449.714
2,NSW skill level 5,NSW,5,2006-07-01,12571.31
2,NSW skill level 5,NSW,5,2006-08-01,12671.177
2,NSW skill level 5,NSW,5,2006-09-01,12473.646
2,NSW skill level 5,NSW,5,2006-10-01,12847.011
2,NSW skill level 5,NSW,5,2006-11-01,12993.013
2,NSW skill level 5,NSW,5,2006-12-01,12706.531
2,NSW skill level 5,NSW,5,2007-01-01,13127.647
2,NSW skill level 5,NSW,5,2007-02-01,13214.082
2,NSW skill level 5,NSW,5,2007-03-01,13594.494
2,NSW skill level 5,NSW,5,2007-04-01,13572.427
2,NSW skill level 5,NSW,5,2007-05-01,13876.63
2,NSW skill level 5,NSW,5,2007-06-01,14046.054
2,NSW skill level 5,NSW,5,2007-07-01,14061.1
2,NSW skill level 5,NSW,5,2007-08-01,14286.857
2,NSW skill level 5,NSW,5,2007-09-01,14183.218
2,NSW skill level 5,NSW,5,2007-10-01,14260.843
2,NSW skill level 5,NSW,5,2007-11-01,14084.405
2,NSW skill level 5,NSW,5,2007-12-01,14031.787
2,NSW skill level 5,NSW,5,2008-01-01,14045.949
2,NSW skill level 5,NSW,5,2008-02-01,14182.984
2,NSW skill level 5,NSW,5,2008-03-01,14295.15
2,NSW skill level 5,NSW,5,2008-04-01,13853.808
2,NSW skill level 5,NSW,5,2008-05-01,13941.925
2,NSW skill level 5,NSW,5,2008-06-01,13509.094
2,NSW skill level 5,NSW,5,2008-07-01,12822.664
2,NSW skill level 5,NSW,5,2008-08-01,12099.084
2,NSW skill level 5,NSW,5,2008-09-01,11723.68
2,NSW skill level 5,NSW,5,2008-10-01,10951.394
2,NSW skill level 5,NSW,5,2008-11-01,10057.251
2,NSW skill level 5,NSW,5,2008-12-01,10047.114
2,NSW skill level 5,NSW,5,2009-01-01,9125.462
2,NSW skill level 5,NSW,5,2009-02-01,8776.896
2,NSW skill level 5,NSW,5,2009-03-01,8186.189
2,NSW skill level 5,NSW,5,2009-04-01,8486.368
2,NSW skill level 5,NSW,5,2009-05-01,7770.882
2,NSW skill level 5,NSW,5,2009-06-01,8369.889
2,NSW skill level 5,NSW,5,2009-07-01,7054.922
2,NSW skill level 5,NSW,5,2009-08-01,7709.474
2,NSW skill level 5,NSW,5,2009-09-01,7969.133
2,NSW skill level 5,NSW,5,2009-10-01,8456.868
2,NSW skill level 5,NSW,5,2009-11-01,8993.008
2,NSW skill level 5,NSW,5,2009-12-01,8964.882
2,NSW skill level 5,NSW,5,2010-01-01,8843.332
2,NSW skill level 5,NSW,5,2010-02-01,9151.346
2,NSW skill level 5,NSW,5,2010-03-01,7639.767
2,NSW skill level 5,NSW,5,2010-04-01,7295.407
2,NSW skill level 5,NSW,5,2010-05-01,7967.859
2,NSW skill level 5,NSW,5,2010-06-01,8165.835
2,NSW skill level 5,NSW,5,2010-07-01,8282.752
2,NSW skill level 5,NSW,5,2010-08-01,8597.241
2,NSW skill level 5,NSW,5,2010-09-01,8648.739
2,NSW skill level 5,NSW,5,2010-10-01,8206.847
2,NSW skill level 5,NSW,5,2010-11-01,8340.524
2,NSW skill level 5,NSW,5,2010-12-01,8326.371
2,NSW skill level 5,NSW,5,2011-01-01,8764.846
2,NSW skill level 5,NSW,5,2011-02-01,8922.179
2,NSW skill level 5,NSW,5,2011-03-01,8820.809
2,NSW skill level 5,NSW,5,2011-04-01,8735.21
2,NSW skill level 5,NSW,5,2011-05-01,8688.56
2,NSW skill level 5,NSW,5,2011-06-01,8188.402
2,NSW skill level 5,NSW,5,2011-07-01,8654.133
2,NSW skill level 5,NSW,5,2011-08-01,8496.088
2,NSW skill level 5,NSW,5,2011-09-01,7954.337
2,NSW skill level 5,NSW,5,2011-10-01,7849.369
2,NSW skill level 5,NSW,5,2011-11-01,8006.234
2,NSW skill level 5,NSW,5,2011-12-01,7629.027
2,NSW skill level 5,NSW,5,2012-01-01,7550.43
2,NSW skill level 5,NSW,5,2012-02-01,7487.456
2,NSW skill level 5,NSW,5,2012-03-01,7453.732
2,NSW skill level 5,NSW,5,2012-04-01,7464.562
2,NSW skill level 5,NSW,5,2012-05-01,7411.789
2,NSW skill level 5,NSW,5,2012-06-01,7071.721
2,NSW skill level 5,NSW,5,2012-07-01,6815.448
2,NSW skill level 5,NSW,5,2012-08-01,6697.762
2,NSW skill level 5,NSW,5,2012-09-01,7009.967
2,NSW skill level 5,NSW,5,2012-10-01,6739.724
2,NSW skill level 5,NSW,5,2012-11-01,6617.731
2,NSW skill level 5,NSW,5,2012-12-01,6693.123
2,NSW skill level 5,NSW,5,2013-01-01,6212.945
2,NSW skill level 5,NSW,5,2013-02-01,6162.901
2,NSW skill level 5,NSW,5,2013-03-01,6412.484
2,NSW skill level 5,NSW,5,2013-04-01,5891.555
2,NSW skill level 5,NSW,5,2013-05-01,6308.93
2,NSW skill level 5,NSW,5,2013-06-01,6157.13
2,NSW skill level 5,NSW,5,2013-07-01,6207.149
2,NSW skill level 5,NSW,5,2013-08-01,6302.634
2,NSW skill level 5,NSW,5,2013-09-01,6228.96
2,NSW skill level 5,NSW,5,2013-10-01,6295.278
2,NSW skill level 5,NSW,5,2013-11-01,5994.752
2,NSW skill level 5,NSW,5,2013-12-01,6178.435
2,NSW skill level 5,NSW,5,2014-01-01,6517.645
2,NSW skill level 5,NSW,5,2014-02-01,6442.712
2,NSW skill level 5,NSW,5,2014-03-01,6360.245
2,NSW skill level 5,NSW,5,2014-04-01,6370.13
2,NSW skill level 5,NSW,5,2014-05-01,6586.764
2,NSW skill level 5,NSW,5,2014-06-01,6965.97
2,NSW skill level 5,NSW,5,2014-07-01,6816.461
2,NSW skill level 5,NSW,5,2014-08-01,7101.429
2,NSW skill level 5,NSW,5,2014-09-01,6762.461
2,NSW skill level 5,NSW,5,2014-10-01,6949.266
2,NSW skill level 5,NSW,5,2014-11-01,6907.528
2,NSW skill level 5,NSW,5,2014-12-01,6645.574
2,NSW skill level 5,NSW,5,2015-01-01,6928.864
2,NSW skill level 5,NSW,5,2015-02-01,6808.846
2,NSW skill level 5,NSW,5,2015-03-01,7106.525
2,NSW skill level 5,NSW,5,2015-04-01,6829.536
2,NSW skill level 5,NSW,5,2015-05-01,6372.907
2,NSW skill level 5,NSW,5,2015-06-01,6050.887
2,NSW skill level 5,NSW,5,2015-07-01,6221.761
2,NSW skill level 5,NSW,5,2015-08-01,6188.714
2,NSW skill level 5,NSW,5,2015-09-01,6838.955
2,NSW skill level 5,NSW,5,2015-10-01,6875.811
2,NSW skill level 5,NSW,5,2015-11-01,7160.119
2,NSW skill level 5,NSW,5,2015-12-01,7019.765
2,NSW skill level 5,NSW,5,2016-01-01,7006.756
2,NSW skill level 5,NSW,5,2016-02-01,7438.045
2,NSW skill level 5,NSW,5,2016-03-01,7256.873
2,NSW skill level 5,NSW,5,2016-04-01,7417.028
2,NSW skill level 5,NSW,5,2016-05-01,7501.383
2,NSW skill level 5,NSW,5,2016-06-01,7653.274
2,NSW skill level 5,NSW,5,2016-07-01,7648.04
2,NSW skill level 5,NSW,5,2016-08-01,7396.952
2,NSW skill level 5,NSW,5,2016-09-01,7253.339
2,NSW skill level 5,NSW,5,2016-10-01,7251.284
2,NSW skill level 5,NSW,5,2016-11-01,6958.428
2,NSW skill level 5,NSW,5,2016-12-01,7071.69
2,NSW skill level 5,NSW,5,2017-01-01,6879.369
2,NSW skill level 5,NSW,5,2017-02-01,7099.471
2,NSW skill level 5,NSW,5,2017-03-01,6987.415
2,NSW skill level 5,NSW,5,2017-04-01,7325.993
2,NSW skill level 5,NSW,5,2017-05-01,7500.115
2,NSW skill level 5,NSW,5,2017-06-01,7721.707
2,NSW skill level 5,NSW,5,2017-07-01,7571.798
2,NSW skill level 5,NSW,5,2017-08-01,7154.473
2,NSW skill level 5,NSW,5,2017-09-01,7141.462
2,NSW skill level 5,NSW,5,2017-10-01,7104.558
2,NSW skill level 5,NSW,5,2017-11-01,7066.016
2,NSW skill level 5,NSW,5,2017-12-01,7036.546
2,NSW skill level 5,NSW,5,2018-01-01,7055.137
2,NSW skill level 5,NSW,5,2018-02-01,6897.367
2,NSW skill level 5,NSW,5,2018-03-01,7095.501
2,NSW skill level 5,NSW,5,2018-04-01,6827.608
2,NSW skill level 5,NSW,5,2018-05-01,6743.619
2,NSW skill level 5,NSW,5,2018-06-01,6502.533
2,NSW skill level 5,NSW,5,2018-07-01,6489.291
2,NSW skill level 5,NSW,5,2018-08-01,6603.497
2,NSW skill level 5,NSW,5,2018-09-01,6347.879
2,NSW skill level 5,NSW,5,2018-10-01,6012.666
2,NSW skill level 5,NSW,5,2018-11-01,6056.179
2,NSW skill level 5,NSW,5,2018-12-01,5940.838
2,NSW skill level 5,NSW,5,2019-01-01,6566.558
2,NSW skill level 5,NSW,5,2019-02-01,6158.645
2,NSW skill level 5,NSW,5,2019-03-01,5725.765
2,NSW skill level 5,NSW,5,2019-04-01,5622.018
2,NSW skill level 5,NSW,5,2019-05-01,5659.041
2,NSW skill level 5,NSW,5,2019-06-01,5436.481
2,NSW skill level 5,NSW,5,2019-07-01,5378.647
2,NSW skill level 5,NSW,5,2019-08-01,5393.435
2,NSW skill level 5,NSW,5,2019-09-01,5275.272
2,NSW skill level 5,NSW,5,2019-10-01,4953.47
2,NSW skill level 5,NSW,5,2019-11-01,4709.761
2,NSW skill level 5,NSW,5,2019-12-01,4788.53
2,NSW skill level 5,NSW,5,2020-01-01,5170.385
2,NSW skill level 5,NSW,5,2020-02-01,4988.628
2,NSW skill level 5,NSW,5,2020-03-01,3827.517
2,NSW skill level 5,NSW,5,2020-04-01,1910.665
2,NSW skill level 5,NSW,5,2020-05-01,2761.101
2,NSW skill level 5,NSW,5,2020-06-01,4025.678
2,NSW skill level 5,NSW,5,2020-07-01,4797.186
2,NSW skill level 5,NSW,5,2020-08-01,5000.42
2,NSW skill level 5,NSW,5,2020-09-01,5664.263
2,NSW skill level 5,NSW,5,2020-10-01,6194.409
2,NSW skill level 5,NSW,5,2020-11-01,6398.567
2,NSW skill level 5,NSW,5,2020-12-01,6785.868
2,NSW skill level 5,NSW,5,2021-01-01,6617.901
2,NSW skill level 5,NSW,5,2021-02-01,7355.562
2,NSW skill level 5,NSW,5,2021-03-01,8282.071
2,NSW skill level 5,NSW,5,2021-04-01,8977.224
2,NSW skill level 5,NSW,5,2021-05-01,9010.761
2,NSW skill level 5,NSW,5,2021-06-01,8800.669
2,NSW skill level 5,NSW,5,2021-07-01,6726.354
2,NSW skill level 5,NSW,5,2021-08-01,5866.204
2,NSW skill level 5,NSW,5,2021-09-01,8352.531
2,NSW skill level 5,NSW,5,2021-10-01,11078.563
2,NSW skill level 5,NSW,5,2021-11-01,11116.087
2,NSW skill level 5,NSW,5,2021-12-01,11115.692
2,NSW skill level 5,NSW,5,2022-01-01,11112.069
2,NSW skill level 5,NSW,5,2022-02-01,11576.617
2,NSW skill level 5,NSW,5,2022-03-01,11920.665
2,NSW skill level 5,NSW,5,2022-04-01,12419.141
2,NSW skill level 5,NSW,5,2022-05-01,12371.031
2,NSW skill level 5,NSW,5,2022-06-01,12794.491
2,NSW skill level 5,NSW,5,2022-07-01,12024.065
2,NSW skill level 5,NSW,5,2022-08-01,11752.14
2,NSW skill level 5,NSW,5,2022-09-01,11079.46
2,NSW skill level 5,NSW,5,2022-10-01,10971.116
2,NSW skill level 5,NSW,5,2022-11-01,10298.918
2,NSW skill level 5,NSW,5,2022-12-01,10048.446
2,NSW skill level 5,NSW,5,2023-01-01,10126.002
2,NSW skill level 5,NSW,5,2023-02-01,9953.791
2,NSW skill level 5,NSW,5,2023-03-01,9508.31
2,NSW skill level 5,NSW,5,2023-04-01,9543.274
2,NSW skill level 5,NSW,5,2023-05-01,9152.895
2,NSW skill level 5,NSW,5,2023-06-01,8950.966
2,NSW skill level 5,NSW,5,2023-07-01,9067.426
2,NSW skill level 5,NSW,5,2023-08-01,8936.971
2,NSW skill level 5,NSW,5,2023-09-01,8567.683
2,NSW skill level 5,NSW,5,2023-10-01,7696.961
2,NSW skill level 5,NSW,5,2023-11-01,7620.955
2,NSW skill level 5,NSW,5,2023-12-01,7554.306
2,NSW skill level 5,NSW,5,2024-01-01,7623.935
2,NSW skill level 5,NSW,5,2024-02-01,7521.267
2,NSW skill level 5,NSW,5,2024-03-01,7598.906
2,NSW skill level 5,NSW,5,2024-04-01,7111.667
2,NSW skill level 5,NSW,5,2024-05-01,7272.104
2,NSW skill level 5,NSW,5,2024-06-01,7105.313
2,NSW skill level 5,NSW,5,2024-07-01,6798.828
2,NSW skill level 5,NSW,5,2024-08-01,7080.768
2,NSW skill level 5,NSW,5,2024-09-01,7529.114
2,NSW skill level 5,NSW,5,2024-10-01,7058.409
2,NSW skill level 5,NSW,5,2024-11-01,6740.507
2,NSW skill level 5,NSW,5,2024-12-01,6723.272
2,NSW skill level 5,NSW,5,2025-01-01,6849.137
2,NSW skill level 5,NSW,5,2025-02-01,6458.115
2,NSW skill level 5,NSW,5,2025-03-01,6483.939
2,NSW skill level 5,NSW,5,2025-04-01,6476.9
2,NSW skill level 5,NSW,5,2025-05-01,6597.486
2,NSW skill level 5,NSW,5,2025-06-01,6786.654
2,NSW skill level 5,NSW,5,2025-07-01,6787.17
2,NSW skill level 5,NSW,5,2025-08-01,6328.93
2,NSW skill level 5,NSW,5,2025-09-01,6889.57
2,NSW skill level 5,NSW,5,2025-10-01,6976.444
2,NSW skill level 5,NSW,5,2025-11-01,6749.112
2,NSW skill level 5,NSW,5,2025-12-01,6705.162
2,NSW skill level 5,NSW,5,2026-01-01,7283.686
2,NSW skill level 5,NSW,5,2026-02-01,6888.594
2,NSW skill level 5,NSW,5,2026-03-01,6719.196
2,NSW skill level 5,NSW,5,2026-04-01,6810.756
2,NSW skill level 5,NSW,5,2026-05-01,6412.242
2,NSW skill level 5,NSW,5,2026-06-01,6354.919
2,NSW skill level 5,NSW,5,2026-07-01,6640.731
1,VIC TOTAL,VIC,0,2006-01-01,49057.827
1,VIC TOTAL,VIC,0,2006-02-01,51193.778
1,VIC TOTAL,VIC,0,2006-03-01,51935.288
1,VIC TOTAL,VIC,0,2006-04-01,51719.927
1,VIC TOTAL,VIC,0,2006-05-01,50444.104
1,VIC TOTAL,VIC,0,2006-06-01,53726.149
1,VIC TOTAL,VIC,0,2006-07-01,52442.227
1,VIC TOTAL,VIC,0,2006-08-01,52807.669
1,VIC TOTAL,VIC,0,2006-09-01,50960.81
1,VIC TOTAL,VIC,0,2006-10-01,55582.796
1,VIC TOTAL,VIC,0,2006-11-01,56341.883
1,VIC TOTAL,VIC,0,2006-12-01,55276.884
1,VIC TOTAL,VIC,0,2007-01-01,57580.041
1,VIC TOTAL,VIC,0,2007-02-01,60224.115
1,VIC TOTAL,VIC,0,2007-03-01,61712.095
1,VIC TOTAL,VIC,0,2007-04-01,62164.422
1,VIC TOTAL,VIC,0,2007-05-01,64469.376
1,VIC TOTAL,VIC,0,2007-06-01,62627.401
1,VIC TOTAL,VIC,0,2007-07-01,65046.81
1,VIC TOTAL,VIC,0,2007-08-01,66724.979
1,VIC TOTAL,VIC,0,2007-09-01,67428.628
1,VIC TOTAL,VIC,0,2007-10-01,65680.084
1,VIC TOTAL,VIC,0,2007-11-01,69048.234
1,VIC TOTAL,VIC,0,2007-12-01,71503.459
1,VIC TOTAL,VIC,0,2008-01-01,72295.757
1,VIC TOTAL,VIC,0,2008-02-01,70548.749
1,VIC TOTAL,VIC,0,2008-03-01,66337.3
1,VIC TOTAL,VIC,0,2008-04-01,71316.881
1,VIC TOTAL,VIC,0,2008-05-01,70354.716
1,VIC TOTAL,VIC,0,2008-06-01,68892.822
1,VIC TOTAL,VIC,0,2008-07-01,65826.736
1,VIC TOTAL,VIC,0,2008-08-01,62248.59
1,VIC TOTAL,VIC,0,2008-09-01,59746.032
1,VIC TOTAL,VIC,0,2008-10-01,58252.335
1,VIC TOTAL,VIC,0,2008-11-01,52565.462
1,VIC TOTAL,VIC,0,2008-12-01,49350.687
1,VIC TOTAL,VIC,0,2009-01-01,44717.74
1,VIC TOTAL,VIC,0,2009-02-01,42501.687
1,VIC TOTAL,VIC,0,2009-03-01,37048.725
1,VIC TOTAL,VIC,0,2009-04-01,39216.393
1,VIC TOTAL,VIC,0,2009-05-01,37901.398
1,VIC TOTAL,VIC,0,2009-06-01,41590.474
1,VIC TOTAL,VIC,0,2009-07-01,38229.888
1,VIC TOTAL,VIC,0,2009-08-01,40033.966
1,VIC TOTAL,VIC,0,2009-09-01,39970.989
1,VIC TOTAL,VIC,0,2009-10-01,40157.346
1,VIC TOTAL,VIC,0,2009-11-01,41488.074
1,VIC TOTAL,VIC,0,2009-12-01,41712.294
1,VIC TOTAL,VIC,0,2010-01-01,42688.665
1,VIC TOTAL,VIC,0,2010-02-01,45293.272
1,VIC TOTAL,VIC,0,2010-03-01,42614.852
1,VIC TOTAL,VIC,0,2010-04-01,40052.973
1,VIC TOTAL,VIC,0,2010-05-01,44515.703
1,VIC TOTAL,VIC,0,2010-06-01,43980.655
1,VIC TOTAL,VIC,0,2010-07-01,46951.418
1,VIC TOTAL,VIC,0,2010-08-01,47002.78
1,VIC TOTAL,VIC,0,2010-09-01,48951.981
1,VIC TOTAL,VIC,0,2010-10-01,49073.995
1,VIC TOTAL,VIC,0,2010-11-01,49708.152
1,VIC TOTAL,VIC,0,2010-12-01,51337.144
1,VIC TOTAL,VIC,0,2011-01-01,52181.36
1,VIC TOTAL,VIC,0,2011-02-01,50812.038
1,VIC TOTAL,VIC,0,2011-03-01,50468.615
1,VIC TOTAL,VIC,0,2011-04-01,50240.254
1,VIC TOTAL,VIC,0,2011-05-01,49704.09
1,VIC TOTAL,VIC,0,2011-06-01,48361.062
1,VIC TOTAL,VIC,0,2011-07-01,48060.829
1,VIC TOTAL,VIC,0,2011-08-01,46651.069
1,VIC TOTAL,VIC,0,2011-09-01,44706.82
1,VIC TOTAL,VIC,0,2011-10-01,44607.308
1,VIC TOTAL,VIC,0,2011-11-01,44089.77
1,VIC TOTAL,VIC,0,2011-12-01,43537.219
1,VIC TOTAL,VIC,0,2012-01-01,41715.48
1,VIC TOTAL,VIC,0,2012-02-01,43046.505
1,VIC TOTAL,VIC,0,2012-03-01,42553.721
1,VIC TOTAL,VIC,0,2012-04-01,41955.275
1,VIC TOTAL,VIC,0,2012-05-01,40086.854
1,VIC TOTAL,VIC,0,2012-06-01,38828.516
1,VIC TOTAL,VIC,0,2012-07-01,36466.999
1,VIC TOTAL,VIC,0,2012-08-01,37458.13
1,VIC TOTAL,VIC,0,2012-09-01,37599.029
1,VIC TOTAL,VIC,0,2012-10-01,36063.544
1,VIC TOTAL,VIC,0,2012-11-01,35283.587
1,VIC TOTAL,VIC,0,2012-12-01,34227.762
1,VIC TOTAL,VIC,0,2013-01-01,33687.662
1,VIC TOTAL,VIC,0,2013-02-01,32831.68
1,VIC TOTAL,VIC,0,2013-03-01,34778.393
1,VIC TOTAL,VIC,0,2013-04-01,31851.856
1,VIC TOTAL,VIC,0,2013-05-01,33063.108
1,VIC TOTAL,VIC,0,2013-06-01,33203.603
1,VIC TOTAL,VIC,0,2013-07-01,33675.225
1,VIC TOTAL,VIC,0,2013-08-01,33295.462
1,VIC TOTAL,VIC,0,2013-09-01,33299.614
1,VIC TOTAL,VIC,0,2013-10-01,33678.465
1,VIC TOTAL,VIC,0,2013-11-01,33929.859
1,VIC TOTAL,VIC,0,2013-12-01,33299.543
1,VIC TOTAL,VIC,0,2014-01-01,35658.982
1,VIC TOTAL,VIC,0,2014-02-01,35723.71
1,VIC TOTAL,VIC,0,2014-03-01,34977.025
1,VIC TOTAL,VIC,0,2014-04-01,34612.659
1,VIC TOTAL,VIC,0,2014-05-01,35551.287
1,VIC TOTAL,VIC,0,2014-06-01,36968.634
1,VIC TOTAL,VIC,0,2014-07-01,35782.789
1,VIC TOTAL,VIC,0,2014-08-01,37333.515
1,VIC TOTAL,VIC,0,2014-09-01,37380.694
1,VIC TOTAL,VIC,0,2014-10-01,37674.043
1,VIC TOTAL,VIC,0,2014-11-01,36516.92
1,VIC TOTAL,VIC,0,2014-12-01,36119.282
1,VIC TOTAL,VIC,0,2015-01-01,37724.292
1,VIC TOTAL,VIC,0,2015-02-01,38529.615
1,VIC TOTAL,VIC,0,2015-03-01,39494.424
1,VIC TOTAL,VIC,0,2015-04-01,40595.392
1,VIC TOTAL,VIC,0,2015-05-01,38292.186
1,VIC TOTAL,VIC,0,2015-06-01,38132.538
1,VIC TOTAL,VIC,0,2015-07-01,39271.826
1,VIC TOTAL,VIC,0,2015-08-01,38788.321
1,VIC TOTAL,VIC,0,2015-09-01,41380.799
1,VIC TOTAL,VIC,0,2015-10-01,40104.084
1,VIC TOTAL,VIC,0,2015-11-01,41646.419
1,VIC TOTAL,VIC,0,2015-12-01,41853.489
1,VIC TOTAL,VIC,0,2016-01-01,41555.437
1,VIC TOTAL,VIC,0,2016-02-01,40670.583
1,VIC TOTAL,VIC,0,2016-03-01,40793.018
1,VIC TOTAL,VIC,0,2016-04-01,42192.893
1,VIC TOTAL,VIC,0,2016-05-01,42337.045
1,VIC TOTAL,VIC,0,2016-06-01,44265.099
1,VIC TOTAL,VIC,0,2016-07-01,42122.428
1,VIC TOTAL,VIC,0,2016-08-01,42525.891
1,VIC TOTAL,VIC,0,2016-09-01,41729.208
1,VIC TOTAL,VIC,0,2016-10-01,42342.535
1,VIC TOTAL,VIC,0,2016-11-01,42348.013
1,VIC TOTAL,VIC,0,2016-12-01,41728.516
1,VIC TOTAL,VIC,0,2017-01-01,41503.919
1,VIC TOTAL,VIC,0,2017-02-01,42436.078
1,VIC TOTAL,VIC,0,2017-03-01,42834.096
1,VIC TOTAL,VIC,0,2017-04-01,44426.233
1,VIC TOTAL,VIC,0,2017-05-01,44998.9
1,VIC TOTAL,VIC,0,2017-06-01,46332.323
1,VIC TOTAL,VIC,0,2017-07-01,46466.763
1,VIC TOTAL,VIC,0,2017-08-01,46507.439
1,VIC TOTAL,VIC,0,2017-09-01,46023.712
1,VIC TOTAL,VIC,0,2017-10-01,46205.106
1,VIC TOTAL,VIC,0,2017-11-01,46560.007
1,VIC TOTAL,VIC,0,2017-12-01,44934.766
1,VIC TOTAL,VIC,0,2018-01-01,46679.256
1,VIC TOTAL,VIC,0,2018-02-01,47636.654
1,VIC TOTAL,VIC,0,2018-03-01,50396.045
1,VIC TOTAL,VIC,0,2018-04-01,49986.935
1,VIC TOTAL,VIC,0,2018-05-01,50451.017
1,VIC TOTAL,VIC,0,2018-06-01,50023.358
1,VIC TOTAL,VIC,0,2018-07-01,50289.216
1,VIC TOTAL,VIC,0,2018-08-01,51286.582
1,VIC TOTAL,VIC,0,2018-09-01,49618.536
1,VIC TOTAL,VIC,0,2018-10-01,49038.686
1,VIC TOTAL,VIC,0,2018-11-01,48503.711
1,VIC TOTAL,VIC,0,2018-12-01,48296.091
1,VIC TOTAL,VIC,0,2019-01-01,49882.937
1,VIC TOTAL,VIC,0,2019-02-01,49528.902
1,VIC TOTAL,VIC,0,2019-03-01,46220.559
1,VIC TOTAL,VIC,0,2019-04-01,46583.247
1,VIC TOTAL,VIC,0,2019-05-01,47891.499
1,VIC TOTAL,VIC,0,2019-06-01,47908.309
1,VIC TOTAL,VIC,0,2019-07-01,46956.456
1,VIC TOTAL,VIC,0,2019-08-01,46915.374
1,VIC TOTAL,VIC,0,2019-09-01,48454.736
1,VIC TOTAL,VIC,0,2019-10-01,45018.295
1,VIC TOTAL,VIC,0,2019-11-01,42105.746
1,VIC TOTAL,VIC,0,2019-12-01,43750.088
1,VIC TOTAL,VIC,0,2020-01-01,44148.764
1,VIC TOTAL,VIC,0,2020-02-01,42121.878
1,VIC TOTAL,VIC,0,2020-03-01,28855.326
1,VIC TOTAL,VIC,0,2020-04-01,14820.114
1,VIC TOTAL,VIC,0,2020-05-01,20613.224
1,VIC TOTAL,VIC,0,2020-06-01,30130.619
1,VIC TOTAL,VIC,0,2020-07-01,27609.495
1,VIC TOTAL,VIC,0,2020-08-01,25626.437
1,VIC TOTAL,VIC,0,2020-09-01,31822.159
1,VIC TOTAL,VIC,0,2020-10-01,35019.939
1,VIC TOTAL,VIC,0,2020-11-01,44839.981
1,VIC TOTAL,VIC,0,2020-12-01,45656.227
1,VIC TOTAL,VIC,0,2021-01-01,48390.377
1,VIC TOTAL,VIC,0,2021-02-01,51272.707
1,VIC TOTAL,VIC,0,2021-03-01,58985.995
1,VIC TOTAL,VIC,0,2021-04-01,61083.21
1,VIC TOTAL,VIC,0,2021-05-01,62297.072
1,VIC TOTAL,VIC,0,2021-06-01,59075.457
1,VIC TOTAL,VIC,0,2021-07-01,62195.157
1,VIC TOTAL,VIC,0,2021-08-01,57226.481
1,VIC TOTAL,VIC,0,2021-09-01,58371.123
1,VIC TOTAL,VIC,0,2021-10-01,67877.618
1,VIC TOTAL,VIC,0,2021-11-01,71556.317
1,VIC TOTAL,VIC,0,2021-12-01,67479.691
1,VIC TOTAL,VIC,0,2022-01-01,71485.976
1,VIC TOTAL,VIC,0,2022-02-01,74573.004
1,VIC TOTAL,VIC,0,2022-03-01,76321.539
1,VIC TOTAL,VIC,0,2022-04-01,76324.754
1,VIC TOTAL,VIC,0,2022-05-01,78234.356
1,VIC TOTAL,VIC,0,2022-06-01,81826.935
1,VIC TOTAL,VIC,0,2022-07-01,76246.616
1,VIC TOTAL,VIC,0,2022-08-01,79497.35
1,VIC TOTAL,VIC,0,2022-09-01,76819.844
1,VIC TOTAL,VIC,0,2022-10-01,75537.064
1,VIC TOTAL,VIC,0,2022-11-01,73080.413
1,VIC TOTAL,VIC,0,2022-12-01,71655.035
1,VIC TOTAL,VIC,0,2023-01-01,70533.974
1,VIC TOTAL,VIC,0,2023-02-01,72768.37
1,VIC TOTAL,VIC,0,2023-03-01,71875.335
1,VIC TOTAL,VIC,0,2023-04-01,74385.67
1,VIC TOTAL,VIC,0,2023-05-01,72287.142
1,VIC TOTAL,VIC,0,2023-06-01,71813.33
1,VIC TOTAL,VIC,0,2023-07-01,71291.952
1,VIC TOTAL,VIC,0,2023-08-01,70319.145
1,VIC TOTAL,VIC,0,2023-09-01,67987.588
1,VIC TOTAL,VIC,0,2023-10-01,63366.334
1,VIC TOTAL,VIC,0,2023-11-01,63342.941
1,VIC TOTAL,VIC,0,2023-12-01,61765.336
1,VIC TOTAL,VIC,0,2024-01-01,59085.947
1,VIC TOTAL,VIC,0,2024-02-01,58560.472
1,VIC TOTAL,VIC,0,2024-03-01,58415.519
1,VIC TOTAL,VIC,0,2024-04-01,55525.57
1,VIC TOTAL,VIC,0,2024-05-01,57179.862
1,VIC TOTAL,VIC,0,2024-06-01,53541.266
1,VIC TOTAL,VIC,0,2024-07-01,48195.67
1,VIC TOTAL,VIC,0,2024-08-01,53010.746
1,VIC TOTAL,VIC,0,2024-09-01,53344.498
1,VIC TOTAL,VIC,0,2024-10-01,50653.61
1,VIC TOTAL,VIC,0,2024-11-01,48820.799
1,VIC TOTAL,VIC,0,2024-12-01,47226.988
1,VIC TOTAL,VIC,0,2025-01-01,48578.379
1,VIC TOTAL,VIC,0,2025-02-01,46294.403
1,VIC TOTAL,VIC,0,2025-03-01,45342.15
1,VIC TOTAL,VIC,0,2025-04-01,46533.582
1,VIC TOTAL,VIC,0,2025-05-01,46756.232
1,VIC TOTAL,VIC,0,2025-06-01,46689.549
1,VIC TOTAL,VIC,0,2025-07-01,46090.386
1,VIC TOTAL,VIC,0,2025-08-01,44975.709
1,VIC TOTAL,VIC,0,2025-09-01,45926.569
1,VIC TOTAL,VIC,0,2025-10-01,45167.865
1,VIC TOTAL,VIC,0,2025-11-01,43896.785
1,VIC TOTAL,VIC,0,2025-12-01,44984.902
1,VIC TOTAL,VIC,0,2026-01-01,46282.917
1,VIC TOTAL,VIC,0,2026-02-01,45215.284
1,VIC TOTAL,VIC,0,2026-03-01,45574.172
1,VIC TOTAL,VIC,0,2026-04-01,45411.537
1,VIC TOTAL,VIC,0,2026-05-01,44325.215
1,VIC TOTAL,VIC,0,2026-06-01,44362.509
1,VIC TOTAL,VIC,0,2026-07-01,46207.103
2,VIC skill level 1,VIC,1,2006-01-01,14705.892
2,VIC skill level 1,VIC,1,2006-02-01,15184.344
2,VIC skill level 1,VIC,1,2006-03-01,15549.226
2,VIC skill level 1,VIC,1,2006-04-01,16424.814
2,VIC skill level 1,VIC,1,2006-05-01,15950.581
2,VIC skill level 1,VIC,1,2006-06-01,17943.881
2,VIC skill level 1,VIC,1,2006-07-01,16997.886
2,VIC skill level 1,VIC,1,2006-08-01,16717.783
2,VIC skill level 1,VIC,1,2006-09-01,16018.917
2,VIC skill level 1,VIC,1,2006-10-01,17611.989
2,VIC skill level 1,VIC,1,2006-11-01,18269.976
2,VIC skill level 1,VIC,1,2006-12-01,18210.285
2,VIC skill level 1,VIC,1,2007-01-01,18880.324
2,VIC skill level 1,VIC,1,2007-02-01,19768.089
2,VIC skill level 1,VIC,1,2007-03-01,20602.262
2,VIC skill level 1,VIC,1,2007-04-01,20770.633
2,VIC skill level 1,VIC,1,2007-05-01,21215.286
2,VIC skill level 1,VIC,1,2007-06-01,20636.948
2,VIC skill level 1,VIC,1,2007-07-01,21134.041
2,VIC skill level 1,VIC,1,2007-08-01,21585.602
2,VIC skill level 1,VIC,1,2007-09-01,22028.695
2,VIC skill level 1,VIC,1,2007-10-01,21121.421
2,VIC skill level 1,VIC,1,2007-11-01,22790.022
2,VIC skill level 1,VIC,1,2007-12-01,23969.662
2,VIC skill level 1,VIC,1,2008-01-01,24317.072
2,VIC skill level 1,VIC,1,2008-02-01,24138.847
2,VIC skill level 1,VIC,1,2008-03-01,22346.363
2,VIC skill level 1,VIC,1,2008-04-01,24157.506
2,VIC skill level 1,VIC,1,2008-05-01,23806.233
2,VIC skill level 1,VIC,1,2008-06-01,23904.377
2,VIC skill level 1,VIC,1,2008-07-01,22621.038
2,VIC skill level 1,VIC,1,2008-08-01,22304.428
2,VIC skill level 1,VIC,1,2008-09-01,21272.122
2,VIC skill level 1,VIC,1,2008-10-01,21212.269
2,VIC skill level 1,VIC,1,2008-11-01,19910.561
2,VIC skill level 1,VIC,1,2008-12-01,18585.292
2,VIC skill level 1,VIC,1,2009-01-01,16761.205
2,VIC skill level 1,VIC,1,2009-02-01,15825.014
2,VIC skill level 1,VIC,1,2009-03-01,13303.88
2,VIC skill level 1,VIC,1,2009-04-01,14120.529
2,VIC skill level 1,VIC,1,2009-05-01,14150.681
2,VIC skill level 1,VIC,1,2009-06-01,14523.947
2,VIC skill level 1,VIC,1,2009-07-01,14360.305
2,VIC skill level 1,VIC,1,2009-08-01,14835.997
2,VIC skill level 1,VIC,1,2009-09-01,14463.068
2,VIC skill level 1,VIC,1,2009-10-01,13799.878
2,VIC skill level 1,VIC,1,2009-11-01,13874.265
2,VIC skill level 1,VIC,1,2009-12-01,13370.84
2,VIC skill level 1,VIC,1,2010-01-01,14310.205
2,VIC skill level 1,VIC,1,2010-02-01,15059.968
2,VIC skill level 1,VIC,1,2010-03-01,15053.759
2,VIC skill level 1,VIC,1,2010-04-01,14557.518
2,VIC skill level 1,VIC,1,2010-05-01,16159.164
2,VIC skill level 1,VIC,1,2010-06-01,15704.249
2,VIC skill level 1,VIC,1,2010-07-01,16730.295
2,VIC skill level 1,VIC,1,2010-08-01,16961.489
2,VIC skill level 1,VIC,1,2010-09-01,17440.931
2,VIC skill level 1,VIC,1,2010-10-01,17944.548
2,VIC skill level 1,VIC,1,2010-11-01,17911.611
2,VIC skill level 1,VIC,1,2010-12-01,18741.697
2,VIC skill level 1,VIC,1,2011-01-01,19103.754
2,VIC skill level 1,VIC,1,2011-02-01,18215.6
2,VIC skill level 1,VIC,1,2011-03-01,18227.94
2,VIC skill level 1,VIC,1,2011-04-01,18226.178
2,VIC skill level 1,VIC,1,2011-05-01,17653.442
2,VIC skill level 1,VIC,1,2011-06-01,17057.893
2,VIC skill level 1,VIC,1,2011-07-01,16804.186
2,VIC skill level 1,VIC,1,2011-08-01,16390.154
2,VIC skill level 1,VIC,1,2011-09-01,15975.565
2,VIC skill level 1,VIC,1,2011-10-01,15914.869
2,VIC skill level 1,VIC,1,2011-11-01,15748.872
2,VIC skill level 1,VIC,1,2011-12-01,15286.711
2,VIC skill level 1,VIC,1,2012-01-01,14846.875
2,VIC skill level 1,VIC,1,2012-02-01,15044.159
2,VIC skill level 1,VIC,1,2012-03-01,15233.485
2,VIC skill level 1,VIC,1,2012-04-01,14971.203
2,VIC skill level 1,VIC,1,2012-05-01,14289.761
2,VIC skill level 1,VIC,1,2012-06-01,14244.742
2,VIC skill level 1,VIC,1,2012-07-01,13174.755
2,VIC skill level 1,VIC,1,2012-08-01,13712.465
2,VIC skill level 1,VIC,1,2012-09-01,13448.446
2,VIC skill level 1,VIC,1,2012-10-01,13051.108
2,VIC skill level 1,VIC,1,2012-11-01,12929.532
2,VIC skill level 1,VIC,1,2012-12-01,12390.308
2,VIC skill level 1,VIC,1,2013-01-01,12168.486
2,VIC skill level 1,VIC,1,2013-02-01,12059.96
2,VIC skill level 1,VIC,1,2013-03-01,12858.802
2,VIC skill level 1,VIC,1,2013-04-01,11771.233
2,VIC skill level 1,VIC,1,2013-05-01,12058.523
2,VIC skill level 1,VIC,1,2013-06-01,11799.727
2,VIC skill level 1,VIC,1,2013-07-01,12159.051
2,VIC skill level 1,VIC,1,2013-08-01,11898.176
2,VIC skill level 1,VIC,1,2013-09-01,12233.757
2,VIC skill level 1,VIC,1,2013-10-01,12288.126
2,VIC skill level 1,VIC,1,2013-11-01,12563.093
2,VIC skill level 1,VIC,1,2013-12-01,11951.97
2,VIC skill level 1,VIC,1,2014-01-01,12925.675
2,VIC skill level 1,VIC,1,2014-02-01,13014.068
2,VIC skill level 1,VIC,1,2014-03-01,12543.931
2,VIC skill level 1,VIC,1,2014-04-01,12284.475
2,VIC skill level 1,VIC,1,2014-05-01,12608.982
2,VIC skill level 1,VIC,1,2014-06-01,12982.109
2,VIC skill level 1,VIC,1,2014-07-01,12572.92
2,VIC skill level 1,VIC,1,2014-08-01,13129.309
2,VIC skill level 1,VIC,1,2014-09-01,12893.392
2,VIC skill level 1,VIC,1,2014-10-01,12905.01
2,VIC skill level 1,VIC,1,2014-11-01,12594.251
2,VIC skill level 1,VIC,1,2014-12-01,12513.59
2,VIC skill level 1,VIC,1,2015-01-01,13219.273
2,VIC skill level 1,VIC,1,2015-02-01,13552.542
2,VIC skill level 1,VIC,1,2015-03-01,14049.202
2,VIC skill level 1,VIC,1,2015-04-01,14575.938
2,VIC skill level 1,VIC,1,2015-05-01,14156.31
2,VIC skill level 1,VIC,1,2015-06-01,14536.998
2,VIC skill level 1,VIC,1,2015-07-01,15039.578
2,VIC skill level 1,VIC,1,2015-08-01,14751.364
2,VIC skill level 1,VIC,1,2015-09-01,15390.814
2,VIC skill level 1,VIC,1,2015-10-01,14451.24
2,VIC skill level 1,VIC,1,2015-11-01,15427.316
2,VIC skill level 1,VIC,1,2015-12-01,15618.683
2,VIC skill level 1,VIC,1,2016-01-01,15720.998
2,VIC skill level 1,VIC,1,2016-02-01,15339.629
2,VIC skill level 1,VIC,1,2016-03-01,15300.3
2,VIC skill level 1,VIC,1,2016-04-01,15692.053
2,VIC skill level 1,VIC,1,2016-05-01,15728.566
2,VIC skill level 1,VIC,1,2016-06-01,16092.034
2,VIC skill level 1,VIC,1,2016-07-01,15467.61
2,VIC skill level 1,VIC,1,2016-08-01,15853.571
2,VIC skill level 1,VIC,1,2016-09-01,15836.633
2,VIC skill level 1,VIC,1,2016-10-01,16069.073
2,VIC skill level 1,VIC,1,2016-11-01,16204.878
2,VIC skill level 1,VIC,1,2016-12-01,16336.783
2,VIC skill level 1,VIC,1,2017-01-01,15894.57
2,VIC skill level 1,VIC,1,2017-02-01,16154.947
2,VIC skill level 1,VIC,1,2017-03-01,16312.09
2,VIC skill level 1,VIC,1,2017-04-01,16791.609
2,VIC skill level 1,VIC,1,2017-05-01,16991.987
2,VIC skill level 1,VIC,1,2017-06-01,17403.553
2,VIC skill level 1,VIC,1,2017-07-01,17678.525
2,VIC skill level 1,VIC,1,2017-08-01,17943.544
2,VIC skill level 1,VIC,1,2017-09-01,17733.735
2,VIC skill level 1,VIC,1,2017-10-01,17938.134
2,VIC skill level 1,VIC,1,2017-11-01,17906.868
2,VIC skill level 1,VIC,1,2017-12-01,17432.749
2,VIC skill level 1,VIC,1,2018-01-01,18054.656
2,VIC skill level 1,VIC,1,2018-02-01,18406.828
2,VIC skill level 1,VIC,1,2018-03-01,19702.91
2,VIC skill level 1,VIC,1,2018-04-01,19318.047
2,VIC skill level 1,VIC,1,2018-05-01,19924.589
2,VIC skill level 1,VIC,1,2018-06-01,19404.791
2,VIC skill level 1,VIC,1,2018-07-01,19639.28
2,VIC skill level 1,VIC,1,2018-08-01,19617.349
2,VIC skill level 1,VIC,1,2018-09-01,18781.444
2,VIC skill level 1,VIC,1,2018-10-01,19172.892
2,VIC skill level 1,VIC,1,2018-11-01,19552.909
2,VIC skill level 1,VIC,1,2018-12-01,19827.384
2,VIC skill level 1,VIC,1,2019-01-01,20113.059
2,VIC skill level 1,VIC,1,2019-02-01,19973.012
2,VIC skill level 1,VIC,1,2019-03-01,18381.3
2,VIC skill level 1,VIC,1,2019-04-01,19014.044
2,VIC skill level 1,VIC,1,2019-05-01,19400.901
2,VIC skill level 1,VIC,1,2019-06-01,19259.672
2,VIC skill level 1,VIC,1,2019-07-01,18665.032
2,VIC skill level 1,VIC,1,2019-08-01,18346.038
2,VIC skill level 1,VIC,1,2019-09-01,18219.149
2,VIC skill level 1,VIC,1,2019-10-01,17910.182
2,VIC skill level 1,VIC,1,2019-11-01,16778.67
2,VIC skill level 1,VIC,1,2019-12-01,18465.513
2,VIC skill level 1,VIC,1,2020-01-01,17868.162
2,VIC skill level 1,VIC,1,2020-02-01,16852.004
2,VIC skill level 1,VIC,1,2020-03-01,12216.295
2,VIC skill level 1,VIC,1,2020-04-01,6594.519
2,VIC skill level 1,VIC,1,2020-05-01,8517.071
2,VIC skill level 1,VIC,1,2020-06-01,11856.02
2,VIC skill level 1,VIC,1,2020-07-01,11627.731
2,VIC skill level 1,VIC,1,2020-08-01,12228.654
2,VIC skill level 1,VIC,1,2020-09-01,14305.119
2,VIC skill level 1,VIC,1,2020-10-01,14017.09
2,VIC skill level 1,VIC,1,2020-11-01,15820.951
2,VIC skill level 1,VIC,1,2020-12-01,16878.762
2,VIC skill level 1,VIC,1,2021-01-01,17504.282
2,VIC skill level 1,VIC,1,2021-02-01,19370.102
2,VIC skill level 1,VIC,1,2021-03-01,22066.306
2,VIC skill level 1,VIC,1,2021-04-01,22803.67
2,VIC skill level 1,VIC,1,2021-05-01,23115.622
2,VIC skill level 1,VIC,1,2021-06-01,22699.971
2,VIC skill level 1,VIC,1,2021-07-01,23635.475
2,VIC skill level 1,VIC,1,2021-08-01,23329.107
2,VIC skill level 1,VIC,1,2021-09-01,23274.022
2,VIC skill level 1,VIC,1,2021-10-01,23977.457
2,VIC skill level 1,VIC,1,2021-11-01,24381.414
2,VIC skill level 1,VIC,1,2021-12-01,23660.22
2,VIC skill level 1,VIC,1,2022-01-01,25283.773
2,VIC skill level 1,VIC,1,2022-02-01,26004.389
2,VIC skill level 1,VIC,1,2022-03-01,26631.477
2,VIC skill level 1,VIC,1,2022-04-01,26354.414
2,VIC skill level 1,VIC,1,2022-05-01,27351.279
2,VIC skill level 1,VIC,1,2022-06-01,28067.118
2,VIC skill level 1,VIC,1,2022-07-01,26832.45
2,VIC skill level 1,VIC,1,2022-08-01,27540.485
2,VIC skill level 1,VIC,1,2022-09-01,26497.09
2,VIC skill level 1,VIC,1,2022-10-01,28403.328
2,VIC skill level 1,VIC,1,2022-11-01,27245.943
2,VIC skill level 1,VIC,1,2022-12-01,28225.257
2,VIC skill level 1,VIC,1,2023-01-01,26749.935
2,VIC skill level 1,VIC,1,2023-02-01,27755.453
2,VIC skill level 1,VIC,1,2023-03-01,27988.437
2,VIC skill level 1,VIC,1,2023-04-01,28884.361
2,VIC skill level 1,VIC,1,2023-05-01,28266.808
2,VIC skill level 1,VIC,1,2023-06-01,28245.935
2,VIC skill level 1,VIC,1,2023-07-01,27962.847
2,VIC skill level 1,VIC,1,2023-08-01,27472.886
2,VIC skill level 1,VIC,1,2023-09-01,26223.859
2,VIC skill level 1,VIC,1,2023-10-01,25559.44
2,VIC skill level 1,VIC,1,2023-11-01,25656.696
2,VIC skill level 1,VIC,1,2023-12-01,24369.259
2,VIC skill level 1,VIC,1,2024-01-01,23651.538
2,VIC skill level 1,VIC,1,2024-02-01,23327.593
2,VIC skill level 1,VIC,1,2024-03-01,22633.343
2,VIC skill level 1,VIC,1,2024-04-01,21830.548
2,VIC skill level 1,VIC,1,2024-05-01,22260.838
2,VIC skill level 1,VIC,1,2024-06-01,20509.42
2,VIC skill level 1,VIC,1,2024-07-01,18198.788
2,VIC skill level 1,VIC,1,2024-08-01,20586.557
2,VIC skill level 1,VIC,1,2024-09-01,20129.73
2,VIC skill level 1,VIC,1,2024-10-01,19834.329
2,VIC skill level 1,VIC,1,2024-11-01,19280.359
2,VIC skill level 1,VIC,1,2024-12-01,18330.821
2,VIC skill level 1,VIC,1,2025-01-01,19079.811
2,VIC skill level 1,VIC,1,2025-02-01,18239.99
2,VIC skill level 1,VIC,1,2025-03-01,17842.755
2,VIC skill level 1,VIC,1,2025-04-01,18647.24
2,VIC skill level 1,VIC,1,2025-05-01,18733.624
2,VIC skill level 1,VIC,1,2025-06-01,18757.38
2,VIC skill level 1,VIC,1,2025-07-01,18494.002
2,VIC skill level 1,VIC,1,2025-08-01,17712.299
2,VIC skill level 1,VIC,1,2025-09-01,18238.034
2,VIC skill level 1,VIC,1,2025-10-01,17897.09
2,VIC skill level 1,VIC,1,2025-11-01,17008.569
2,VIC skill level 1,VIC,1,2025-12-01,18379.726
2,VIC skill level 1,VIC,1,2026-01-01,18491.898
2,VIC skill level 1,VIC,1,2026-02-01,18126.963
2,VIC skill level 1,VIC,1,2026-03-01,18369.425
2,VIC skill level 1,VIC,1,2026-04-01,18074.905
2,VIC skill level 1,VIC,1,2026-05-01,17678.379
2,VIC skill level 1,VIC,1,2026-06-01,17830.876
2,VIC skill level 1,VIC,1,2026-07-01,18115.202
2,VIC skill level 2,VIC,2,2006-01-01,4397.966
2,VIC skill level 2,VIC,2,2006-02-01,4635.514
2,VIC skill level 2,VIC,2,2006-03-01,4864.574
2,VIC skill level 2,VIC,2,2006-04-01,4830.991
2,VIC skill level 2,VIC,2,2006-05-01,4763.992
2,VIC skill level 2,VIC,2,2006-06-01,5365.182
2,VIC skill level 2,VIC,2,2006-07-01,4807.974
2,VIC skill level 2,VIC,2,2006-08-01,4847.239
2,VIC skill level 2,VIC,2,2006-09-01,4776.458
2,VIC skill level 2,VIC,2,2006-10-01,5363.491
2,VIC skill level 2,VIC,2,2006-11-01,5417.617
2,VIC skill level 2,VIC,2,2006-12-01,5369.017
2,VIC skill level 2,VIC,2,2007-01-01,5715.397
2,VIC skill level 2,VIC,2,2007-02-01,6067.731
2,VIC skill level 2,VIC,2,2007-03-01,6302.153
2,VIC skill level 2,VIC,2,2007-04-01,6434.087
2,VIC skill level 2,VIC,2,2007-05-01,6491.104
2,VIC skill level 2,VIC,2,2007-06-01,6436.96
2,VIC skill level 2,VIC,2,2007-07-01,6474.032
2,VIC skill level 2,VIC,2,2007-08-01,6617.185
2,VIC skill level 2,VIC,2,2007-09-01,6606.831
2,VIC skill level 2,VIC,2,2007-10-01,6580.761
2,VIC skill level 2,VIC,2,2007-11-01,6988.526
2,VIC skill level 2,VIC,2,2007-12-01,7328.517
2,VIC skill level 2,VIC,2,2008-01-01,7480.733
2,VIC skill level 2,VIC,2,2008-02-01,7591.325
2,VIC skill level 2,VIC,2,2008-03-01,7220.62
2,VIC skill level 2,VIC,2,2008-04-01,7594.623
2,VIC skill level 2,VIC,2,2008-05-01,7654.882
2,VIC skill level 2,VIC,2,2008-06-01,7628.112
2,VIC skill level 2,VIC,2,2008-07-01,7348.76
2,VIC skill level 2,VIC,2,2008-08-01,6994.063
2,VIC skill level 2,VIC,2,2008-09-01,6701.943
2,VIC skill level 2,VIC,2,2008-10-01,6712.273
2,VIC skill level 2,VIC,2,2008-11-01,5932.166
2,VIC skill level 2,VIC,2,2008-12-01,5344.403
2,VIC skill level 2,VIC,2,2009-01-01,4602.576
2,VIC skill level 2,VIC,2,2009-02-01,4336.261
2,VIC skill level 2,VIC,2,2009-03-01,3725.549
2,VIC skill level 2,VIC,2,2009-04-01,3944.289
2,VIC skill level 2,VIC,2,2009-05-01,3862.614
2,VIC skill level 2,VIC,2,2009-06-01,4067.463
2,VIC skill level 2,VIC,2,2009-07-01,4078.219
2,VIC skill level 2,VIC,2,2009-08-01,4261.897
2,VIC skill level 2,VIC,2,2009-09-01,4297.835
2,VIC skill level 2,VIC,2,2009-10-01,4301.961
2,VIC skill level 2,VIC,2,2009-11-01,4385.419
2,VIC skill level 2,VIC,2,2009-12-01,4558.644
2,VIC skill level 2,VIC,2,2010-01-01,4844.72
2,VIC skill level 2,VIC,2,2010-02-01,4795.503
2,VIC skill level 2,VIC,2,2010-03-01,4981.438
2,VIC skill level 2,VIC,2,2010-04-01,4584.717
2,VIC skill level 2,VIC,2,2010-05-01,5098.159
2,VIC skill level 2,VIC,2,2010-06-01,4906.075
2,VIC skill level 2,VIC,2,2010-07-01,5212.041
2,VIC skill level 2,VIC,2,2010-08-01,4998.344
2,VIC skill level 2,VIC,2,2010-09-01,5634.209
2,VIC skill level 2,VIC,2,2010-10-01,5741.547
2,VIC skill level 2,VIC,2,2010-11-01,5831.751
2,VIC skill level 2,VIC,2,2010-12-01,6133.784
2,VIC skill level 2,VIC,2,2011-01-01,6116.086
2,VIC skill level 2,VIC,2,2011-02-01,5884.017
2,VIC skill level 2,VIC,2,2011-03-01,5928.522
2,VIC skill level 2,VIC,2,2011-04-01,5915.089
2,VIC skill level 2,VIC,2,2011-05-01,5844.772
2,VIC skill level 2,VIC,2,2011-06-01,5554.155
2,VIC skill level 2,VIC,2,2011-07-01,5637.642
2,VIC skill level 2,VIC,2,2011-08-01,5600.952
2,VIC skill level 2,VIC,2,2011-09-01,5079.165
2,VIC skill level 2,VIC,2,2011-10-01,5138.179
2,VIC skill level 2,VIC,2,2011-11-01,4980.112
2,VIC skill level 2,VIC,2,2011-12-01,4860.043
2,VIC skill level 2,VIC,2,2012-01-01,4621.396
2,VIC skill level 2,VIC,2,2012-02-01,4841.231
2,VIC skill level 2,VIC,2,2012-03-01,4682.281
2,VIC skill level 2,VIC,2,2012-04-01,4656.331
2,VIC skill level 2,VIC,2,2012-05-01,4363.197
2,VIC skill level 2,VIC,2,2012-06-01,4293.18
2,VIC skill level 2,VIC,2,2012-07-01,3894.301
2,VIC skill level 2,VIC,2,2012-08-01,3985.24
2,VIC skill level 2,VIC,2,2012-09-01,4207.485
2,VIC skill level 2,VIC,2,2012-10-01,4007.493
2,VIC skill level 2,VIC,2,2012-11-01,4016.231
2,VIC skill level 2,VIC,2,2012-12-01,3832.6
2,VIC skill level 2,VIC,2,2013-01-01,3749.716
2,VIC skill level 2,VIC,2,2013-02-01,3647.364
2,VIC skill level 2,VIC,2,2013-03-01,3889.418
2,VIC skill level 2,VIC,2,2013-04-01,3489.745
2,VIC skill level 2,VIC,2,2013-05-01,3655.969
2,VIC skill level 2,VIC,2,2013-06-01,3736.177
2,VIC skill level 2,VIC,2,2013-07-01,3713.986
2,VIC skill level 2,VIC,2,2013-08-01,3740.077
2,VIC skill level 2,VIC,2,2013-09-01,3702.299
2,VIC skill level 2,VIC,2,2013-10-01,3705.552
2,VIC skill level 2,VIC,2,2013-11-01,3745.469
2,VIC skill level 2,VIC,2,2013-12-01,3727.847
2,VIC skill level 2,VIC,2,2014-01-01,4065.546
2,VIC skill level 2,VIC,2,2014-02-01,4172.266
2,VIC skill level 2,VIC,2,2014-03-01,4058.125
2,VIC skill level 2,VIC,2,2014-04-01,4087.798
2,VIC skill level 2,VIC,2,2014-05-01,4148.331
2,VIC skill level 2,VIC,2,2014-06-01,4358.892
2,VIC skill level 2,VIC,2,2014-07-01,4282.211
2,VIC skill level 2,VIC,2,2014-08-01,4347.679
2,VIC skill level 2,VIC,2,2014-09-01,4375.073
2,VIC skill level 2,VIC,2,2014-10-01,4297.263
2,VIC skill level 2,VIC,2,2014-11-01,4226.064
2,VIC skill level 2,VIC,2,2014-12-01,4367.656
2,VIC skill level 2,VIC,2,2015-01-01,4559.648
2,VIC skill level 2,VIC,2,2015-02-01,4577.561
2,VIC skill level 2,VIC,2,2015-03-01,4545.303
2,VIC skill level 2,VIC,2,2015-04-01,4844.192
2,VIC skill level 2,VIC,2,2015-05-01,4616.112
2,VIC skill level 2,VIC,2,2015-06-01,4571.304
2,VIC skill level 2,VIC,2,2015-07-01,4779.722
2,VIC skill level 2,VIC,2,2015-08-01,4813.416
2,VIC skill level 2,VIC,2,2015-09-01,5074.069
2,VIC skill level 2,VIC,2,2015-10-01,5185.86
2,VIC skill level 2,VIC,2,2015-11-01,5337.772
2,VIC skill level 2,VIC,2,2015-12-01,5189.932
2,VIC skill level 2,VIC,2,2016-01-01,5093.959
2,VIC skill level 2,VIC,2,2016-02-01,5128.271
2,VIC skill level 2,VIC,2,2016-03-01,5239.272
2,VIC skill level 2,VIC,2,2016-04-01,5194.94
2,VIC skill level 2,VIC,2,2016-05-01,5405.671
2,VIC skill level 2,VIC,2,2016-06-01,5662.314
2,VIC skill level 2,VIC,2,2016-07-01,5335.31
2,VIC skill level 2,VIC,2,2016-08-01,5414.593
2,VIC skill level 2,VIC,2,2016-09-01,5085.786
2,VIC skill level 2,VIC,2,2016-10-01,5295.538
2,VIC skill level 2,VIC,2,2016-11-01,5148.563
2,VIC skill level 2,VIC,2,2016-12-01,5018.16
2,VIC skill level 2,VIC,2,2017-01-01,4914.468
2,VIC skill level 2,VIC,2,2017-02-01,5066.083
2,VIC skill level 2,VIC,2,2017-03-01,5282.088
2,VIC skill level 2,VIC,2,2017-04-01,5493.694
2,VIC skill level 2,VIC,2,2017-05-01,5384.92
2,VIC skill level 2,VIC,2,2017-06-01,5617.393
2,VIC skill level 2,VIC,2,2017-07-01,5582.939
2,VIC skill level 2,VIC,2,2017-08-01,5621.568
2,VIC skill level 2,VIC,2,2017-09-01,5641.733
2,VIC skill level 2,VIC,2,2017-10-01,5479.142
2,VIC skill level 2,VIC,2,2017-11-01,5580.145
2,VIC skill level 2,VIC,2,2017-12-01,5345.975
2,VIC skill level 2,VIC,2,2018-01-01,5648.419
2,VIC skill level 2,VIC,2,2018-02-01,5592.138
2,VIC skill level 2,VIC,2,2018-03-01,5848.39
2,VIC skill level 2,VIC,2,2018-04-01,5912.836
2,VIC skill level 2,VIC,2,2018-05-01,6047.706
2,VIC skill level 2,VIC,2,2018-06-01,5879.496
2,VIC skill level 2,VIC,2,2018-07-01,5993.772
2,VIC skill level 2,VIC,2,2018-08-01,6069.059
2,VIC skill level 2,VIC,2,2018-09-01,5848.589
2,VIC skill level 2,VIC,2,2018-10-01,5753.039
2,VIC skill level 2,VIC,2,2018-11-01,5721.538
2,VIC skill level 2,VIC,2,2018-12-01,5659.738
2,VIC skill level 2,VIC,2,2019-01-01,5820.461
2,VIC skill level 2,VIC,2,2019-02-01,5779.052
2,VIC skill level 2,VIC,2,2019-03-01,5270.918
2,VIC skill level 2,VIC,2,2019-04-01,5403.729
2,VIC skill level 2,VIC,2,2019-05-01,5479.411
2,VIC skill level 2,VIC,2,2019-06-01,5564.77
2,VIC skill level 2,VIC,2,2019-07-01,5310.053
2,VIC skill level 2,VIC,2,2019-08-01,5384.708
2,VIC skill level 2,VIC,2,2019-09-01,5646.295
2,VIC skill level 2,VIC,2,2019-10-01,5259.273
2,VIC skill level 2,VIC,2,2019-11-01,4755.004
2,VIC skill level 2,VIC,2,2019-12-01,4933.535
2,VIC skill level 2,VIC,2,2020-01-01,4904.428
2,VIC skill level 2,VIC,2,2020-02-01,4837.738
2,VIC skill level 2,VIC,2,2020-03-01,3153.98
2,VIC skill level 2,VIC,2,2020-04-01,1228.594
2,VIC skill level 2,VIC,2,2020-05-01,1879.733
2,VIC skill level 2,VIC,2,2020-06-01,2838.193
2,VIC skill level 2,VIC,2,2020-07-01,2438.82
2,VIC skill level 2,VIC,2,2020-08-01,2263.265
2,VIC skill level 2,VIC,2,2020-09-01,2824.17
2,VIC skill level 2,VIC,2,2020-10-01,3332.585
2,VIC skill level 2,VIC,2,2020-11-01,4416.258
2,VIC skill level 2,VIC,2,2020-12-01,4696.197
2,VIC skill level 2,VIC,2,2021-01-01,4891.698
2,VIC skill level 2,VIC,2,2021-02-01,5291.516
2,VIC skill level 2,VIC,2,2021-03-01,6013.794
2,VIC skill level 2,VIC,2,2021-04-01,6209.322
2,VIC skill level 2,VIC,2,2021-05-01,6440.151
2,VIC skill level 2,VIC,2,2021-06-01,6227.459
2,VIC skill level 2,VIC,2,2021-07-01,6776.997
2,VIC skill level 2,VIC,2,2021-08-01,5989.989
2,VIC skill level 2,VIC,2,2021-09-01,6081.156
2,VIC skill level 2,VIC,2,2021-10-01,6776.814
2,VIC skill level 2,VIC,2,2021-11-01,7193.671
2,VIC skill level 2,VIC,2,2021-12-01,6698.257
2,VIC skill level 2,VIC,2,2022-01-01,7181.98
2,VIC skill level 2,VIC,2,2022-02-01,7400.286
2,VIC skill level 2,VIC,2,2022-03-01,7737.582
2,VIC skill level 2,VIC,2,2022-04-01,7661.183
2,VIC skill level 2,VIC,2,2022-05-01,7978.424
2,VIC skill level 2,VIC,2,2022-06-01,8338.143
2,VIC skill level 2,VIC,2,2022-07-01,7747.81
2,VIC skill level 2,VIC,2,2022-08-01,8208.253
2,VIC skill level 2,VIC,2,2022-09-01,7903.963
2,VIC skill level 2,VIC,2,2022-10-01,7668.674
2,VIC skill level 2,VIC,2,2022-11-01,7605.821
2,VIC skill level 2,VIC,2,2022-12-01,7366.616
2,VIC skill level 2,VIC,2,2023-01-01,7378.989
2,VIC skill level 2,VIC,2,2023-02-01,7589.372
2,VIC skill level 2,VIC,2,2023-03-01,7322.866
2,VIC skill level 2,VIC,2,2023-04-01,7745.305
2,VIC skill level 2,VIC,2,2023-05-01,7604.088
2,VIC skill level 2,VIC,2,2023-06-01,7448.066
2,VIC skill level 2,VIC,2,2023-07-01,7417.276
2,VIC skill level 2,VIC,2,2023-08-01,7460.877
2,VIC skill level 2,VIC,2,2023-09-01,7133.738
2,VIC skill level 2,VIC,2,2023-10-01,6789.999
2,VIC skill level 2,VIC,2,2023-11-01,6682.291
2,VIC skill level 2,VIC,2,2023-12-01,6405.773
2,VIC skill level 2,VIC,2,2024-01-01,6248.787
2,VIC skill level 2,VIC,2,2024-02-01,6261.012
2,VIC skill level 2,VIC,2,2024-03-01,6391.032
2,VIC skill level 2,VIC,2,2024-04-01,6117.698
2,VIC skill level 2,VIC,2,2024-05-01,6434.901
2,VIC skill level 2,VIC,2,2024-06-01,6020.45
2,VIC skill level 2,VIC,2,2024-07-01,5386.163
2,VIC skill level 2,VIC,2,2024-08-01,5798.488
2,VIC skill level 2,VIC,2,2024-09-01,5805.855
2,VIC skill level 2,VIC,2,2024-10-01,5735.051
2,VIC skill level 2,VIC,2,2024-11-01,5286.907
2,VIC skill level 2,VIC,2,2024-12-01,5108.991
2,VIC skill level 2,VIC,2,2025-01-01,5699.358
2,VIC skill level 2,VIC,2,2025-02-01,5316.389
2,VIC skill level 2,VIC,2,2025-03-01,5196.927
2,VIC skill level 2,VIC,2,2025-04-01,5292.608
2,VIC skill level 2,VIC,2,2025-05-01,5300.048
2,VIC skill level 2,VIC,2,2025-06-01,5265.666
2,VIC skill level 2,VIC,2,2025-07-01,5161.01
2,VIC skill level 2,VIC,2,2025-08-01,5142.166
2,VIC skill level 2,VIC,2,2025-09-01,5155.893
2,VIC skill level 2,VIC,2,2025-10-01,5091.727
2,VIC skill level 2,VIC,2,2025-11-01,5004.845
2,VIC skill level 2,VIC,2,2025-12-01,5088.015
2,VIC skill level 2,VIC,2,2026-01-01,5249.375
2,VIC skill level 2,VIC,2,2026-02-01,5046.624
2,VIC skill level 2,VIC,2,2026-03-01,5121.683
2,VIC skill level 2,VIC,2,2026-04-01,5277.566
2,VIC skill level 2,VIC,2,2026-05-01,5049.655
2,VIC skill level 2,VIC,2,2026-06-01,5136.097
2,VIC skill level 2,VIC,2,2026-07-01,5466.495
2,VIC skill level 3,VIC,3,2006-01-01,5768.185
2,VIC skill level 3,VIC,3,2006-02-01,6256.003
2,VIC skill level 3,VIC,3,2006-03-01,6386.553
2,VIC skill level 3,VIC,3,2006-04-01,6093.471
2,VIC skill level 3,VIC,3,2006-05-01,5933.719
2,VIC skill level 3,VIC,3,2006-06-01,6161.899
2,VIC skill level 3,VIC,3,2006-07-01,5948.789
2,VIC skill level 3,VIC,3,2006-08-01,6205.747
2,VIC skill level 3,VIC,3,2006-09-01,5986.023
2,VIC skill level 3,VIC,3,2006-10-01,6527.6
2,VIC skill level 3,VIC,3,2006-11-01,6619.842
2,VIC skill level 3,VIC,3,2006-12-01,6498.903
2,VIC skill level 3,VIC,3,2007-01-01,6717.834
2,VIC skill level 3,VIC,3,2007-02-01,6978.798
2,VIC skill level 3,VIC,3,2007-03-01,7219.603
2,VIC skill level 3,VIC,3,2007-04-01,7205.069
2,VIC skill level 3,VIC,3,2007-05-01,7464.167
2,VIC skill level 3,VIC,3,2007-06-01,7237.224
2,VIC skill level 3,VIC,3,2007-07-01,7523.463
2,VIC skill level 3,VIC,3,2007-08-01,7867.756
2,VIC skill level 3,VIC,3,2007-09-01,8008.757
2,VIC skill level 3,VIC,3,2007-10-01,7777.274
2,VIC skill level 3,VIC,3,2007-11-01,8059.657
2,VIC skill level 3,VIC,3,2007-12-01,8309.056
2,VIC skill level 3,VIC,3,2008-01-01,8098.734
2,VIC skill level 3,VIC,3,2008-02-01,7850.785
2,VIC skill level 3,VIC,3,2008-03-01,7674.214
2,VIC skill level 3,VIC,3,2008-04-01,8018.382
2,VIC skill level 3,VIC,3,2008-05-01,8454.192
2,VIC skill level 3,VIC,3,2008-06-01,7807.422
2,VIC skill level 3,VIC,3,2008-07-01,7421.622
2,VIC skill level 3,VIC,3,2008-08-01,6832.94
2,VIC skill level 3,VIC,3,2008-09-01,6642.611
2,VIC skill level 3,VIC,3,2008-10-01,6490.524
2,VIC skill level 3,VIC,3,2008-11-01,5621.231
2,VIC skill level 3,VIC,3,2008-12-01,5172.36
2,VIC skill level 3,VIC,3,2009-01-01,4909.686
2,VIC skill level 3,VIC,3,2009-02-01,4640.263
2,VIC skill level 3,VIC,3,2009-03-01,4339.475
2,VIC skill level 3,VIC,3,2009-04-01,4546.506
2,VIC skill level 3,VIC,3,2009-05-01,4367.747
2,VIC skill level 3,VIC,3,2009-06-01,5350.076
2,VIC skill level 3,VIC,3,2009-07-01,4571.411
2,VIC skill level 3,VIC,3,2009-08-01,4737.524
2,VIC skill level 3,VIC,3,2009-09-01,4864.339
2,VIC skill level 3,VIC,3,2009-10-01,5014.581
2,VIC skill level 3,VIC,3,2009-11-01,5223.463
2,VIC skill level 3,VIC,3,2009-12-01,5421.345
2,VIC skill level 3,VIC,3,2010-01-01,5494.376
2,VIC skill level 3,VIC,3,2010-02-01,5813.118
2,VIC skill level 3,VIC,3,2010-03-01,5644.732
2,VIC skill level 3,VIC,3,2010-04-01,5027.532
2,VIC skill level 3,VIC,3,2010-05-01,5572.322
2,VIC skill level 3,VIC,3,2010-06-01,5641.402
2,VIC skill level 3,VIC,3,2010-07-01,6121.343
2,VIC skill level 3,VIC,3,2010-08-01,5973.013
2,VIC skill level 3,VIC,3,2010-09-01,6203.436
2,VIC skill level 3,VIC,3,2010-10-01,5967.212
2,VIC skill level 3,VIC,3,2010-11-01,6375.775
2,VIC skill level 3,VIC,3,2010-12-01,6339.001
2,VIC skill level 3,VIC,3,2011-01-01,6633.875
2,VIC skill level 3,VIC,3,2011-02-01,6497.497
2,VIC skill level 3,VIC,3,2011-03-01,6147.527
2,VIC skill level 3,VIC,3,2011-04-01,6124.856
2,VIC skill level 3,VIC,3,2011-05-01,6162.626
2,VIC skill level 3,VIC,3,2011-06-01,5926.152
2,VIC skill level 3,VIC,3,2011-07-01,5924.036
2,VIC skill level 3,VIC,3,2011-08-01,5803.802
2,VIC skill level 3,VIC,3,2011-09-01,5549.401
2,VIC skill level 3,VIC,3,2011-10-01,5635.076
2,VIC skill level 3,VIC,3,2011-11-01,5588.709
2,VIC skill level 3,VIC,3,2011-12-01,5481.733
2,VIC skill level 3,VIC,3,2012-01-01,5217.506
2,VIC skill level 3,VIC,3,2012-02-01,5426.318
2,VIC skill level 3,VIC,3,2012-03-01,5505.978
2,VIC skill level 3,VIC,3,2012-04-01,5538.261
2,VIC skill level 3,VIC,3,2012-05-01,5194.996
2,VIC skill level 3,VIC,3,2012-06-01,4762.258
2,VIC skill level 3,VIC,3,2012-07-01,4470.745
2,VIC skill level 3,VIC,3,2012-08-01,4722.272
2,VIC skill level 3,VIC,3,2012-09-01,4750.382
2,VIC skill level 3,VIC,3,2012-10-01,4651.041
2,VIC skill level 3,VIC,3,2012-11-01,4383.842
2,VIC skill level 3,VIC,3,2012-12-01,4375.473
2,VIC skill level 3,VIC,3,2013-01-01,4314.326
2,VIC skill level 3,VIC,3,2013-02-01,4106.635
2,VIC skill level 3,VIC,3,2013-03-01,4309.253
2,VIC skill level 3,VIC,3,2013-04-01,4161.325
2,VIC skill level 3,VIC,3,2013-05-01,4236.483
2,VIC skill level 3,VIC,3,2013-06-01,4386.157
2,VIC skill level 3,VIC,3,2013-07-01,4316.204
2,VIC skill level 3,VIC,3,2013-08-01,4364.615
2,VIC skill level 3,VIC,3,2013-09-01,4386.003
2,VIC skill level 3,VIC,3,2013-10-01,4351.021
2,VIC skill level 3,VIC,3,2013-11-01,4417.358
2,VIC skill level 3,VIC,3,2013-12-01,4616.428
2,VIC skill level 3,VIC,3,2014-01-01,4635.768
2,VIC skill level 3,VIC,3,2014-02-01,4733.252
2,VIC skill level 3,VIC,3,2014-03-01,4543.075
2,VIC skill level 3,VIC,3,2014-04-01,4531.775
2,VIC skill level 3,VIC,3,2014-05-01,4670.692
2,VIC skill level 3,VIC,3,2014-06-01,4720.361
2,VIC skill level 3,VIC,3,2014-07-01,4696.489
2,VIC skill level 3,VIC,3,2014-08-01,4882.118
2,VIC skill level 3,VIC,3,2014-09-01,4934.103
2,VIC skill level 3,VIC,3,2014-10-01,4921.614
2,VIC skill level 3,VIC,3,2014-11-01,4829.757
2,VIC skill level 3,VIC,3,2014-12-01,4754.537
2,VIC skill level 3,VIC,3,2015-01-01,4810.828
2,VIC skill level 3,VIC,3,2015-02-01,4981.816
2,VIC skill level 3,VIC,3,2015-03-01,5035.711
2,VIC skill level 3,VIC,3,2015-04-01,5236.822
2,VIC skill level 3,VIC,3,2015-05-01,4834.696
2,VIC skill level 3,VIC,3,2015-06-01,4561.633
2,VIC skill level 3,VIC,3,2015-07-01,4892.097
2,VIC skill level 3,VIC,3,2015-08-01,4877.927
2,VIC skill level 3,VIC,3,2015-09-01,5380.221
2,VIC skill level 3,VIC,3,2015-10-01,5016.411
2,VIC skill level 3,VIC,3,2015-11-01,5283.332
2,VIC skill level 3,VIC,3,2015-12-01,5266.517
2,VIC skill level 3,VIC,3,2016-01-01,5506.047
2,VIC skill level 3,VIC,3,2016-02-01,5259.769
2,VIC skill level 3,VIC,3,2016-03-01,5450.256
2,VIC skill level 3,VIC,3,2016-04-01,5599.343
2,VIC skill level 3,VIC,3,2016-05-01,5659.406
2,VIC skill level 3,VIC,3,2016-06-01,5860.718
2,VIC skill level 3,VIC,3,2016-07-01,5731.241
2,VIC skill level 3,VIC,3,2016-08-01,5782.927
2,VIC skill level 3,VIC,3,2016-09-01,5636.585
2,VIC skill level 3,VIC,3,2016-10-01,5711.711
2,VIC skill level 3,VIC,3,2016-11-01,5569.49
2,VIC skill level 3,VIC,3,2016-12-01,5486.32
2,VIC skill level 3,VIC,3,2017-01-01,5427.963
2,VIC skill level 3,VIC,3,2017-02-01,5574.946
2,VIC skill level 3,VIC,3,2017-03-01,5530.141
2,VIC skill level 3,VIC,3,2017-04-01,5913.081
2,VIC skill level 3,VIC,3,2017-05-01,6113.612
2,VIC skill level 3,VIC,3,2017-06-01,6258.579
2,VIC skill level 3,VIC,3,2017-07-01,6299.494
2,VIC skill level 3,VIC,3,2017-08-01,6130.428
2,VIC skill level 3,VIC,3,2017-09-01,6051.81
2,VIC skill level 3,VIC,3,2017-10-01,6030.424
2,VIC skill level 3,VIC,3,2017-11-01,6276.495
2,VIC skill level 3,VIC,3,2017-12-01,6130.991
2,VIC skill level 3,VIC,3,2018-01-01,6229.745
2,VIC skill level 3,VIC,3,2018-02-01,6450.347
2,VIC skill level 3,VIC,3,2018-03-01,6722.903
2,VIC skill level 3,VIC,3,2018-04-01,6810.542
2,VIC skill level 3,VIC,3,2018-05-01,6781.485
2,VIC skill level 3,VIC,3,2018-06-01,6511.687
2,VIC skill level 3,VIC,3,2018-07-01,6597.65
2,VIC skill level 3,VIC,3,2018-08-01,6868.518
2,VIC skill level 3,VIC,3,2018-09-01,6786.785
2,VIC skill level 3,VIC,3,2018-10-01,6624.916
2,VIC skill level 3,VIC,3,2018-11-01,6331.622
2,VIC skill level 3,VIC,3,2018-12-01,6258.754
2,VIC skill level 3,VIC,3,2019-01-01,6433.38
2,VIC skill level 3,VIC,3,2019-02-01,6368.186
2,VIC skill level 3,VIC,3,2019-03-01,6244.322
2,VIC skill level 3,VIC,3,2019-04-01,6098.397
2,VIC skill level 3,VIC,3,2019-05-01,6418.564
2,VIC skill level 3,VIC,3,2019-06-01,6261.469
2,VIC skill level 3,VIC,3,2019-07-01,6337.898
2,VIC skill level 3,VIC,3,2019-08-01,6233.046
2,VIC skill level 3,VIC,3,2019-09-01,6550.309
2,VIC skill level 3,VIC,3,2019-10-01,6008.817
2,VIC skill level 3,VIC,3,2019-11-01,5612.975
2,VIC skill level 3,VIC,3,2019-12-01,5589.127
2,VIC skill level 3,VIC,3,2020-01-01,5733.298
2,VIC skill level 3,VIC,3,2020-02-01,5515.64
2,VIC skill level 3,VIC,3,2020-03-01,3607.053
2,VIC skill level 3,VIC,3,2020-04-01,1856.376
2,VIC skill level 3,VIC,3,2020-05-01,2903.465
2,VIC skill level 3,VIC,3,2020-06-01,4141.968
2,VIC skill level 3,VIC,3,2020-07-01,3572.183
2,VIC skill level 3,VIC,3,2020-08-01,2721.605
2,VIC skill level 3,VIC,3,2020-09-01,3837.499
2,VIC skill level 3,VIC,3,2020-10-01,4914.563
2,VIC skill level 3,VIC,3,2020-11-01,6366.56
2,VIC skill level 3,VIC,3,2020-12-01,6391.664
2,VIC skill level 3,VIC,3,2021-01-01,6877.539
2,VIC skill level 3,VIC,3,2021-02-01,6906.797
2,VIC skill level 3,VIC,3,2021-03-01,7924.043
2,VIC skill level 3,VIC,3,2021-04-01,8099.596
2,VIC skill level 3,VIC,3,2021-05-01,8215.221
2,VIC skill level 3,VIC,3,2021-06-01,7843.369
2,VIC skill level 3,VIC,3,2021-07-01,8132.01
2,VIC skill level 3,VIC,3,2021-08-01,7068.131
2,VIC skill level 3,VIC,3,2021-09-01,7200.239
2,VIC skill level 3,VIC,3,2021-10-01,8798.556
2,VIC skill level 3,VIC,3,2021-11-01,9446.981
2,VIC skill level 3,VIC,3,2021-12-01,8915.152
2,VIC skill level 3,VIC,3,2022-01-01,9457.645
2,VIC skill level 3,VIC,3,2022-02-01,10153.553
2,VIC skill level 3,VIC,3,2022-03-01,10069.612
2,VIC skill level 3,VIC,3,2022-04-01,9878.682
2,VIC skill level 3,VIC,3,2022-05-01,10085.145
2,VIC skill level 3,VIC,3,2022-06-01,10768.066
2,VIC skill level 3,VIC,3,2022-07-01,9776.591
2,VIC skill level 3,VIC,3,2022-08-01,10143.445
2,VIC skill level 3,VIC,3,2022-09-01,9927.304
2,VIC skill level 3,VIC,3,2022-10-01,9452.071
2,VIC skill level 3,VIC,3,2022-11-01,9342.706
2,VIC skill level 3,VIC,3,2022-12-01,9176.536
2,VIC skill level 3,VIC,3,2023-01-01,9210.61
2,VIC skill level 3,VIC,3,2023-02-01,9610.957
2,VIC skill level 3,VIC,3,2023-03-01,9494.427
2,VIC skill level 3,VIC,3,2023-04-01,10028.031
2,VIC skill level 3,VIC,3,2023-05-01,9631.667
2,VIC skill level 3,VIC,3,2023-06-01,9304.404
2,VIC skill level 3,VIC,3,2023-07-01,9717.778
2,VIC skill level 3,VIC,3,2023-08-01,9533.275
2,VIC skill level 3,VIC,3,2023-09-01,9332.047
2,VIC skill level 3,VIC,3,2023-10-01,8503.052
2,VIC skill level 3,VIC,3,2023-11-01,8692.744
2,VIC skill level 3,VIC,3,2023-12-01,8696.58
2,VIC skill level 3,VIC,3,2024-01-01,8182.305
2,VIC skill level 3,VIC,3,2024-02-01,8142.531
2,VIC skill level 3,VIC,3,2024-03-01,8145.778
2,VIC skill level 3,VIC,3,2024-04-01,7733.36
2,VIC skill level 3,VIC,3,2024-05-01,7958.533
2,VIC skill level 3,VIC,3,2024-06-01,7625.657
2,VIC skill level 3,VIC,3,2024-07-01,7152.203
2,VIC skill level 3,VIC,3,2024-08-01,7374.203
2,VIC skill level 3,VIC,3,2024-09-01,7791.7
2,VIC skill level 3,VIC,3,2024-10-01,7085.963
2,VIC skill level 3,VIC,3,2024-11-01,6772.742
2,VIC skill level 3,VIC,3,2024-12-01,6761.636
2,VIC skill level 3,VIC,3,2025-01-01,6883.784
2,VIC skill level 3,VIC,3,2025-02-01,6437.415
2,VIC skill level 3,VIC,3,2025-03-01,6486.059
2,VIC skill level 3,VIC,3,2025-04-01,6503.894
2,VIC skill level 3,VIC,3,2025-05-01,6596.993
2,VIC skill level 3,VIC,3,2025-06-01,6603.659
2,VIC skill level 3,VIC,3,2025-07-01,6456.537
2,VIC skill level 3,VIC,3,2025-08-01,6311.326
2,VIC skill level 3,VIC,3,2025-09-01,6231.118
2,VIC skill level 3,VIC,3,2025-10-01,6349.067
2,VIC skill level 3,VIC,3,2025-11-01,6041.925
2,VIC skill level 3,VIC,3,2025-12-01,5952.937
2,VIC skill level 3,VIC,3,2026-01-01,6169.248
2,VIC skill level 3,VIC,3,2026-02-01,6072.457
2,VIC skill level 3,VIC,3,2026-03-01,6139.313
2,VIC skill level 3,VIC,3,2026-04-01,6247.544
2,VIC skill level 3,VIC,3,2026-05-01,6043.429
2,VIC skill level 3,VIC,3,2026-06-01,5808.74
2,VIC skill level 3,VIC,3,2026-07-01,6387.878
2,VIC skill level 4,VIC,4,2006-01-01,13627.859
2,VIC skill level 4,VIC,4,2006-02-01,13956.652
2,VIC skill level 4,VIC,4,2006-03-01,14148.883
2,VIC skill level 4,VIC,4,2006-04-01,13881.687
2,VIC skill level 4,VIC,4,2006-05-01,13299.138
2,VIC skill level 4,VIC,4,2006-06-01,14112.175
2,VIC skill level 4,VIC,4,2006-07-01,13866.788
2,VIC skill level 4,VIC,4,2006-08-01,14017.304
2,VIC skill level 4,VIC,4,2006-09-01,13460.788
2,VIC skill level 4,VIC,4,2006-10-01,14574.334
2,VIC skill level 4,VIC,4,2006-11-01,14647.397
2,VIC skill level 4,VIC,4,2006-12-01,14399.599
2,VIC skill level 4,VIC,4,2007-01-01,14983.506
2,VIC skill level 4,VIC,4,2007-02-01,15761.456
2,VIC skill level 4,VIC,4,2007-03-01,16094.239
2,VIC skill level 4,VIC,4,2007-04-01,16124.386
2,VIC skill level 4,VIC,4,2007-05-01,17104.569
2,VIC skill level 4,VIC,4,2007-06-01,16599.222
2,VIC skill level 4,VIC,4,2007-07-01,17356.031
2,VIC skill level 4,VIC,4,2007-08-01,17851.256
2,VIC skill level 4,VIC,4,2007-09-01,18347.781
2,VIC skill level 4,VIC,4,2007-10-01,17926.302
2,VIC skill level 4,VIC,4,2007-11-01,18715.656
2,VIC skill level 4,VIC,4,2007-12-01,19150.469
2,VIC skill level 4,VIC,4,2008-01-01,19330.831
2,VIC skill level 4,VIC,4,2008-02-01,18604.157
2,VIC skill level 4,VIC,4,2008-03-01,17435.242
2,VIC skill level 4,VIC,4,2008-04-01,18942.929
2,VIC skill level 4,VIC,4,2008-05-01,18347.132
2,VIC skill level 4,VIC,4,2008-06-01,17900.663
2,VIC skill level 4,VIC,4,2008-07-01,16916.731
2,VIC skill level 4,VIC,4,2008-08-01,15561.233
2,VIC skill level 4,VIC,4,2008-09-01,14871.925
2,VIC skill level 4,VIC,4,2008-10-01,14190.451
2,VIC skill level 4,VIC,4,2008-11-01,12731.218
2,VIC skill level 4,VIC,4,2008-12-01,11605.548
2,VIC skill level 4,VIC,4,2009-01-01,10646.93
2,VIC skill level 4,VIC,4,2009-02-01,10161.34
2,VIC skill level 4,VIC,4,2009-03-01,8784.699
2,VIC skill level 4,VIC,4,2009-04-01,9469.518
2,VIC skill level 4,VIC,4,2009-05-01,8983.734
2,VIC skill level 4,VIC,4,2009-06-01,10063.016
2,VIC skill level 4,VIC,4,2009-07-01,9265.509
2,VIC skill level 4,VIC,4,2009-08-01,9798.737
2,VIC skill level 4,VIC,4,2009-09-01,9877.407
2,VIC skill level 4,VIC,4,2009-10-01,9926.044
2,VIC skill level 4,VIC,4,2009-11-01,10308.68
2,VIC skill level 4,VIC,4,2009-12-01,10722.425
2,VIC skill level 4,VIC,4,2010-01-01,10668.423
2,VIC skill level 4,VIC,4,2010-02-01,11460.294
2,VIC skill level 4,VIC,4,2010-03-01,10523.768
2,VIC skill level 4,VIC,4,2010-04-01,9621.925
2,VIC skill level 4,VIC,4,2010-05-01,10798.305
2,VIC skill level 4,VIC,4,2010-06-01,10761.26
2,VIC skill level 4,VIC,4,2010-07-01,11548.741
2,VIC skill level 4,VIC,4,2010-08-01,11854.014
2,VIC skill level 4,VIC,4,2010-09-01,12390.36
2,VIC skill level 4,VIC,4,2010-10-01,12388.748
2,VIC skill level 4,VIC,4,2010-11-01,12639.271
2,VIC skill level 4,VIC,4,2010-12-01,12960.221
2,VIC skill level 4,VIC,4,2011-01-01,13081.781
2,VIC skill level 4,VIC,4,2011-02-01,12848.941
2,VIC skill level 4,VIC,4,2011-03-01,12855.251
2,VIC skill level 4,VIC,4,2011-04-01,12688.201
2,VIC skill level 4,VIC,4,2011-05-01,12520.053
2,VIC skill level 4,VIC,4,2011-06-01,12444.224
2,VIC skill level 4,VIC,4,2011-07-01,12517.688
2,VIC skill level 4,VIC,4,2011-08-01,11926.321
2,VIC skill level 4,VIC,4,2011-09-01,11565.844
2,VIC skill level 4,VIC,4,2011-10-01,11388.346
2,VIC skill level 4,VIC,4,2011-11-01,11272.58
2,VIC skill level 4,VIC,4,2011-12-01,11469.424
2,VIC skill level 4,VIC,4,2012-01-01,11003.746
2,VIC skill level 4,VIC,4,2012-02-01,11280.849
2,VIC skill level 4,VIC,4,2012-03-01,10851.178
2,VIC skill level 4,VIC,4,2012-04-01,10673.467
2,VIC skill level 4,VIC,4,2012-05-01,10422.317
2,VIC skill level 4,VIC,4,2012-06-01,9901.677
2,VIC skill level 4,VIC,4,2012-07-01,9500.998
2,VIC skill level 4,VIC,4,2012-08-01,9668.331
2,VIC skill level 4,VIC,4,2012-09-01,9863.369
2,VIC skill level 4,VIC,4,2012-10-01,9090.521
2,VIC skill level 4,VIC,4,2012-11-01,8930.32
2,VIC skill level 4,VIC,4,2012-12-01,8548.8
2,VIC skill level 4,VIC,4,2013-01-01,8737.103
2,VIC skill level 4,VIC,4,2013-02-01,8354.278
2,VIC skill level 4,VIC,4,2013-03-01,8808.352
2,VIC skill level 4,VIC,4,2013-04-01,7882.964
2,VIC skill level 4,VIC,4,2013-05-01,8402.986
2,VIC skill level 4,VIC,4,2013-06-01,8507.58
2,VIC skill level 4,VIC,4,2013-07-01,8685.203
2,VIC skill level 4,VIC,4,2013-08-01,8403.125
2,VIC skill level 4,VIC,4,2013-09-01,8341.564
2,VIC skill level 4,VIC,4,2013-10-01,8545.194
2,VIC skill level 4,VIC,4,2013-11-01,8519.888
2,VIC skill level 4,VIC,4,2013-12-01,8425.845
2,VIC skill level 4,VIC,4,2014-01-01,9244.379
2,VIC skill level 4,VIC,4,2014-02-01,8989.315
2,VIC skill level 4,VIC,4,2014-03-01,9019.879
2,VIC skill level 4,VIC,4,2014-04-01,8799.379
2,VIC skill level 4,VIC,4,2014-05-01,9380.563
2,VIC skill level 4,VIC,4,2014-06-01,9703.49
2,VIC skill level 4,VIC,4,2014-07-01,9307.4
2,VIC skill level 4,VIC,4,2014-08-01,9754.467
2,VIC skill level 4,VIC,4,2014-09-01,9941.607
2,VIC skill level 4,VIC,4,2014-10-01,10130.417
2,VIC skill level 4,VIC,4,2014-11-01,9724.989
2,VIC skill level 4,VIC,4,2014-12-01,9690.192
2,VIC skill level 4,VIC,4,2015-01-01,10039.057
2,VIC skill level 4,VIC,4,2015-02-01,10199.673
2,VIC skill level 4,VIC,4,2015-03-01,10458.593
2,VIC skill level 4,VIC,4,2015-04-01,10316.495
2,VIC skill level 4,VIC,4,2015-05-01,9787.733
2,VIC skill level 4,VIC,4,2015-06-01,9553.906
2,VIC skill level 4,VIC,4,2015-07-01,9939.749
2,VIC skill level 4,VIC,4,2015-08-01,9861.145
2,VIC skill level 4,VIC,4,2015-09-01,10303.933
2,VIC skill level 4,VIC,4,2015-10-01,10268.876
2,VIC skill level 4,VIC,4,2015-11-01,10627.326
2,VIC skill level 4,VIC,4,2015-12-01,10745.059
2,VIC skill level 4,VIC,4,2016-01-01,10184.681
2,VIC skill level 4,VIC,4,2016-02-01,10082.418
2,VIC skill level 4,VIC,4,2016-03-01,9986.355
2,VIC skill level 4,VIC,4,2016-04-01,10354.275
2,VIC skill level 4,VIC,4,2016-05-01,10431.099
2,VIC skill level 4,VIC,4,2016-06-01,11044.877
2,VIC skill level 4,VIC,4,2016-07-01,10359.89
2,VIC skill level 4,VIC,4,2016-08-01,10377.301
2,VIC skill level 4,VIC,4,2016-09-01,10238.873
2,VIC skill level 4,VIC,4,2016-10-01,10228.68
2,VIC skill level 4,VIC,4,2016-11-01,10487.408
2,VIC skill level 4,VIC,4,2016-12-01,10204.023
2,VIC skill level 4,VIC,4,2017-01-01,10448.631
2,VIC skill level 4,VIC,4,2017-02-01,10615.245
2,VIC skill level 4,VIC,4,2017-03-01,10673.385
2,VIC skill level 4,VIC,4,2017-04-01,11080.675
2,VIC skill level 4,VIC,4,2017-05-01,11356.047
2,VIC skill level 4,VIC,4,2017-06-01,11669.903
2,VIC skill level 4,VIC,4,2017-07-01,11707.335
2,VIC skill level 4,VIC,4,2017-08-01,11667.385
2,VIC skill level 4,VIC,4,2017-09-01,11631.441
2,VIC skill level 4,VIC,4,2017-10-01,11598.177
2,VIC skill level 4,VIC,4,2017-11-01,11749.47
2,VIC skill level 4,VIC,4,2017-12-01,11249.453
2,VIC skill level 4,VIC,4,2018-01-01,11745.262
2,VIC skill level 4,VIC,4,2018-02-01,12081.546
2,VIC skill level 4,VIC,4,2018-03-01,12743.329
2,VIC skill level 4,VIC,4,2018-04-01,12602.297
2,VIC skill level 4,VIC,4,2018-05-01,12654.071
2,VIC skill level 4,VIC,4,2018-06-01,12749.337
2,VIC skill level 4,VIC,4,2018-07-01,12819.425
2,VIC skill level 4,VIC,4,2018-08-01,13327.337
2,VIC skill level 4,VIC,4,2018-09-01,12816.124
2,VIC skill level 4,VIC,4,2018-10-01,12703.917
2,VIC skill level 4,VIC,4,2018-11-01,12169.315
2,VIC skill level 4,VIC,4,2018-12-01,12210.354
2,VIC skill level 4,VIC,4,2019-01-01,12701.335
2,VIC skill level 4,VIC,4,2019-02-01,12684.563
2,VIC skill level 4,VIC,4,2019-03-01,11943.462
2,VIC skill level 4,VIC,4,2019-04-01,11809.173
2,VIC skill level 4,VIC,4,2019-05-01,12163.093
2,VIC skill level 4,VIC,4,2019-06-01,12176.362
2,VIC skill level 4,VIC,4,2019-07-01,12077.506
2,VIC skill level 4,VIC,4,2019-08-01,12241.875
2,VIC skill level 4,VIC,4,2019-09-01,12809.99
2,VIC skill level 4,VIC,4,2019-10-01,11618.473
2,VIC skill level 4,VIC,4,2019-11-01,10747.402
2,VIC skill level 4,VIC,4,2019-12-01,10891.822
2,VIC skill level 4,VIC,4,2020-01-01,11328.862
2,VIC skill level 4,VIC,4,2020-02-01,10717.249
2,VIC skill level 4,VIC,4,2020-03-01,7078.608
2,VIC skill level 4,VIC,4,2020-04-01,3607.092
2,VIC skill level 4,VIC,4,2020-05-01,5292.268
2,VIC skill level 4,VIC,4,2020-06-01,8069.077
2,VIC skill level 4,VIC,4,2020-07-01,6990.583
2,VIC skill level 4,VIC,4,2020-08-01,6120.922
2,VIC skill level 4,VIC,4,2020-09-01,7497.436
2,VIC skill level 4,VIC,4,2020-10-01,8843.75
2,VIC skill level 4,VIC,4,2020-11-01,12639.772
2,VIC skill level 4,VIC,4,2020-12-01,12686.422
2,VIC skill level 4,VIC,4,2021-01-01,13283.944
2,VIC skill level 4,VIC,4,2021-02-01,13696.109
2,VIC skill level 4,VIC,4,2021-03-01,15943.921
2,VIC skill level 4,VIC,4,2021-04-01,16461.363
2,VIC skill level 4,VIC,4,2021-05-01,17071.15
2,VIC skill level 4,VIC,4,2021-06-01,15498.717
2,VIC skill level 4,VIC,4,2021-07-01,16223.671
2,VIC skill level 4,VIC,4,2021-08-01,14200.874
2,VIC skill level 4,VIC,4,2021-09-01,14351.506
2,VIC skill level 4,VIC,4,2021-10-01,18709.674
2,VIC skill level 4,VIC,4,2021-11-01,19853.841
2,VIC skill level 4,VIC,4,2021-12-01,18768.693
2,VIC skill level 4,VIC,4,2022-01-01,19556.563
2,VIC skill level 4,VIC,4,2022-02-01,20713.311
2,VIC skill level 4,VIC,4,2022-03-01,21239.59
2,VIC skill level 4,VIC,4,2022-04-01,21672.696
2,VIC skill level 4,VIC,4,2022-05-01,22039.663
2,VIC skill level 4,VIC,4,2022-06-01,23473.776
2,VIC skill level 4,VIC,4,2022-07-01,21516.2
2,VIC skill level 4,VIC,4,2022-08-01,22717.527
2,VIC skill level 4,VIC,4,2022-09-01,21554.183
2,VIC skill level 4,VIC,4,2022-10-01,20760.21
2,VIC skill level 4,VIC,4,2022-11-01,19915.462
2,VIC skill level 4,VIC,4,2022-12-01,18748.015
2,VIC skill level 4,VIC,4,2023-01-01,18900.503
2,VIC skill level 4,VIC,4,2023-02-01,19340.564
2,VIC skill level 4,VIC,4,2023-03-01,19040.453
2,VIC skill level 4,VIC,4,2023-04-01,19453.495
2,VIC skill level 4,VIC,4,2023-05-01,19098.554
2,VIC skill level 4,VIC,4,2023-06-01,19042.624
2,VIC skill level 4,VIC,4,2023-07-01,18856.841
2,VIC skill level 4,VIC,4,2023-08-01,18222.708
2,VIC skill level 4,VIC,4,2023-09-01,17441.157
2,VIC skill level 4,VIC,4,2023-10-01,16285.228
2,VIC skill level 4,VIC,4,2023-11-01,15987.896
2,VIC skill level 4,VIC,4,2023-12-01,16040.85
2,VIC skill level 4,VIC,4,2024-01-01,15277.527
2,VIC skill level 4,VIC,4,2024-02-01,15042.364
2,VIC skill level 4,VIC,4,2024-03-01,15260.466
2,VIC skill level 4,VIC,4,2024-04-01,14513.05
2,VIC skill level 4,VIC,4,2024-05-01,14805.462
2,VIC skill level 4,VIC,4,2024-06-01,13747.621
2,VIC skill level 4,VIC,4,2024-07-01,12518.286
2,VIC skill level 4,VIC,4,2024-08-01,13684.331
2,VIC skill level 4,VIC,4,2024-09-01,13805.391
2,VIC skill level 4,VIC,4,2024-10-01,12802.256
2,VIC skill level 4,VIC,4,2024-11-01,12318.949
2,VIC skill level 4,VIC,4,2024-12-01,11933.141
2,VIC skill level 4,VIC,4,2025-01-01,12016.649
2,VIC skill level 4,VIC,4,2025-02-01,11622.245
2,VIC skill level 4,VIC,4,2025-03-01,11205.32
2,VIC skill level 4,VIC,4,2025-04-01,11437.715
2,VIC skill level 4,VIC,4,2025-05-01,11365.514
2,VIC skill level 4,VIC,4,2025-06-01,11421.896
2,VIC skill level 4,VIC,4,2025-07-01,11464.51
2,VIC skill level 4,VIC,4,2025-08-01,11301.231
2,VIC skill level 4,VIC,4,2025-09-01,11625.918
2,VIC skill level 4,VIC,4,2025-10-01,11390.77
2,VIC skill level 4,VIC,4,2025-11-01,11122.998
2,VIC skill level 4,VIC,4,2025-12-01,11059.248
2,VIC skill level 4,VIC,4,2026-01-01,11718.761
2,VIC skill level 4,VIC,4,2026-02-01,11295.783
2,VIC skill level 4,VIC,4,2026-03-01,11272.954
2,VIC skill level 4,VIC,4,2026-04-01,11153.678
2,VIC skill level 4,VIC,4,2026-05-01,10923.104
2,VIC skill level 4,VIC,4,2026-06-01,10983.776
2,VIC skill level 4,VIC,4,2026-07-01,11349.873
2,VIC skill level 5,VIC,5,2006-01-01,10336.59
2,VIC skill level 5,VIC,5,2006-02-01,11012.545
2,VIC skill level 5,VIC,5,2006-03-01,11474.37
2,VIC skill level 5,VIC,5,2006-04-01,10466.41
2,VIC skill level 5,VIC,5,2006-05-01,10486.476
2,VIC skill level 5,VIC,5,2006-06-01,10375.864
2,VIC skill level 5,VIC,5,2006-07-01,10640.613
2,VIC skill level 5,VIC,5,2006-08-01,10889.263
2,VIC skill level 5,VIC,5,2006-09-01,10746.821
2,VIC skill level 5,VIC,5,2006-10-01,11232.372
2,VIC skill level 5,VIC,5,2006-11-01,11451.366
2,VIC skill level 5,VIC,5,2006-12-01,10780.752
2,VIC skill level 5,VIC,5,2007-01-01,11139.808
2,VIC skill level 5,VIC,5,2007-02-01,11551.641
2,VIC skill level 5,VIC,5,2007-03-01,11995.676
2,VIC skill level 5,VIC,5,2007-04-01,11530.443
2,VIC skill level 5,VIC,5,2007-05-01,12071.372
2,VIC skill level 5,VIC,5,2007-06-01,12040.202
2,VIC skill level 5,VIC,5,2007-07-01,12223.801
2,VIC skill level 5,VIC,5,2007-08-01,12720.221
2,VIC skill level 5,VIC,5,2007-09-01,12595.202
2,VIC skill level 5,VIC,5,2007-10-01,12131.14
2,VIC skill level 5,VIC,5,2007-11-01,12555.639
2,VIC skill level 5,VIC,5,2007-12-01,12701.398
2,VIC skill level 5,VIC,5,2008-01-01,12931.967
2,VIC skill level 5,VIC,5,2008-02-01,12222.186
2,VIC skill level 5,VIC,5,2008-03-01,12266.141
2,VIC skill level 5,VIC,5,2008-04-01,12459.019
2,VIC skill level 5,VIC,5,2008-05-01,11954.993
2,VIC skill level 5,VIC,5,2008-06-01,11767.624
2,VIC skill level 5,VIC,5,2008-07-01,11170.555
2,VIC skill level 5,VIC,5,2008-08-01,10599.658
2,VIC skill level 5,VIC,5,2008-09-01,10318.199
2,VIC skill level 5,VIC,5,2008-10-01,9641.611
2,VIC skill level 5,VIC,5,2008-11-01,8677.352
2,VIC skill level 5,VIC,5,2008-12-01,8399
2,VIC skill level 5,VIC,5,2009-01-01,7779.788
2,VIC skill level 5,VIC,5,2009-02-01,7440.6
2,VIC skill level 5,VIC,5,2009-03-01,7068.524
2,VIC skill level 5,VIC,5,2009-04-01,7136.249
2,VIC skill level 5,VIC,5,2009-05-01,6483.044
2,VIC skill level 5,VIC,5,2009-06-01,7598.259
2,VIC skill level 5,VIC,5,2009-07-01,5771.347
2,VIC skill level 5,VIC,5,2009-08-01,6443.815
2,VIC skill level 5,VIC,5,2009-09-01,6562.691
2,VIC skill level 5,VIC,5,2009-10-01,7021.101
2,VIC skill level 5,VIC,5,2009-11-01,7805.837
2,VIC skill level 5,VIC,5,2009-12-01,7706.094
2,VIC skill level 5,VIC,5,2010-01-01,7404.253
2,VIC skill level 5,VIC,5,2010-02-01,7944.135
2,VIC skill level 5,VIC,5,2010-03-01,6543.492
2,VIC skill level 5,VIC,5,2010-04-01,6177.651
2,VIC skill level 5,VIC,5,2010-05-01,6870.81
2,VIC skill level 5,VIC,5,2010-06-01,6896.691
2,VIC skill level 5,VIC,5,2010-07-01,7187.312
2,VIC skill level 5,VIC,5,2010-08-01,7231.842
2,VIC skill level 5,VIC,5,2010-09-01,7398.911
2,VIC skill level 5,VIC,5,2010-10-01,7093.785
2,VIC skill level 5,VIC,5,2010-11-01,7165.682
2,VIC skill level 5,VIC,5,2010-12-01,7069.11
2,VIC skill level 5,VIC,5,2011-01-01,7382.083
2,VIC skill level 5,VIC,5,2011-02-01,7255.83
2,VIC skill level 5,VIC,5,2011-03-01,7260.641
2,VIC skill level 5,VIC,5,2011-04-01,7165.129
2,VIC skill level 5,VIC,5,2011-05-01,7504.031
2,VIC skill level 5,VIC,5,2011-06-01,7359.986
2,VIC skill level 5,VIC,5,2011-07-01,7120.209
2,VIC skill level 5,VIC,5,2011-08-01,6926.33
2,VIC skill level 5,VIC,5,2011-09-01,6594.909
2,VIC skill level 5,VIC,5,2011-10-01,6577.614
2,VIC skill level 5,VIC,5,2011-11-01,6639.016
2,VIC skill level 5,VIC,5,2011-12-01,6432.84
2,VIC skill level 5,VIC,5,2012-01-01,6126.21
2,VIC skill level 5,VIC,5,2012-02-01,6445.1
2,VIC skill level 5,VIC,5,2012-03-01,6127.743
2,VIC skill level 5,VIC,5,2012-04-01,6014.042
2,VIC skill level 5,VIC,5,2012-05-01,5824.946
2,VIC skill level 5,VIC,5,2012-06-01,5556.843
2,VIC skill level 5,VIC,5,2012-07-01,5432.877
2,VIC skill level 5,VIC,5,2012-08-01,5355.048
2,VIC skill level 5,VIC,5,2012-09-01,5445.866
2,VIC skill level 5,VIC,5,2012-10-01,5253.323
2,VIC skill level 5,VIC,5,2012-11-01,5068.494
2,VIC skill level 5,VIC,5,2012-12-01,5097.204
2,VIC skill level 5,VIC,5,2013-01-01,4822.05
2,VIC skill level 5,VIC,5,2013-02-01,4686.796
2,VIC skill level 5,VIC,5,2013-03-01,4814.945
2,VIC skill level 5,VIC,5,2013-04-01,4390.196
2,VIC skill level 5,VIC,5,2013-05-01,4755.189
2,VIC skill level 5,VIC,5,2013-06-01,4717.739
2,VIC skill level 5,VIC,5,2013-07-01,4868.927
2,VIC skill level 5,VIC,5,2013-08-01,4831.728
2,VIC skill level 5,VIC,5,2013-09-01,4755.398
2,VIC skill level 5,VIC,5,2013-10-01,4714.131
2,VIC skill level 5,VIC,5,2013-11-01,4707.47
2,VIC skill level 5,VIC,5,2013-12-01,4620.656
2,VIC skill level 5,VIC,5,2014-01-01,4906.96
2,VIC skill level 5,VIC,5,2014-02-01,4871.978
2,VIC skill level 5,VIC,5,2014-03-01,4729.514
2,VIC skill level 5,VIC,5,2014-04-01,4777.899
2,VIC skill level 5,VIC,5,2014-05-01,4785.501
2,VIC skill level 5,VIC,5,2014-06-01,5115.918
2,VIC skill level 5,VIC,5,2014-07-01,4991.182
2,VIC skill level 5,VIC,5,2014-08-01,5195.447
2,VIC skill level 5,VIC,5,2014-09-01,5298.645
2,VIC skill level 5,VIC,5,2014-10-01,5259.517
2,VIC skill level 5,VIC,5,2014-11-01,5172.915
2,VIC skill level 5,VIC,5,2014-12-01,4920.562
2,VIC skill level 5,VIC,5,2015-01-01,5176.892
2,VIC skill level 5,VIC,5,2015-02-01,5261.768
2,VIC skill level 5,VIC,5,2015-03-01,5327.294
2,VIC skill level 5,VIC,5,2015-04-01,5498.297
2,VIC skill level 5,VIC,5,2015-05-01,4939.388
2,VIC skill level 5,VIC,5,2015-06-01,4709.4
2,VIC skill level 5,VIC,5,2015-07-01,4643.261
2,VIC skill level 5,VIC,5,2015-08-01,4499.864
2,VIC skill level 5,VIC,5,2015-09-01,5332.319
2,VIC skill level 5,VIC,5,2015-10-01,5037.647
2,VIC skill level 5,VIC,5,2015-11-01,5062.318
2,VIC skill level 5,VIC,5,2015-12-01,5075.401
2,VIC skill level 5,VIC,5,2016-01-01,5125.794
2,VIC skill level 5,VIC,5,2016-02-01,4951.578
2,VIC skill level 5,VIC,5,2016-03-01,4805.857
2,VIC skill level 5,VIC,5,2016-04-01,5194.345
2,VIC skill level 5,VIC,5,2016-05-01,5198.186
2,VIC skill level 5,VIC,5,2016-06-01,5453.552
2,VIC skill level 5,VIC,5,2016-07-01,5271.037
2,VIC skill level 5,VIC,5,2016-08-01,5116.669
2,VIC skill level 5,VIC,5,2016-09-01,4966.02
2,VIC skill level 5,VIC,5,2016-10-01,4958.374
2,VIC skill level 5,VIC,5,2016-11-01,4996.141
2,VIC skill level 5,VIC,5,2016-12-01,4752.988
2,VIC skill level 5,VIC,5,2017-01-01,4837.374
2,VIC skill level 5,VIC,5,2017-02-01,5057.571
2,VIC skill level 5,VIC,5,2017-03-01,5020.516
2,VIC skill level 5,VIC,5,2017-04-01,5084.48
2,VIC skill level 5,VIC,5,2017-05-01,5306.369
2,VIC skill level 5,VIC,5,2017-06-01,5221.777
2,VIC skill level 5,VIC,5,2017-07-01,5223.731
2,VIC skill level 5,VIC,5,2017-08-01,5152.142
2,VIC skill level 5,VIC,5,2017-09-01,4936.327
2,VIC skill level 5,VIC,5,2017-10-01,5086.24
2,VIC skill level 5,VIC,5,2017-11-01,5055.359
2,VIC skill level 5,VIC,5,2017-12-01,4983.144
2,VIC skill level 5,VIC,5,2018-01-01,4956.747
2,VIC skill level 5,VIC,5,2018-02-01,5105.228
2,VIC skill level 5,VIC,5,2018-03-01,5386.029
2,VIC skill level 5,VIC,5,2018-04-01,5338.315
2,VIC skill level 5,VIC,5,2018-05-01,5220.406
2,VIC skill level 5,VIC,5,2018-06-01,5387.092
2,VIC skill level 5,VIC,5,2018-07-01,5267.547
2,VIC skill level 5,VIC,5,2018-08-01,5370.904
2,VIC skill level 5,VIC,5,2018-09-01,5152.655
2,VIC skill level 5,VIC,5,2018-10-01,4844.968
2,VIC skill level 5,VIC,5,2018-11-01,4679.046
2,VIC skill level 5,VIC,5,2018-12-01,4628.872
2,VIC skill level 5,VIC,5,2019-01-01,4714.828
2,VIC skill level 5,VIC,5,2019-02-01,4704.77
2,VIC skill level 5,VIC,5,2019-03-01,4377.168
2,VIC skill level 5,VIC,5,2019-04-01,4306.947
2,VIC skill level 5,VIC,5,2019-05-01,4632.488
2,VIC skill level 5,VIC,5,2019-06-01,4636.578
2,VIC skill level 5,VIC,5,2019-07-01,4589.801
2,VIC skill level 5,VIC,5,2019-08-01,4588.832
2,VIC skill level 5,VIC,5,2019-09-01,4835.174
2,VIC skill level 5,VIC,5,2019-10-01,4356.219
2,VIC skill level 5,VIC,5,2019-11-01,4123.718
2,VIC skill level 5,VIC,5,2019-12-01,4172.093
2,VIC skill level 5,VIC,5,2020-01-01,4238.835
2,VIC skill level 5,VIC,5,2020-02-01,4171.038
2,VIC skill level 5,VIC,5,2020-03-01,2860.264
2,VIC skill level 5,VIC,5,2020-04-01,1559.806
2,VIC skill level 5,VIC,5,2020-05-01,2097.751
2,VIC skill level 5,VIC,5,2020-06-01,3313.162
2,VIC skill level 5,VIC,5,2020-07-01,2982.614
2,VIC skill level 5,VIC,5,2020-08-01,2134.095
2,VIC skill level 5,VIC,5,2020-09-01,2857.464
2,VIC skill level 5,VIC,5,2020-10-01,3959.591
2,VIC skill level 5,VIC,5,2020-11-01,5537.801
2,VIC skill level 5,VIC,5,2020-12-01,5425.559
2,VIC skill level 5,VIC,5,2021-01-01,5667.869
2,VIC skill level 5,VIC,5,2021-02-01,6032.929
2,VIC skill level 5,VIC,5,2021-03-01,7175.376
2,VIC skill level 5,VIC,5,2021-04-01,7568.758
2,VIC skill level 5,VIC,5,2021-05-01,7786.611
2,VIC skill level 5,VIC,5,2021-06-01,7021.178
2,VIC skill level 5,VIC,5,2021-07-01,7503.458
2,VIC skill level 5,VIC,5,2021-08-01,6420.783
2,VIC skill level 5,VIC,5,2021-09-01,6538.728
2,VIC skill level 5,VIC,5,2021-10-01,9519.856
2,VIC skill level 5,VIC,5,2021-11-01,10474.46
2,VIC skill level 5,VIC,5,2021-12-01,10010.247
2,VIC skill level 5,VIC,5,2022-01-01,9937.758
2,VIC skill level 5,VIC,5,2022-02-01,10385.245
2,VIC skill level 5,VIC,5,2022-03-01,10717.368
2,VIC skill level 5,VIC,5,2022-04-01,10914.546
2,VIC skill level 5,VIC,5,2022-05-01,11041.183
2,VIC skill level 5,VIC,5,2022-06-01,11679.095
2,VIC skill level 5,VIC,5,2022-07-01,10648.157
2,VIC skill level 5,VIC,5,2022-08-01,10676.699
2,VIC skill level 5,VIC,5,2022-09-01,9789.808
2,VIC skill level 5,VIC,5,2022-10-01,9424.482
2,VIC skill level 5,VIC,5,2022-11-01,8894.918
2,VIC skill level 5,VIC,5,2022-12-01,8291.626
2,VIC skill level 5,VIC,5,2023-01-01,8354.367
2,VIC skill level 5,VIC,5,2023-02-01,8581.903
2,VIC skill level 5,VIC,5,2023-03-01,8112.534
2,VIC skill level 5,VIC,5,2023-04-01,8430.401
2,VIC skill level 5,VIC,5,2023-05-01,7783.438
2,VIC skill level 5,VIC,5,2023-06-01,7854.35
2,VIC skill level 5,VIC,5,2023-07-01,7521.518
2,VIC skill level 5,VIC,5,2023-08-01,7496.399
2,VIC skill level 5,VIC,5,2023-09-01,7092.529
2,VIC skill level 5,VIC,5,2023-10-01,6469.501
2,VIC skill level 5,VIC,5,2023-11-01,6283.746
2,VIC skill level 5,VIC,5,2023-12-01,6108.79
2,VIC skill level 5,VIC,5,2024-01-01,5921.269
2,VIC skill level 5,VIC,5,2024-02-01,5896.259
2,VIC skill level 5,VIC,5,2024-03-01,5986.341
2,VIC skill level 5,VIC,5,2024-04-01,5424.163
2,VIC skill level 5,VIC,5,2024-05-01,5706.801
2,VIC skill level 5,VIC,5,2024-06-01,5643.772
2,VIC skill level 5,VIC,5,2024-07-01,5085.589
2,VIC skill level 5,VIC,5,2024-08-01,5522.999
2,VIC skill level 5,VIC,5,2024-09-01,5511.728
2,VIC skill level 5,VIC,5,2024-10-01,5286.967
2,VIC skill level 5,VIC,5,2024-11-01,5010.988
2,VIC skill level 5,VIC,5,2024-12-01,5010.264
2,VIC skill level 5,VIC,5,2025-01-01,5039.668
2,VIC skill level 5,VIC,5,2025-02-01,4748.815
2,VIC skill level 5,VIC,5,2025-03-01,4623.418
2,VIC skill level 5,VIC,5,2025-04-01,4719.44
2,VIC skill level 5,VIC,5,2025-05-01,4709.345
2,VIC skill level 5,VIC,5,2025-06-01,4600.342
2,VIC skill level 5,VIC,5,2025-07-01,4573.942
2,VIC skill level 5,VIC,5,2025-08-01,4561.85
2,VIC skill level 5,VIC,5,2025-09-01,4545.088
2,VIC skill level 5,VIC,5,2025-10-01,4503.418
2,VIC skill level 5,VIC,5,2025-11-01,4536.918
2,VIC skill level 5,VIC,5,2025-12-01,4301.169
2,VIC skill level 5,VIC,5,2026-01-01,4786.466
2,VIC skill level 5,VIC,5,2026-02-01,4745.831
2,VIC skill level 5,VIC,5,2026-03-01,4701.656
2,VIC skill level 5,VIC,5,2026-04-01,4720.528
2,VIC skill level 5,VIC,5,2026-05-01,4592.273
2,VIC skill level 5,VIC,5,2026-06-01,4565.203
2,VIC skill level 5,VIC,5,2026-07-01,4967.054
1,QLD TOTAL,QLD,0,2006-01-01,50083.675
1,QLD TOTAL,QLD,0,2006-02-01,49536.419
1,QLD TOTAL,QLD,0,2006-03-01,49443.02
1,QLD TOTAL,QLD,0,2006-04-01,50552.575
1,QLD TOTAL,QLD,0,2006-05-01,50859.692
1,QLD TOTAL,QLD,0,2006-06-01,55016.837
1,QLD TOTAL,QLD,0,2006-07-01,45439.346
1,QLD TOTAL,QLD,0,2006-08-01,51659.176
1,QLD TOTAL,QLD,0,2006-09-01,51077.129
1,QLD TOTAL,QLD,0,2006-10-01,55591.699
1,QLD TOTAL,QLD,0,2006-11-01,54952.144
1,QLD TOTAL,QLD,0,2006-12-01,54364.158
1,QLD TOTAL,QLD,0,2007-01-01,58369.415
1,QLD TOTAL,QLD,0,2007-02-01,59114.378
1,QLD TOTAL,QLD,0,2007-03-01,63681.657
1,QLD TOTAL,QLD,0,2007-04-01,62772.22
1,QLD TOTAL,QLD,0,2007-05-01,64897.761
1,QLD TOTAL,QLD,0,2007-06-01,63362.724
1,QLD TOTAL,QLD,0,2007-07-01,68239.259
1,QLD TOTAL,QLD,0,2007-08-01,66390.754
1,QLD TOTAL,QLD,0,2007-09-01,69377.809
1,QLD TOTAL,QLD,0,2007-10-01,67871.224
1,QLD TOTAL,QLD,0,2007-11-01,70356.873
1,QLD TOTAL,QLD,0,2007-12-01,72938.559
1,QLD TOTAL,QLD,0,2008-01-01,71798.591
1,QLD TOTAL,QLD,0,2008-02-01,74570.516
1,QLD TOTAL,QLD,0,2008-03-01,71464.143
1,QLD TOTAL,QLD,0,2008-04-01,73283.321
1,QLD TOTAL,QLD,0,2008-05-01,70523.767
1,QLD TOTAL,QLD,0,2008-06-01,72991.926
1,QLD TOTAL,QLD,0,2008-07-01,69198.161
1,QLD TOTAL,QLD,0,2008-08-01,67016.505
1,QLD TOTAL,QLD,0,2008-09-01,63251.598
1,QLD TOTAL,QLD,0,2008-10-01,59427.804
1,QLD TOTAL,QLD,0,2008-11-01,57565.847
1,QLD TOTAL,QLD,0,2008-12-01,52737.197
1,QLD TOTAL,QLD,0,2009-01-01,46953.377
1,QLD TOTAL,QLD,0,2009-02-01,41463.185
1,QLD TOTAL,QLD,0,2009-03-01,36409.712
1,QLD TOTAL,QLD,0,2009-04-01,37064.5
1,QLD TOTAL,QLD,0,2009-05-01,35218.373
1,QLD TOTAL,QLD,0,2009-06-01,38092.415
1,QLD TOTAL,QLD,0,2009-07-01,34316.101
1,QLD TOTAL,QLD,0,2009-08-01,35487.055
1,QLD TOTAL,QLD,0,2009-09-01,35220.995
1,QLD TOTAL,QLD,0,2009-10-01,35595.852
1,QLD TOTAL,QLD,0,2009-11-01,35379.893
1,QLD TOTAL,QLD,0,2009-12-01,35941.457
1,QLD TOTAL,QLD,0,2010-01-01,39235.542
1,QLD TOTAL,QLD,0,2010-02-01,38981.147
1,QLD TOTAL,QLD,0,2010-03-01,34279.153
1,QLD TOTAL,QLD,0,2010-04-01,34628.012
1,QLD TOTAL,QLD,0,2010-05-01,38898.914
1,QLD TOTAL,QLD,0,2010-06-01,37415.451
1,QLD TOTAL,QLD,0,2010-07-01,37536.598
1,QLD TOTAL,QLD,0,2010-08-01,37985.108
1,QLD TOTAL,QLD,0,2010-09-01,40131.118
1,QLD TOTAL,QLD,0,2010-10-01,41257.18
1,QLD TOTAL,QLD,0,2010-11-01,40721.134
1,QLD TOTAL,QLD,0,2010-12-01,41641.975
1,QLD TOTAL,QLD,0,2011-01-01,38992.53
1,QLD TOTAL,QLD,0,2011-02-01,43593.476
1,QLD TOTAL,QLD,0,2011-03-01,44784.859
1,QLD TOTAL,QLD,0,2011-04-01,45414.356
1,QLD TOTAL,QLD,0,2011-05-01,44809.272
1,QLD TOTAL,QLD,0,2011-06-01,43063.947
1,QLD TOTAL,QLD,0,2011-07-01,45550.777
1,QLD TOTAL,QLD,0,2011-08-01,44389.203
1,QLD TOTAL,QLD,0,2011-09-01,43266.562
1,QLD TOTAL,QLD,0,2011-10-01,44461.122
1,QLD TOTAL,QLD,0,2011-11-01,44769.349
1,QLD TOTAL,QLD,0,2011-12-01,44903.313
1,QLD TOTAL,QLD,0,2012-01-01,43385.599
1,QLD TOTAL,QLD,0,2012-02-01,43867.376
1,QLD TOTAL,QLD,0,2012-03-01,43361.887
1,QLD TOTAL,QLD,0,2012-04-01,42232.542
1,QLD TOTAL,QLD,0,2012-05-01,40474.452
1,QLD TOTAL,QLD,0,2012-06-01,39985.562
1,QLD TOTAL,QLD,0,2012-07-01,37979.12
1,QLD TOTAL,QLD,0,2012-08-01,36777.722
1,QLD TOTAL,QLD,0,2012-09-01,36145.98
1,QLD TOTAL,QLD,0,2012-10-01,33520.061
1,QLD TOTAL,QLD,0,2012-11-01,31791.549
1,QLD TOTAL,QLD,0,2012-12-01,30726.946
1,QLD TOTAL,QLD,0,2013-01-01,29991.416
1,QLD TOTAL,QLD,0,2013-02-01,29025.618
1,QLD TOTAL,QLD,0,2013-03-01,30334.327
1,QLD TOTAL,QLD,0,2013-04-01,28174.682
1,QLD TOTAL,QLD,0,2013-05-01,28578.059
1,QLD TOTAL,QLD,0,2013-06-01,27829.359
1,QLD TOTAL,QLD,0,2013-07-01,28098.755
1,QLD TOTAL,QLD,0,2013-08-01,27915.428
1,QLD TOTAL,QLD,0,2013-09-01,27869.281
1,QLD TOTAL,QLD,0,2013-10-01,27318.9
1,QLD TOTAL,QLD,0,2013-11-01,27709.563
1,QLD TOTAL,QLD,0,2013-12-01,27824.198
1,QLD TOTAL,QLD,0,2014-01-01,29058.323
1,QLD TOTAL,QLD,0,2014-02-01,28651.665
1,QLD TOTAL,QLD,0,2014-03-01,28018.194
1,QLD TOTAL,QLD,0,2014-04-01,27623.371
1,QLD TOTAL,QLD,0,2014-05-01,28577.656
1,QLD TOTAL,QLD,0,2014-06-01,28532.957
1,QLD TOTAL,QLD,0,2014-07-01,28045.178
1,QLD TOTAL,QLD,0,2014-08-01,29033.183
1,QLD TOTAL,QLD,0,2014-09-01,28122.713
1,QLD TOTAL,QLD,0,2014-10-01,28449.714
1,QLD TOTAL,QLD,0,2014-11-01,28277.221
1,QLD TOTAL,QLD,0,2014-12-01,28489.938
1,QLD TOTAL,QLD,0,2015-01-01,29405.859
1,QLD TOTAL,QLD,0,2015-02-01,28499.774
1,QLD TOTAL,QLD,0,2015-03-01,29481.538
1,QLD TOTAL,QLD,0,2015-04-01,29188.869
1,QLD TOTAL,QLD,0,2015-05-01,28219.791
1,QLD TOTAL,QLD,0,2015-06-01,27160.118
1,QLD TOTAL,QLD,0,2015-07-01,28537.633
1,QLD TOTAL,QLD,0,2015-08-01,28520.03
1,QLD TOTAL,QLD,0,2015-09-01,30261.231
1,QLD TOTAL,QLD,0,2015-10-01,29048.316
1,QLD TOTAL,QLD,0,2015-11-01,29892.557
1,QLD TOTAL,QLD,0,2015-12-01,29620.778
1,QLD TOTAL,QLD,0,2016-01-01,29253.305
1,QLD TOTAL,QLD,0,2016-02-01,29062.881
1,QLD TOTAL,QLD,0,2016-03-01,28774.115
1,QLD TOTAL,QLD,0,2016-04-01,29506.182
1,QLD TOTAL,QLD,0,2016-05-01,29458.029
1,QLD TOTAL,QLD,0,2016-06-01,30168.737
1,QLD TOTAL,QLD,0,2016-07-01,28919.402
1,QLD TOTAL,QLD,0,2016-08-01,29072.585
1,QLD TOTAL,QLD,0,2016-09-01,29044.944
1,QLD TOTAL,QLD,0,2016-10-01,29535.554
1,QLD TOTAL,QLD,0,2016-11-01,28935.794
1,QLD TOTAL,QLD,0,2016-12-01,29427.404
1,QLD TOTAL,QLD,0,2017-01-01,29641.09
1,QLD TOTAL,QLD,0,2017-02-01,30460.732
1,QLD TOTAL,QLD,0,2017-03-01,29585.246
1,QLD TOTAL,QLD,0,2017-04-01,31160.56
1,QLD TOTAL,QLD,0,2017-05-01,31765.445
1,QLD TOTAL,QLD,0,2017-06-01,32463.663
1,QLD TOTAL,QLD,0,2017-07-01,32992.429
1,QLD TOTAL,QLD,0,2017-08-01,32491.116
1,QLD TOTAL,QLD,0,2017-09-01,33038.103
1,QLD TOTAL,QLD,0,2017-10-01,33053.002
1,QLD TOTAL,QLD,0,2017-11-01,33366.244
1,QLD TOTAL,QLD,0,2017-12-01,31858.301
1,QLD TOTAL,QLD,0,2018-01-01,32913.215
1,QLD TOTAL,QLD,0,2018-02-01,33035.083
1,QLD TOTAL,QLD,0,2018-03-01,34344.554
1,QLD TOTAL,QLD,0,2018-04-01,33635.327
1,QLD TOTAL,QLD,0,2018-05-01,33285.093
1,QLD TOTAL,QLD,0,2018-06-01,32736.518
1,QLD TOTAL,QLD,0,2018-07-01,32849.638
1,QLD TOTAL,QLD,0,2018-08-01,32643.623
1,QLD TOTAL,QLD,0,2018-09-01,32065.296
1,QLD TOTAL,QLD,0,2018-10-01,31760.718
1,QLD TOTAL,QLD,0,2018-11-01,31686.25
1,QLD TOTAL,QLD,0,2018-12-01,31844.048
1,QLD TOTAL,QLD,0,2019-01-01,32588.866
1,QLD TOTAL,QLD,0,2019-02-01,32354.98
1,QLD TOTAL,QLD,0,2019-03-01,31401.6
1,QLD TOTAL,QLD,0,2019-04-01,31953.316
1,QLD TOTAL,QLD,0,2019-05-01,31979.091
1,QLD TOTAL,QLD,0,2019-06-01,31344.283
1,QLD TOTAL,QLD,0,2019-07-01,31892.784
1,QLD TOTAL,QLD,0,2019-08-01,31127.522
1,QLD TOTAL,QLD,0,2019-09-01,30979.574
1,QLD TOTAL,QLD,0,2019-10-01,29647.664
1,QLD TOTAL,QLD,0,2019-11-01,29215.593
1,QLD TOTAL,QLD,0,2019-12-01,30336.501
1,QLD TOTAL,QLD,0,2020-01-01,31743.452
1,QLD TOTAL,QLD,0,2020-02-01,30654.446
1,QLD TOTAL,QLD,0,2020-03-01,22873.396
1,QLD TOTAL,QLD,0,2020-04-01,13645.932
1,QLD TOTAL,QLD,0,2020-05-01,18335.921
1,QLD TOTAL,QLD,0,2020-06-01,24419.454
1,QLD TOTAL,QLD,0,2020-07-01,28521.834
1,QLD TOTAL,QLD,0,2020-08-01,29206.207
1,QLD TOTAL,QLD,0,2020-09-01,30782.782
1,QLD TOTAL,QLD,0,2020-10-01,33037.013
1,QLD TOTAL,QLD,0,2020-11-01,35087.314
1,QLD TOTAL,QLD,0,2020-12-01,36924.387
1,QLD TOTAL,QLD,0,2021-01-01,37835.224
1,QLD TOTAL,QLD,0,2021-02-01,40911.881
1,QLD TOTAL,QLD,0,2021-03-01,44633.687
1,QLD TOTAL,QLD,0,2021-04-01,43413.978
1,QLD TOTAL,QLD,0,2021-05-01,45539.486
1,QLD TOTAL,QLD,0,2021-06-01,45651.953
1,QLD TOTAL,QLD,0,2021-07-01,45752.413
1,QLD TOTAL,QLD,0,2021-08-01,42901.474
1,QLD TOTAL,QLD,0,2021-09-01,48025.753
1,QLD TOTAL,QLD,0,2021-10-01,47489.093
1,QLD TOTAL,QLD,0,2021-11-01,50447.527
1,QLD TOTAL,QLD,0,2021-12-01,50906.847
1,QLD TOTAL,QLD,0,2022-01-01,52655.95
1,QLD TOTAL,QLD,0,2022-02-01,53670.904
1,QLD TOTAL,QLD,0,2022-03-01,55911.768
1,QLD TOTAL,QLD,0,2022-04-01,57980.637
1,QLD TOTAL,QLD,0,2022-05-01,59602.476
1,QLD TOTAL,QLD,0,2022-06-01,61650.574
1,QLD TOTAL,QLD,0,2022-07-01,59284.704
1,QLD TOTAL,QLD,0,2022-08-01,60253.534
1,QLD TOTAL,QLD,0,2022-09-01,57319.934
1,QLD TOTAL,QLD,0,2022-10-01,61230.152
1,QLD TOTAL,QLD,0,2022-11-01,58130.814
1,QLD TOTAL,QLD,0,2022-12-01,58250.893
1,QLD TOTAL,QLD,0,2023-01-01,59493.37
1,QLD TOTAL,QLD,0,2023-02-01,60519.193
1,QLD TOTAL,QLD,0,2023-03-01,60444.115
1,QLD TOTAL,QLD,0,2023-04-01,62042.444
1,QLD TOTAL,QLD,0,2023-05-01,60939.02
1,QLD TOTAL,QLD,0,2023-06-01,59325.204
1,QLD TOTAL,QLD,0,2023-07-01,60735.108
1,QLD TOTAL,QLD,0,2023-08-01,59821.957
1,QLD TOTAL,QLD,0,2023-09-01,57811.563
1,QLD TOTAL,QLD,0,2023-10-01,57030.444
1,QLD TOTAL,QLD,0,2023-11-01,57451.017
1,QLD TOTAL,QLD,0,2023-12-01,57598.417
1,QLD TOTAL,QLD,0,2024-01-01,56101.034
1,QLD TOTAL,QLD,0,2024-02-01,56547.353
1,QLD TOTAL,QLD,0,2024-03-01,56143.249
1,QLD TOTAL,QLD,0,2024-04-01,54635.008
1,QLD TOTAL,QLD,0,2024-05-01,55165.131
1,QLD TOTAL,QLD,0,2024-06-01,54173.952
1,QLD TOTAL,QLD,0,2024-07-01,52202.485
1,QLD TOTAL,QLD,0,2024-08-01,55022.686
1,QLD TOTAL,QLD,0,2024-09-01,55567.835
1,QLD TOTAL,QLD,0,2024-10-01,54660.487
1,QLD TOTAL,QLD,0,2024-11-01,53696.809
1,QLD TOTAL,QLD,0,2024-12-01,51498.764
1,QLD TOTAL,QLD,0,2025-01-01,53274.096
1,QLD TOTAL,QLD,0,2025-02-01,51610.421
1,QLD TOTAL,QLD,0,2025-03-01,48333.062
1,QLD TOTAL,QLD,0,2025-04-01,52270.616
1,QLD TOTAL,QLD,0,2025-05-01,50942.058
1,QLD TOTAL,QLD,0,2025-06-01,52190.246
1,QLD TOTAL,QLD,0,2025-07-01,50831.388
1,QLD TOTAL,QLD,0,2025-08-01,49018.289
1,QLD TOTAL,QLD,0,2025-09-01,49799.619
1,QLD TOTAL,QLD,0,2025-10-01,50033.79
1,QLD TOTAL,QLD,0,2025-11-01,50306.462
1,QLD TOTAL,QLD,0,2025-12-01,52586.305
1,QLD TOTAL,QLD,0,2026-01-01,52734.714
1,QLD TOTAL,QLD,0,2026-02-01,51158.959
1,QLD TOTAL,QLD,0,2026-03-01,51475.128
1,QLD TOTAL,QLD,0,2026-04-01,51355.301
1,QLD TOTAL,QLD,0,2026-05-01,48329.137
1,QLD TOTAL,QLD,0,2026-06-01,49053.82
1,QLD TOTAL,QLD,0,2026-07-01,50692.933
2,QLD skill level 1,QLD,1,2006-01-01,12483.164
2,QLD skill level 1,QLD,1,2006-02-01,12311.436
2,QLD skill level 1,QLD,1,2006-03-01,13066.514
2,QLD skill level 1,QLD,1,2006-04-01,13534.416
2,QLD skill level 1,QLD,1,2006-05-01,13458.438
2,QLD skill level 1,QLD,1,2006-06-01,15735.233
2,QLD skill level 1,QLD,1,2006-07-01,11953.846
2,QLD skill level 1,QLD,1,2006-08-01,13491.441
2,QLD skill level 1,QLD,1,2006-09-01,12970.603
2,QLD skill level 1,QLD,1,2006-10-01,14781.451
2,QLD skill level 1,QLD,1,2006-11-01,14720.259
2,QLD skill level 1,QLD,1,2006-12-01,14707.224
2,QLD skill level 1,QLD,1,2007-01-01,15851.975
2,QLD skill level 1,QLD,1,2007-02-01,16341.821
2,QLD skill level 1,QLD,1,2007-03-01,17760.577
2,QLD skill level 1,QLD,1,2007-04-01,17453.738
2,QLD skill level 1,QLD,1,2007-05-01,17792.279
2,QLD skill level 1,QLD,1,2007-06-01,17494.986
2,QLD skill level 1,QLD,1,2007-07-01,18260.812
2,QLD skill level 1,QLD,1,2007-08-01,18118.276
2,QLD skill level 1,QLD,1,2007-09-01,18831.927
2,QLD skill level 1,QLD,1,2007-10-01,18809.832
2,QLD skill level 1,QLD,1,2007-11-01,19780.228
2,QLD skill level 1,QLD,1,2007-12-01,21390.776
2,QLD skill level 1,QLD,1,2008-01-01,21071.776
2,QLD skill level 1,QLD,1,2008-02-01,22466.588
2,QLD skill level 1,QLD,1,2008-03-01,21347.034
2,QLD skill level 1,QLD,1,2008-04-01,22417.804
2,QLD skill level 1,QLD,1,2008-05-01,22346.598
2,QLD skill level 1,QLD,1,2008-06-01,23323.006
2,QLD skill level 1,QLD,1,2008-07-01,22257.171
2,QLD skill level 1,QLD,1,2008-08-01,22644.693
2,QLD skill level 1,QLD,1,2008-09-01,20852.514
2,QLD skill level 1,QLD,1,2008-10-01,20596.237
2,QLD skill level 1,QLD,1,2008-11-01,20339.23
2,QLD skill level 1,QLD,1,2008-12-01,17812.41
2,QLD skill level 1,QLD,1,2009-01-01,15482.021
2,QLD skill level 1,QLD,1,2009-02-01,13969.035
2,QLD skill level 1,QLD,1,2009-03-01,11861.369
2,QLD skill level 1,QLD,1,2009-04-01,12217.432
2,QLD skill level 1,QLD,1,2009-05-01,11501.876
2,QLD skill level 1,QLD,1,2009-06-01,11504.301
2,QLD skill level 1,QLD,1,2009-07-01,11690.97
2,QLD skill level 1,QLD,1,2009-08-01,12460.998
2,QLD skill level 1,QLD,1,2009-09-01,11902.242
2,QLD skill level 1,QLD,1,2009-10-01,10772.541
2,QLD skill level 1,QLD,1,2009-11-01,11092.536
2,QLD skill level 1,QLD,1,2009-12-01,10614.823
2,QLD skill level 1,QLD,1,2010-01-01,11803.519
2,QLD skill level 1,QLD,1,2010-02-01,11801.643
2,QLD skill level 1,QLD,1,2010-03-01,11330.061
2,QLD skill level 1,QLD,1,2010-04-01,11616.087
2,QLD skill level 1,QLD,1,2010-05-01,12957.056
2,QLD skill level 1,QLD,1,2010-06-01,12110.544
2,QLD skill level 1,QLD,1,2010-07-01,12124.933
2,QLD skill level 1,QLD,1,2010-08-01,12199.108
2,QLD skill level 1,QLD,1,2010-09-01,13068.405
2,QLD skill level 1,QLD,1,2010-10-01,13792.313
2,QLD skill level 1,QLD,1,2010-11-01,13826.275
2,QLD skill level 1,QLD,1,2010-12-01,14232.906
2,QLD skill level 1,QLD,1,2011-01-01,12879.011
2,QLD skill level 1,QLD,1,2011-02-01,14478.335
2,QLD skill level 1,QLD,1,2011-03-01,15182.512
2,QLD skill level 1,QLD,1,2011-04-01,16155.172
2,QLD skill level 1,QLD,1,2011-05-01,15089.315
2,QLD skill level 1,QLD,1,2011-06-01,14155.37
2,QLD skill level 1,QLD,1,2011-07-01,14690.49
2,QLD skill level 1,QLD,1,2011-08-01,14557.039
2,QLD skill level 1,QLD,1,2011-09-01,14113.287
2,QLD skill level 1,QLD,1,2011-10-01,15210.349
2,QLD skill level 1,QLD,1,2011-11-01,14811.468
2,QLD skill level 1,QLD,1,2011-12-01,15775.146
2,QLD skill level 1,QLD,1,2012-01-01,14958.379
2,QLD skill level 1,QLD,1,2012-02-01,14933.374
2,QLD skill level 1,QLD,1,2012-03-01,15068.034
2,QLD skill level 1,QLD,1,2012-04-01,14467.419
2,QLD skill level 1,QLD,1,2012-05-01,13987.216
2,QLD skill level 1,QLD,1,2012-06-01,13949.406
2,QLD skill level 1,QLD,1,2012-07-01,12718.376
2,QLD skill level 1,QLD,1,2012-08-01,12304.869
2,QLD skill level 1,QLD,1,2012-09-01,11962.856
2,QLD skill level 1,QLD,1,2012-10-01,11163
2,QLD skill level 1,QLD,1,2012-11-01,10459.521
2,QLD skill level 1,QLD,1,2012-12-01,9795.134
2,QLD skill level 1,QLD,1,2013-01-01,9311.547
2,QLD skill level 1,QLD,1,2013-02-01,9372.965
2,QLD skill level 1,QLD,1,2013-03-01,9725.21
2,QLD skill level 1,QLD,1,2013-04-01,9066.147
2,QLD skill level 1,QLD,1,2013-05-01,8958.379
2,QLD skill level 1,QLD,1,2013-06-01,8645.186
2,QLD skill level 1,QLD,1,2013-07-01,8770.287
2,QLD skill level 1,QLD,1,2013-08-01,8747.17
2,QLD skill level 1,QLD,1,2013-09-01,8541.14
2,QLD skill level 1,QLD,1,2013-10-01,8290.841
2,QLD skill level 1,QLD,1,2013-11-01,8498.03
2,QLD skill level 1,QLD,1,2013-12-01,8497.298
2,QLD skill level 1,QLD,1,2014-01-01,8764.854
2,QLD skill level 1,QLD,1,2014-02-01,8816.009
2,QLD skill level 1,QLD,1,2014-03-01,8751.959
2,QLD skill level 1,QLD,1,2014-04-01,8653.286
2,QLD skill level 1,QLD,1,2014-05-01,8974.649
2,QLD skill level 1,QLD,1,2014-06-01,9049.508
2,QLD skill level 1,QLD,1,2014-07-01,8788.042
2,QLD skill level 1,QLD,1,2014-08-01,9108.64
2,QLD skill level 1,QLD,1,2014-09-01,8815.088
2,QLD skill level 1,QLD,1,2014-10-01,8836.08
2,QLD skill level 1,QLD,1,2014-11-01,9003.193
2,QLD skill level 1,QLD,1,2014-12-01,8720.111
2,QLD skill level 1,QLD,1,2015-01-01,9312.399
2,QLD skill level 1,QLD,1,2015-02-01,9170.747
2,QLD skill level 1,QLD,1,2015-03-01,9231.941
2,QLD skill level 1,QLD,1,2015-04-01,9406.921
2,QLD skill level 1,QLD,1,2015-05-01,9097.661
2,QLD skill level 1,QLD,1,2015-06-01,9177.643
2,QLD skill level 1,QLD,1,2015-07-01,9589.849
2,QLD skill level 1,QLD,1,2015-08-01,9678.678
2,QLD skill level 1,QLD,1,2015-09-01,10038.113
2,QLD skill level 1,QLD,1,2015-10-01,9404.36
2,QLD skill level 1,QLD,1,2015-11-01,10042.81
2,QLD skill level 1,QLD,1,2015-12-01,10158.422
2,QLD skill level 1,QLD,1,2016-01-01,10048.184
2,QLD skill level 1,QLD,1,2016-02-01,9698.744
2,QLD skill level 1,QLD,1,2016-03-01,9798.19
2,QLD skill level 1,QLD,1,2016-04-01,9923.399
2,QLD skill level 1,QLD,1,2016-05-01,9924.028
2,QLD skill level 1,QLD,1,2016-06-01,9991.06
2,QLD skill level 1,QLD,1,2016-07-01,9208.299
2,QLD skill level 1,QLD,1,2016-08-01,9589.358
2,QLD skill level 1,QLD,1,2016-09-01,9493.758
2,QLD skill level 1,QLD,1,2016-10-01,9471.84
2,QLD skill level 1,QLD,1,2016-11-01,9387.33
2,QLD skill level 1,QLD,1,2016-12-01,9592.911
2,QLD skill level 1,QLD,1,2017-01-01,9555.615
2,QLD skill level 1,QLD,1,2017-02-01,9691.449
2,QLD skill level 1,QLD,1,2017-03-01,9759.746
2,QLD skill level 1,QLD,1,2017-04-01,10021.952
2,QLD skill level 1,QLD,1,2017-05-01,10099.16
2,QLD skill level 1,QLD,1,2017-06-01,10456.793
2,QLD skill level 1,QLD,1,2017-07-01,10743.985
2,QLD skill level 1,QLD,1,2017-08-01,10471.662
2,QLD skill level 1,QLD,1,2017-09-01,10842.07
2,QLD skill level 1,QLD,1,2017-10-01,11024.277
2,QLD skill level 1,QLD,1,2017-11-01,11177.429
2,QLD skill level 1,QLD,1,2017-12-01,10150.214
2,QLD skill level 1,QLD,1,2018-01-01,10733.292
2,QLD skill level 1,QLD,1,2018-02-01,10909.743
2,QLD skill level 1,QLD,1,2018-03-01,11250.207
2,QLD skill level 1,QLD,1,2018-04-01,11075.712
2,QLD skill level 1,QLD,1,2018-05-01,11298.81
2,QLD skill level 1,QLD,1,2018-06-01,11079.847
2,QLD skill level 1,QLD,1,2018-07-01,11113.338
2,QLD skill level 1,QLD,1,2018-08-01,11218.231
2,QLD skill level 1,QLD,1,2018-09-01,11123.094
2,QLD skill level 1,QLD,1,2018-10-01,11082.479
2,QLD skill level 1,QLD,1,2018-11-01,11296.659
2,QLD skill level 1,QLD,1,2018-12-01,11084.579
2,QLD skill level 1,QLD,1,2019-01-01,11508.343
2,QLD skill level 1,QLD,1,2019-02-01,11620.597
2,QLD skill level 1,QLD,1,2019-03-01,11288.211
2,QLD skill level 1,QLD,1,2019-04-01,11684.321
2,QLD skill level 1,QLD,1,2019-05-01,11604.405
2,QLD skill level 1,QLD,1,2019-06-01,11377.191
2,QLD skill level 1,QLD,1,2019-07-01,11557.324
2,QLD skill level 1,QLD,1,2019-08-01,11545.254
2,QLD skill level 1,QLD,1,2019-09-01,11326.727
2,QLD skill level 1,QLD,1,2019-10-01,11190.586
2,QLD skill level 1,QLD,1,2019-11-01,10820.275
2,QLD skill level 1,QLD,1,2019-12-01,11160.431
2,QLD skill level 1,QLD,1,2020-01-01,11634.698
2,QLD skill level 1,QLD,1,2020-02-01,11087.549
2,QLD skill level 1,QLD,1,2020-03-01,8886.837
2,QLD skill level 1,QLD,1,2020-04-01,5607.134
2,QLD skill level 1,QLD,1,2020-05-01,6743.302
2,QLD skill level 1,QLD,1,2020-06-01,8192.171
2,QLD skill level 1,QLD,1,2020-07-01,9010.654
2,QLD skill level 1,QLD,1,2020-08-01,9131.64
2,QLD skill level 1,QLD,1,2020-09-01,9670.511
2,QLD skill level 1,QLD,1,2020-10-01,10126.395
2,QLD skill level 1,QLD,1,2020-11-01,10810.845
2,QLD skill level 1,QLD,1,2020-12-01,11616.991
2,QLD skill level 1,QLD,1,2021-01-01,11620.062
2,QLD skill level 1,QLD,1,2021-02-01,12601.318
2,QLD skill level 1,QLD,1,2021-03-01,14050.326
2,QLD skill level 1,QLD,1,2021-04-01,13581.379
2,QLD skill level 1,QLD,1,2021-05-01,13895.995
2,QLD skill level 1,QLD,1,2021-06-01,14489.039
2,QLD skill level 1,QLD,1,2021-07-01,14693.586
2,QLD skill level 1,QLD,1,2021-08-01,14216.71
2,QLD skill level 1,QLD,1,2021-09-01,15228.237
2,QLD skill level 1,QLD,1,2021-10-01,15103.455
2,QLD skill level 1,QLD,1,2021-11-01,16025.394
2,QLD skill level 1,QLD,1,2021-12-01,16065.07
2,QLD skill level 1,QLD,1,2022-01-01,16877.564
2,QLD skill level 1,QLD,1,2022-02-01,16997.413
2,QLD skill level 1,QLD,1,2022-03-01,17230.156
2,QLD skill level 1,QLD,1,2022-04-01,17308.453
2,QLD skill level 1,QLD,1,2022-05-01,18575.317
2,QLD skill level 1,QLD,1,2022-06-01,18921.473
2,QLD skill level 1,QLD,1,2022-07-01,18202.146
2,QLD skill level 1,QLD,1,2022-08-01,18790.488
2,QLD skill level 1,QLD,1,2022-09-01,17913.776
2,QLD skill level 1,QLD,1,2022-10-01,19969.819
2,QLD skill level 1,QLD,1,2022-11-01,18647.231
2,QLD skill level 1,QLD,1,2022-12-01,18919.082
2,QLD skill level 1,QLD,1,2023-01-01,19587.854
2,QLD skill level 1,QLD,1,2023-02-01,20015.707
2,QLD skill level 1,QLD,1,2023-03-01,20463.533
2,QLD skill level 1,QLD,1,2023-04-01,21011.343
2,QLD skill level 1,QLD,1,2023-05-01,21092.816
2,QLD skill level 1,QLD,1,2023-06-01,20435.426
2,QLD skill level 1,QLD,1,2023-07-01,21214.109
2,QLD skill level 1,QLD,1,2023-08-01,20932.156
2,QLD skill level 1,QLD,1,2023-09-01,20457.63
2,QLD skill level 1,QLD,1,2023-10-01,20278.614
2,QLD skill level 1,QLD,1,2023-11-01,19713.944
2,QLD skill level 1,QLD,1,2023-12-01,19395.296
2,QLD skill level 1,QLD,1,2024-01-01,18718.828
2,QLD skill level 1,QLD,1,2024-02-01,18604.413
2,QLD skill level 1,QLD,1,2024-03-01,18389.827
2,QLD skill level 1,QLD,1,2024-04-01,18307.573
2,QLD skill level 1,QLD,1,2024-05-01,18336.542
2,QLD skill level 1,QLD,1,2024-06-01,18110.017
2,QLD skill level 1,QLD,1,2024-07-01,17525.702
2,QLD skill level 1,QLD,1,2024-08-01,18073.604
2,QLD skill level 1,QLD,1,2024-09-01,17901.839
2,QLD skill level 1,QLD,1,2024-10-01,17908.003
2,QLD skill level 1,QLD,1,2024-11-01,18285.118
2,QLD skill level 1,QLD,1,2024-12-01,16827.742
2,QLD skill level 1,QLD,1,2025-01-01,17050.839
2,QLD skill level 1,QLD,1,2025-02-01,16726.19
2,QLD skill level 1,QLD,1,2025-03-01,15697.294
2,QLD skill level 1,QLD,1,2025-04-01,16894.39
2,QLD skill level 1,QLD,1,2025-05-01,16248.968
2,QLD skill level 1,QLD,1,2025-06-01,16494.427
2,QLD skill level 1,QLD,1,2025-07-01,16424.205
2,QLD skill level 1,QLD,1,2025-08-01,15319.578
2,QLD skill level 1,QLD,1,2025-09-01,15870.347
2,QLD skill level 1,QLD,1,2025-10-01,15831.56
2,QLD skill level 1,QLD,1,2025-11-01,15882.366
2,QLD skill level 1,QLD,1,2025-12-01,16920.208
2,QLD skill level 1,QLD,1,2026-01-01,16785.58
2,QLD skill level 1,QLD,1,2026-02-01,16497.153
2,QLD skill level 1,QLD,1,2026-03-01,17470.214
2,QLD skill level 1,QLD,1,2026-04-01,16591.854
2,QLD skill level 1,QLD,1,2026-05-01,16098.478
2,QLD skill level 1,QLD,1,2026-06-01,16172.925
2,QLD skill level 1,QLD,1,2026-07-01,16405.398
2,QLD skill level 2,QLD,2,2006-01-01,4816.577
2,QLD skill level 2,QLD,2,2006-02-01,4731.22
2,QLD skill level 2,QLD,2,2006-03-01,4850.058
2,QLD skill level 2,QLD,2,2006-04-01,4980.274
2,QLD skill level 2,QLD,2,2006-05-01,4941.513
2,QLD skill level 2,QLD,2,2006-06-01,6025.932
2,QLD skill level 2,QLD,2,2006-07-01,4519.856
2,QLD skill level 2,QLD,2,2006-08-01,5077.125
2,QLD skill level 2,QLD,2,2006-09-01,5145.251
2,QLD skill level 2,QLD,2,2006-10-01,5498.939
2,QLD skill level 2,QLD,2,2006-11-01,5703.621
2,QLD skill level 2,QLD,2,2006-12-01,5754.116
2,QLD skill level 2,QLD,2,2007-01-01,6166.198
2,QLD skill level 2,QLD,2,2007-02-01,6459.651
2,QLD skill level 2,QLD,2,2007-03-01,6990.114
2,QLD skill level 2,QLD,2,2007-04-01,7006.021
2,QLD skill level 2,QLD,2,2007-05-01,7278.813
2,QLD skill level 2,QLD,2,2007-06-01,7137.754
2,QLD skill level 2,QLD,2,2007-07-01,7456.251
2,QLD skill level 2,QLD,2,2007-08-01,7520.92
2,QLD skill level 2,QLD,2,2007-09-01,7802.334
2,QLD skill level 2,QLD,2,2007-10-01,7404.97
2,QLD skill level 2,QLD,2,2007-11-01,8055.577
2,QLD skill level 2,QLD,2,2007-12-01,9045.829
2,QLD skill level 2,QLD,2,2008-01-01,8757.932
2,QLD skill level 2,QLD,2,2008-02-01,9322.792
2,QLD skill level 2,QLD,2,2008-03-01,8959.339
2,QLD skill level 2,QLD,2,2008-04-01,9246.034
2,QLD skill level 2,QLD,2,2008-05-01,9090.022
2,QLD skill level 2,QLD,2,2008-06-01,9327.152
2,QLD skill level 2,QLD,2,2008-07-01,9097.664
2,QLD skill level 2,QLD,2,2008-08-01,8570.588
2,QLD skill level 2,QLD,2,2008-09-01,8067.492
2,QLD skill level 2,QLD,2,2008-10-01,7355.431
2,QLD skill level 2,QLD,2,2008-11-01,7007.07
2,QLD skill level 2,QLD,2,2008-12-01,6194.447
2,QLD skill level 2,QLD,2,2009-01-01,5231.904
2,QLD skill level 2,QLD,2,2009-02-01,4537.849
2,QLD skill level 2,QLD,2,2009-03-01,3722.896
2,QLD skill level 2,QLD,2,2009-04-01,3830.356
2,QLD skill level 2,QLD,2,2009-05-01,3625.084
2,QLD skill level 2,QLD,2,2009-06-01,3792.297
2,QLD skill level 2,QLD,2,2009-07-01,3598.25
2,QLD skill level 2,QLD,2,2009-08-01,3788.51
2,QLD skill level 2,QLD,2,2009-09-01,3787.901
2,QLD skill level 2,QLD,2,2009-10-01,4024.984
2,QLD skill level 2,QLD,2,2009-11-01,4054.884
2,QLD skill level 2,QLD,2,2009-12-01,4021.769
2,QLD skill level 2,QLD,2,2010-01-01,4429.005
2,QLD skill level 2,QLD,2,2010-02-01,4539.405
2,QLD skill level 2,QLD,2,2010-03-01,4325.013
2,QLD skill level 2,QLD,2,2010-04-01,3994.622
2,QLD skill level 2,QLD,2,2010-05-01,4549.691
2,QLD skill level 2,QLD,2,2010-06-01,4267.602
2,QLD skill level 2,QLD,2,2010-07-01,4307.003
2,QLD skill level 2,QLD,2,2010-08-01,4482.689
2,QLD skill level 2,QLD,2,2010-09-01,4708.847
2,QLD skill level 2,QLD,2,2010-10-01,4757.113
2,QLD skill level 2,QLD,2,2010-11-01,4614.121
2,QLD skill level 2,QLD,2,2010-12-01,4755.976
2,QLD skill level 2,QLD,2,2011-01-01,4108.455
2,QLD skill level 2,QLD,2,2011-02-01,4637.15
2,QLD skill level 2,QLD,2,2011-03-01,4882.542
2,QLD skill level 2,QLD,2,2011-04-01,5115.365
2,QLD skill level 2,QLD,2,2011-05-01,4911.219
2,QLD skill level 2,QLD,2,2011-06-01,4774.947
2,QLD skill level 2,QLD,2,2011-07-01,5167.75
2,QLD skill level 2,QLD,2,2011-08-01,5049.875
2,QLD skill level 2,QLD,2,2011-09-01,4822.793
2,QLD skill level 2,QLD,2,2011-10-01,4895.356
2,QLD skill level 2,QLD,2,2011-11-01,4992.655
2,QLD skill level 2,QLD,2,2011-12-01,5018.367
2,QLD skill level 2,QLD,2,2012-01-01,4776.127
2,QLD skill level 2,QLD,2,2012-02-01,4919.757
2,QLD skill level 2,QLD,2,2012-03-01,4934.563
2,QLD skill level 2,QLD,2,2012-04-01,4795.177
2,QLD skill level 2,QLD,2,2012-05-01,4595.735
2,QLD skill level 2,QLD,2,2012-06-01,4475.453
2,QLD skill level 2,QLD,2,2012-07-01,4064.62
2,QLD skill level 2,QLD,2,2012-08-01,3762.625
2,QLD skill level 2,QLD,2,2012-09-01,3966.914
2,QLD skill level 2,QLD,2,2012-10-01,3480.514
2,QLD skill level 2,QLD,2,2012-11-01,3507.067
2,QLD skill level 2,QLD,2,2012-12-01,3304.779
2,QLD skill level 2,QLD,2,2013-01-01,3266.212
2,QLD skill level 2,QLD,2,2013-02-01,3112.36
2,QLD skill level 2,QLD,2,2013-03-01,3311.673
2,QLD skill level 2,QLD,2,2013-04-01,2993.079
2,QLD skill level 2,QLD,2,2013-05-01,3049.041
2,QLD skill level 2,QLD,2,2013-06-01,3013.432
2,QLD skill level 2,QLD,2,2013-07-01,3198.431
2,QLD skill level 2,QLD,2,2013-08-01,3095.91
2,QLD skill level 2,QLD,2,2013-09-01,3209.694
2,QLD skill level 2,QLD,2,2013-10-01,3203.482
2,QLD skill level 2,QLD,2,2013-11-01,3168.847
2,QLD skill level 2,QLD,2,2013-12-01,3247.095
2,QLD skill level 2,QLD,2,2014-01-01,3383.477
2,QLD skill level 2,QLD,2,2014-02-01,3502.166
2,QLD skill level 2,QLD,2,2014-03-01,3284.294
2,QLD skill level 2,QLD,2,2014-04-01,3235.38
2,QLD skill level 2,QLD,2,2014-05-01,3346.298
2,QLD skill level 2,QLD,2,2014-06-01,3349.353
2,QLD skill level 2,QLD,2,2014-07-01,3269.922
2,QLD skill level 2,QLD,2,2014-08-01,3422.678
2,QLD skill level 2,QLD,2,2014-09-01,3334.589
2,QLD skill level 2,QLD,2,2014-10-01,3470.043
2,QLD skill level 2,QLD,2,2014-11-01,3327.441
2,QLD skill level 2,QLD,2,2014-12-01,3375.305
2,QLD skill level 2,QLD,2,2015-01-01,3463.678
2,QLD skill level 2,QLD,2,2015-02-01,3420.594
2,QLD skill level 2,QLD,2,2015-03-01,3461.399
2,QLD skill level 2,QLD,2,2015-04-01,3626.858
2,QLD skill level 2,QLD,2,2015-05-01,3277.897
2,QLD skill level 2,QLD,2,2015-06-01,3426.535
2,QLD skill level 2,QLD,2,2015-07-01,3393.163
2,QLD skill level 2,QLD,2,2015-08-01,3606.312
2,QLD skill level 2,QLD,2,2015-09-01,3772.033
2,QLD skill level 2,QLD,2,2015-10-01,3429.201
2,QLD skill level 2,QLD,2,2015-11-01,3499.612
2,QLD skill level 2,QLD,2,2015-12-01,3535.935
2,QLD skill level 2,QLD,2,2016-01-01,3457.732
2,QLD skill level 2,QLD,2,2016-02-01,3547.192
2,QLD skill level 2,QLD,2,2016-03-01,3505.206
2,QLD skill level 2,QLD,2,2016-04-01,3618.316
2,QLD skill level 2,QLD,2,2016-05-01,3578.708
2,QLD skill level 2,QLD,2,2016-06-01,3527.136
2,QLD skill level 2,QLD,2,2016-07-01,3399.984
2,QLD skill level 2,QLD,2,2016-08-01,3356.193
2,QLD skill level 2,QLD,2,2016-09-01,3294.774
2,QLD skill level 2,QLD,2,2016-10-01,3340.552
2,QLD skill level 2,QLD,2,2016-11-01,3310.067
2,QLD skill level 2,QLD,2,2016-12-01,3359.752
2,QLD skill level 2,QLD,2,2017-01-01,3317.757
2,QLD skill level 2,QLD,2,2017-02-01,3383.34
2,QLD skill level 2,QLD,2,2017-03-01,3508.437
2,QLD skill level 2,QLD,2,2017-04-01,3624.657
2,QLD skill level 2,QLD,2,2017-05-01,3656.124
2,QLD skill level 2,QLD,2,2017-06-01,3672.131
2,QLD skill level 2,QLD,2,2017-07-01,3803.446
2,QLD skill level 2,QLD,2,2017-08-01,3624.965
2,QLD skill level 2,QLD,2,2017-09-01,3703.915
2,QLD skill level 2,QLD,2,2017-10-01,3697.897
2,QLD skill level 2,QLD,2,2017-11-01,3838.733
2,QLD skill level 2,QLD,2,2017-12-01,3663.293
2,QLD skill level 2,QLD,2,2018-01-01,3765.473
2,QLD skill level 2,QLD,2,2018-02-01,3837.13
2,QLD skill level 2,QLD,2,2018-03-01,3882.618
2,QLD skill level 2,QLD,2,2018-04-01,3707.974
2,QLD skill level 2,QLD,2,2018-05-01,3687.527
2,QLD skill level 2,QLD,2,2018-06-01,3642.578
2,QLD skill level 2,QLD,2,2018-07-01,3691.401
2,QLD skill level 2,QLD,2,2018-08-01,3604.964
2,QLD skill level 2,QLD,2,2018-09-01,3552.67
2,QLD skill level 2,QLD,2,2018-10-01,3576.29
2,QLD skill level 2,QLD,2,2018-11-01,3400.542
2,QLD skill level 2,QLD,2,2018-12-01,3426.479
2,QLD skill level 2,QLD,2,2019-01-01,3649.188
2,QLD skill level 2,QLD,2,2019-02-01,3526.818
2,QLD skill level 2,QLD,2,2019-03-01,3378.44
2,QLD skill level 2,QLD,2,2019-04-01,3485.823
2,QLD skill level 2,QLD,2,2019-05-01,3423.544
2,QLD skill level 2,QLD,2,2019-06-01,3472.879
2,QLD skill level 2,QLD,2,2019-07-01,3466.001
2,QLD skill level 2,QLD,2,2019-08-01,3396.703
2,QLD skill level 2,QLD,2,2019-09-01,3453.079
2,QLD skill level 2,QLD,2,2019-10-01,3268.415
2,QLD skill level 2,QLD,2,2019-11-01,3162.3
2,QLD skill level 2,QLD,2,2019-12-01,3202.219
2,QLD skill level 2,QLD,2,2020-01-01,3447.126
2,QLD skill level 2,QLD,2,2020-02-01,3316.781
2,QLD skill level 2,QLD,2,2020-03-01,2286.897
2,QLD skill level 2,QLD,2,2020-04-01,1038.061
2,QLD skill level 2,QLD,2,2020-05-01,1611.774
2,QLD skill level 2,QLD,2,2020-06-01,2366.816
2,QLD skill level 2,QLD,2,2020-07-01,2889.982
2,QLD skill level 2,QLD,2,2020-08-01,2934.003
2,QLD skill level 2,QLD,2,2020-09-01,3045.104
2,QLD skill level 2,QLD,2,2020-10-01,3333.315
2,QLD skill level 2,QLD,2,2020-11-01,3699.264
2,QLD skill level 2,QLD,2,2020-12-01,3795.98
2,QLD skill level 2,QLD,2,2021-01-01,3959.126
2,QLD skill level 2,QLD,2,2021-02-01,4322.861
2,QLD skill level 2,QLD,2,2021-03-01,4765.465
2,QLD skill level 2,QLD,2,2021-04-01,4676.584
2,QLD skill level 2,QLD,2,2021-05-01,5027.096
2,QLD skill level 2,QLD,2,2021-06-01,4982.218
2,QLD skill level 2,QLD,2,2021-07-01,4906.075
2,QLD skill level 2,QLD,2,2021-08-01,4335.311
2,QLD skill level 2,QLD,2,2021-09-01,5228.011
2,QLD skill level 2,QLD,2,2021-10-01,4952.218
2,QLD skill level 2,QLD,2,2021-11-01,5292.267
2,QLD skill level 2,QLD,2,2021-12-01,5311.433
2,QLD skill level 2,QLD,2,2022-01-01,5342.772
2,QLD skill level 2,QLD,2,2022-02-01,5566.489
2,QLD skill level 2,QLD,2,2022-03-01,5951.016
2,QLD skill level 2,QLD,2,2022-04-01,6191.982
2,QLD skill level 2,QLD,2,2022-05-01,6287.761
2,QLD skill level 2,QLD,2,2022-06-01,6590.624
2,QLD skill level 2,QLD,2,2022-07-01,6229.51
2,QLD skill level 2,QLD,2,2022-08-01,6168.44
2,QLD skill level 2,QLD,2,2022-09-01,5985.311
2,QLD skill level 2,QLD,2,2022-10-01,6362.769
2,QLD skill level 2,QLD,2,2022-11-01,6242.409
2,QLD skill level 2,QLD,2,2022-12-01,6291.031
2,QLD skill level 2,QLD,2,2023-01-01,6464.03
2,QLD skill level 2,QLD,2,2023-02-01,6481.367
2,QLD skill level 2,QLD,2,2023-03-01,6457.118
2,QLD skill level 2,QLD,2,2023-04-01,7021.996
2,QLD skill level 2,QLD,2,2023-05-01,6538.07
2,QLD skill level 2,QLD,2,2023-06-01,6308.301
2,QLD skill level 2,QLD,2,2023-07-01,6623.695
2,QLD skill level 2,QLD,2,2023-08-01,6395.618
2,QLD skill level 2,QLD,2,2023-09-01,6133.863
2,QLD skill level 2,QLD,2,2023-10-01,6258.919
2,QLD skill level 2,QLD,2,2023-11-01,6253.463
2,QLD skill level 2,QLD,2,2023-12-01,6194.766
2,QLD skill level 2,QLD,2,2024-01-01,6182.157
2,QLD skill level 2,QLD,2,2024-02-01,6289.066
2,QLD skill level 2,QLD,2,2024-03-01,6198.995
2,QLD skill level 2,QLD,2,2024-04-01,6125.654
2,QLD skill level 2,QLD,2,2024-05-01,6211.651
2,QLD skill level 2,QLD,2,2024-06-01,6010.51
2,QLD skill level 2,QLD,2,2024-07-01,5878.083
2,QLD skill level 2,QLD,2,2024-08-01,6194.257
2,QLD skill level 2,QLD,2,2024-09-01,6273.809
2,QLD skill level 2,QLD,2,2024-10-01,6304.567
2,QLD skill level 2,QLD,2,2024-11-01,5934.58
2,QLD skill level 2,QLD,2,2024-12-01,5810.282
2,QLD skill level 2,QLD,2,2025-01-01,6269.444
2,QLD skill level 2,QLD,2,2025-02-01,5792.455
2,QLD skill level 2,QLD,2,2025-03-01,5508.597
2,QLD skill level 2,QLD,2,2025-04-01,6000.261
2,QLD skill level 2,QLD,2,2025-05-01,5859.783
2,QLD skill level 2,QLD,2,2025-06-01,6217.453
2,QLD skill level 2,QLD,2,2025-07-01,5874.497
2,QLD skill level 2,QLD,2,2025-08-01,5652.574
2,QLD skill level 2,QLD,2,2025-09-01,5778.503
2,QLD skill level 2,QLD,2,2025-10-01,5647.086
2,QLD skill level 2,QLD,2,2025-11-01,5750.367
2,QLD skill level 2,QLD,2,2025-12-01,6079.769
2,QLD skill level 2,QLD,2,2026-01-01,6041.114
2,QLD skill level 2,QLD,2,2026-02-01,5859.828
2,QLD skill level 2,QLD,2,2026-03-01,5778.452
2,QLD skill level 2,QLD,2,2026-04-01,5802.043
2,QLD skill level 2,QLD,2,2026-05-01,5560.386
2,QLD skill level 2,QLD,2,2026-06-01,5602.814
2,QLD skill level 2,QLD,2,2026-07-01,5819.121
2,QLD skill level 3,QLD,3,2006-01-01,7405.129
2,QLD skill level 3,QLD,3,2006-02-01,7577.578
2,QLD skill level 3,QLD,3,2006-03-01,7176.287
2,QLD skill level 3,QLD,3,2006-04-01,7255.172
2,QLD skill level 3,QLD,3,2006-05-01,7398.321
2,QLD skill level 3,QLD,3,2006-06-01,7472.272
2,QLD skill level 3,QLD,3,2006-07-01,5967.563
2,QLD skill level 3,QLD,3,2006-08-01,7397.15
2,QLD skill level 3,QLD,3,2006-09-01,7046.134
2,QLD skill level 3,QLD,3,2006-10-01,7445.213
2,QLD skill level 3,QLD,3,2006-11-01,7259.15
2,QLD skill level 3,QLD,3,2006-12-01,7336.629
2,QLD skill level 3,QLD,3,2007-01-01,7756.137
2,QLD skill level 3,QLD,3,2007-02-01,7525.048
2,QLD skill level 3,QLD,3,2007-03-01,8449.364
2,QLD skill level 3,QLD,3,2007-04-01,8387.638
2,QLD skill level 3,QLD,3,2007-05-01,8643.551
2,QLD skill level 3,QLD,3,2007-06-01,8284.46
2,QLD skill level 3,QLD,3,2007-07-01,9098.826
2,QLD skill level 3,QLD,3,2007-08-01,8783.979
2,QLD skill level 3,QLD,3,2007-09-01,9143.306
2,QLD skill level 3,QLD,3,2007-10-01,8866.988
2,QLD skill level 3,QLD,3,2007-11-01,9447.217
2,QLD skill level 3,QLD,3,2007-12-01,9482.044
2,QLD skill level 3,QLD,3,2008-01-01,9262.269
2,QLD skill level 3,QLD,3,2008-02-01,9695.46
2,QLD skill level 3,QLD,3,2008-03-01,9460.348
2,QLD skill level 3,QLD,3,2008-04-01,9708.293
2,QLD skill level 3,QLD,3,2008-05-01,9027.774
2,QLD skill level 3,QLD,3,2008-06-01,9272.321
2,QLD skill level 3,QLD,3,2008-07-01,8696.588
2,QLD skill level 3,QLD,3,2008-08-01,8436.687
2,QLD skill level 3,QLD,3,2008-09-01,8123.269
2,QLD skill level 3,QLD,3,2008-10-01,7497.512
2,QLD skill level 3,QLD,3,2008-11-01,7407.983
2,QLD skill level 3,QLD,3,2008-12-01,6777.302
2,QLD skill level 3,QLD,3,2009-01-01,6213.428
2,QLD skill level 3,QLD,3,2009-02-01,5430.496
2,QLD skill level 3,QLD,3,2009-03-01,4818.091
2,QLD skill level 3,QLD,3,2009-04-01,4953.396
2,QLD skill level 3,QLD,3,2009-05-01,4797.366
2,QLD skill level 3,QLD,3,2009-06-01,5719.522
2,QLD skill level 3,QLD,3,2009-07-01,4792.785
2,QLD skill level 3,QLD,3,2009-08-01,4900.851
2,QLD skill level 3,QLD,3,2009-09-01,4836.969
2,QLD skill level 3,QLD,3,2009-10-01,5257.799
2,QLD skill level 3,QLD,3,2009-11-01,5132.754
2,QLD skill level 3,QLD,3,2009-12-01,5395.381
2,QLD skill level 3,QLD,3,2010-01-01,5588.835
2,QLD skill level 3,QLD,3,2010-02-01,5650.063
2,QLD skill level 3,QLD,3,2010-03-01,4786.884
2,QLD skill level 3,QLD,3,2010-04-01,4966.532
2,QLD skill level 3,QLD,3,2010-05-01,5695.28
2,QLD skill level 3,QLD,3,2010-06-01,5464.007
2,QLD skill level 3,QLD,3,2010-07-01,5547.21
2,QLD skill level 3,QLD,3,2010-08-01,5701.455
2,QLD skill level 3,QLD,3,2010-09-01,6068.2
2,QLD skill level 3,QLD,3,2010-10-01,6067.272
2,QLD skill level 3,QLD,3,2010-11-01,5777.49
2,QLD skill level 3,QLD,3,2010-12-01,5904.739
2,QLD skill level 3,QLD,3,2011-01-01,5828.835
2,QLD skill level 3,QLD,3,2011-02-01,6292.617
2,QLD skill level 3,QLD,3,2011-03-01,6518.707
2,QLD skill level 3,QLD,3,2011-04-01,6495.018
2,QLD skill level 3,QLD,3,2011-05-01,6633.076
2,QLD skill level 3,QLD,3,2011-06-01,6504.39
2,QLD skill level 3,QLD,3,2011-07-01,6927.853
2,QLD skill level 3,QLD,3,2011-08-01,6638.827
2,QLD skill level 3,QLD,3,2011-09-01,6430.178
2,QLD skill level 3,QLD,3,2011-10-01,6675.995
2,QLD skill level 3,QLD,3,2011-11-01,6777.032
2,QLD skill level 3,QLD,3,2011-12-01,6445.624
2,QLD skill level 3,QLD,3,2012-01-01,6094.913
2,QLD skill level 3,QLD,3,2012-02-01,6488.127
2,QLD skill level 3,QLD,3,2012-03-01,6359.808
2,QLD skill level 3,QLD,3,2012-04-01,6366.381
2,QLD skill level 3,QLD,3,2012-05-01,6074.246
2,QLD skill level 3,QLD,3,2012-06-01,5849.267
2,QLD skill level 3,QLD,3,2012-07-01,5695.338
2,QLD skill level 3,QLD,3,2012-08-01,5570.073
2,QLD skill level 3,QLD,3,2012-09-01,5570.653
2,QLD skill level 3,QLD,3,2012-10-01,4965.896
2,QLD skill level 3,QLD,3,2012-11-01,4800.331
2,QLD skill level 3,QLD,3,2012-12-01,4770.856
2,QLD skill level 3,QLD,3,2013-01-01,4647.603
2,QLD skill level 3,QLD,3,2013-02-01,4544.146
2,QLD skill level 3,QLD,3,2013-03-01,4819.949
2,QLD skill level 3,QLD,3,2013-04-01,4380.59
2,QLD skill level 3,QLD,3,2013-05-01,4345.735
2,QLD skill level 3,QLD,3,2013-06-01,4357.615
2,QLD skill level 3,QLD,3,2013-07-01,4276.236
2,QLD skill level 3,QLD,3,2013-08-01,4175.757
2,QLD skill level 3,QLD,3,2013-09-01,4192.147
2,QLD skill level 3,QLD,3,2013-10-01,4224.134
2,QLD skill level 3,QLD,3,2013-11-01,4436.413
2,QLD skill level 3,QLD,3,2013-12-01,4462.074
2,QLD skill level 3,QLD,3,2014-01-01,4511.707
2,QLD skill level 3,QLD,3,2014-02-01,4592.897
2,QLD skill level 3,QLD,3,2014-03-01,4392.808
2,QLD skill level 3,QLD,3,2014-04-01,4482.909
2,QLD skill level 3,QLD,3,2014-05-01,4546.009
2,QLD skill level 3,QLD,3,2014-06-01,4519.152
2,QLD skill level 3,QLD,3,2014-07-01,4397.954
2,QLD skill level 3,QLD,3,2014-08-01,4639.839
2,QLD skill level 3,QLD,3,2014-09-01,4565.752
2,QLD skill level 3,QLD,3,2014-10-01,4471.487
2,QLD skill level 3,QLD,3,2014-11-01,4428.157
2,QLD skill level 3,QLD,3,2014-12-01,4614.524
2,QLD skill level 3,QLD,3,2015-01-01,4669.778
2,QLD skill level 3,QLD,3,2015-02-01,4491.942
2,QLD skill level 3,QLD,3,2015-03-01,4662.141
2,QLD skill level 3,QLD,3,2015-04-01,4549.476
2,QLD skill level 3,QLD,3,2015-05-01,4472.287
2,QLD skill level 3,QLD,3,2015-06-01,4011.156
2,QLD skill level 3,QLD,3,2015-07-01,4441.462
2,QLD skill level 3,QLD,3,2015-08-01,4536.925
2,QLD skill level 3,QLD,3,2015-09-01,4776.13
2,QLD skill level 3,QLD,3,2015-10-01,4661.335
2,QLD skill level 3,QLD,3,2015-11-01,4532.744
2,QLD skill level 3,QLD,3,2015-12-01,4400.213
2,QLD skill level 3,QLD,3,2016-01-01,4535.863
2,QLD skill level 3,QLD,3,2016-02-01,4444.858
2,QLD skill level 3,QLD,3,2016-03-01,4467.305
2,QLD skill level 3,QLD,3,2016-04-01,4447.806
2,QLD skill level 3,QLD,3,2016-05-01,4525.982
2,QLD skill level 3,QLD,3,2016-06-01,4743.713
2,QLD skill level 3,QLD,3,2016-07-01,4687.96
2,QLD skill level 3,QLD,3,2016-08-01,4540.915
2,QLD skill level 3,QLD,3,2016-09-01,4496.622
2,QLD skill level 3,QLD,3,2016-10-01,4593.015
2,QLD skill level 3,QLD,3,2016-11-01,4652.364
2,QLD skill level 3,QLD,3,2016-12-01,4761.661
2,QLD skill level 3,QLD,3,2017-01-01,4692.331
2,QLD skill level 3,QLD,3,2017-02-01,4988.514
2,QLD skill level 3,QLD,3,2017-03-01,4893.233
2,QLD skill level 3,QLD,3,2017-04-01,5179.025
2,QLD skill level 3,QLD,3,2017-05-01,5358.213
2,QLD skill level 3,QLD,3,2017-06-01,5423.973
2,QLD skill level 3,QLD,3,2017-07-01,5326.607
2,QLD skill level 3,QLD,3,2017-08-01,5395.99
2,QLD skill level 3,QLD,3,2017-09-01,5538.832
2,QLD skill level 3,QLD,3,2017-10-01,5494.374
2,QLD skill level 3,QLD,3,2017-11-01,5640.495
2,QLD skill level 3,QLD,3,2017-12-01,5415.755
2,QLD skill level 3,QLD,3,2018-01-01,5474.874
2,QLD skill level 3,QLD,3,2018-02-01,5455.329
2,QLD skill level 3,QLD,3,2018-03-01,5818.988
2,QLD skill level 3,QLD,3,2018-04-01,5671.911
2,QLD skill level 3,QLD,3,2018-05-01,5444.941
2,QLD skill level 3,QLD,3,2018-06-01,5257.134
2,QLD skill level 3,QLD,3,2018-07-01,5326.265
2,QLD skill level 3,QLD,3,2018-08-01,5388.458
2,QLD skill level 3,QLD,3,2018-09-01,5201.091
2,QLD skill level 3,QLD,3,2018-10-01,5143.137
2,QLD skill level 3,QLD,3,2018-11-01,4995.982
2,QLD skill level 3,QLD,3,2018-12-01,5085.114
2,QLD skill level 3,QLD,3,2019-01-01,5054.543
2,QLD skill level 3,QLD,3,2019-02-01,5020.673
2,QLD skill level 3,QLD,3,2019-03-01,4867.627
2,QLD skill level 3,QLD,3,2019-04-01,4968.679
2,QLD skill level 3,QLD,3,2019-05-01,4982.658
2,QLD skill level 3,QLD,3,2019-06-01,4752.154
2,QLD skill level 3,QLD,3,2019-07-01,4890.298
2,QLD skill level 3,QLD,3,2019-08-01,4678.215
2,QLD skill level 3,QLD,3,2019-09-01,4714.45
2,QLD skill level 3,QLD,3,2019-10-01,4463.168
2,QLD skill level 3,QLD,3,2019-11-01,4406.232
2,QLD skill level 3,QLD,3,2019-12-01,4712.951
2,QLD skill level 3,QLD,3,2020-01-01,4788.381
2,QLD skill level 3,QLD,3,2020-02-01,4591.766
2,QLD skill level 3,QLD,3,2020-03-01,3150.467
2,QLD skill level 3,QLD,3,2020-04-01,1821.244
2,QLD skill level 3,QLD,3,2020-05-01,2766.367
2,QLD skill level 3,QLD,3,2020-06-01,4039.197
2,QLD skill level 3,QLD,3,2020-07-01,4733.164
2,QLD skill level 3,QLD,3,2020-08-01,4898.839
2,QLD skill level 3,QLD,3,2020-09-01,5142.289
2,QLD skill level 3,QLD,3,2020-10-01,5626.273
2,QLD skill level 3,QLD,3,2020-11-01,6035.229
2,QLD skill level 3,QLD,3,2020-12-01,6031.322
2,QLD skill level 3,QLD,3,2021-01-01,6488.203
2,QLD skill level 3,QLD,3,2021-02-01,6968.34
2,QLD skill level 3,QLD,3,2021-03-01,7248.976
2,QLD skill level 3,QLD,3,2021-04-01,7159.671
2,QLD skill level 3,QLD,3,2021-05-01,7395.784
2,QLD skill level 3,QLD,3,2021-06-01,7340.261
2,QLD skill level 3,QLD,3,2021-07-01,7437.061
2,QLD skill level 3,QLD,3,2021-08-01,6846.642
2,QLD skill level 3,QLD,3,2021-09-01,7518.069
2,QLD skill level 3,QLD,3,2021-10-01,7562.241
2,QLD skill level 3,QLD,3,2021-11-01,7857.419
2,QLD skill level 3,QLD,3,2021-12-01,8273.361
2,QLD skill level 3,QLD,3,2022-01-01,8408.377
2,QLD skill level 3,QLD,3,2022-02-01,8714.798
2,QLD skill level 3,QLD,3,2022-03-01,9418.438
2,QLD skill level 3,QLD,3,2022-04-01,9537.986
2,QLD skill level 3,QLD,3,2022-05-01,9590.25
2,QLD skill level 3,QLD,3,2022-06-01,10076.921
2,QLD skill level 3,QLD,3,2022-07-01,9474.74
2,QLD skill level 3,QLD,3,2022-08-01,9821.092
2,QLD skill level 3,QLD,3,2022-09-01,9284.55
2,QLD skill level 3,QLD,3,2022-10-01,9664.859
2,QLD skill level 3,QLD,3,2022-11-01,9219.624
2,QLD skill level 3,QLD,3,2022-12-01,9558.208
2,QLD skill level 3,QLD,3,2023-01-01,9727.491
2,QLD skill level 3,QLD,3,2023-02-01,9787.873
2,QLD skill level 3,QLD,3,2023-03-01,9904.96
2,QLD skill level 3,QLD,3,2023-04-01,10304.678
2,QLD skill level 3,QLD,3,2023-05-01,10081.367
2,QLD skill level 3,QLD,3,2023-06-01,9709.864
2,QLD skill level 3,QLD,3,2023-07-01,10160.256
2,QLD skill level 3,QLD,3,2023-08-01,9882.996
2,QLD skill level 3,QLD,3,2023-09-01,9653.712
2,QLD skill level 3,QLD,3,2023-10-01,9444.746
2,QLD skill level 3,QLD,3,2023-11-01,9759.789
2,QLD skill level 3,QLD,3,2023-12-01,9756.126
2,QLD skill level 3,QLD,3,2024-01-01,9519.639
2,QLD skill level 3,QLD,3,2024-02-01,9804.361
2,QLD skill level 3,QLD,3,2024-03-01,9642.118
2,QLD skill level 3,QLD,3,2024-04-01,9253.132
2,QLD skill level 3,QLD,3,2024-05-01,9545.257
2,QLD skill level 3,QLD,3,2024-06-01,9350.05
2,QLD skill level 3,QLD,3,2024-07-01,9301.115
2,QLD skill level 3,QLD,3,2024-08-01,9654.702
2,QLD skill level 3,QLD,3,2024-09-01,10024.44
2,QLD skill level 3,QLD,3,2024-10-01,9578.142
2,QLD skill level 3,QLD,3,2024-11-01,9355.356
2,QLD skill level 3,QLD,3,2024-12-01,9155.466
2,QLD skill level 3,QLD,3,2025-01-01,9366.98
2,QLD skill level 3,QLD,3,2025-02-01,8764.152
2,QLD skill level 3,QLD,3,2025-03-01,8750.899
2,QLD skill level 3,QLD,3,2025-04-01,9531.182
2,QLD skill level 3,QLD,3,2025-05-01,8952.569
2,QLD skill level 3,QLD,3,2025-06-01,9130.858
2,QLD skill level 3,QLD,3,2025-07-01,8941.745
2,QLD skill level 3,QLD,3,2025-08-01,8530.685
2,QLD skill level 3,QLD,3,2025-09-01,8524.829
2,QLD skill level 3,QLD,3,2025-10-01,8791.061
2,QLD skill level 3,QLD,3,2025-11-01,8816.407
2,QLD skill level 3,QLD,3,2025-12-01,9711.936
2,QLD skill level 3,QLD,3,2026-01-01,9075.555
2,QLD skill level 3,QLD,3,2026-02-01,8809.537
2,QLD skill level 3,QLD,3,2026-03-01,8820.185
2,QLD skill level 3,QLD,3,2026-04-01,8844.696
2,QLD skill level 3,QLD,3,2026-05-01,8088.691
2,QLD skill level 3,QLD,3,2026-06-01,8291.173
2,QLD skill level 3,QLD,3,2026-07-01,8565.341
2,QLD skill level 4,QLD,4,2006-01-01,13288.915
2,QLD skill level 4,QLD,4,2006-02-01,13108.388
2,QLD skill level 4,QLD,4,2006-03-01,13080.32
2,QLD skill level 4,QLD,4,2006-04-01,13273.481
2,QLD skill level 4,QLD,4,2006-05-01,13403.963
2,QLD skill level 4,QLD,4,2006-06-01,13688.266
2,QLD skill level 4,QLD,4,2006-07-01,12024.962
2,QLD skill level 4,QLD,4,2006-08-01,13496.143
2,QLD skill level 4,QLD,4,2006-09-01,13512.89
2,QLD skill level 4,QLD,4,2006-10-01,15118.46
2,QLD skill level 4,QLD,4,2006-11-01,14708.632
2,QLD skill level 4,QLD,4,2006-12-01,14175.27
2,QLD skill level 4,QLD,4,2007-01-01,15515.622
2,QLD skill level 4,QLD,4,2007-02-01,15914.924
2,QLD skill level 4,QLD,4,2007-03-01,16897.148
2,QLD skill level 4,QLD,4,2007-04-01,16759.024
2,QLD skill level 4,QLD,4,2007-05-01,17501.843
2,QLD skill level 4,QLD,4,2007-06-01,16967.906
2,QLD skill level 4,QLD,4,2007-07-01,18572.425
2,QLD skill level 4,QLD,4,2007-08-01,17849.863
2,QLD skill level 4,QLD,4,2007-09-01,18567.956
2,QLD skill level 4,QLD,4,2007-10-01,18559.031
2,QLD skill level 4,QLD,4,2007-11-01,18880.61
2,QLD skill level 4,QLD,4,2007-12-01,18853.844
2,QLD skill level 4,QLD,4,2008-01-01,18462.835
2,QLD skill level 4,QLD,4,2008-02-01,19003.555
2,QLD skill level 4,QLD,4,2008-03-01,18587.306
2,QLD skill level 4,QLD,4,2008-04-01,18593.192
2,QLD skill level 4,QLD,4,2008-05-01,17473.435
2,QLD skill level 4,QLD,4,2008-06-01,17685.142
2,QLD skill level 4,QLD,4,2008-07-01,16803.435
2,QLD skill level 4,QLD,4,2008-08-01,16069.95
2,QLD skill level 4,QLD,4,2008-09-01,15157.622
2,QLD skill level 4,QLD,4,2008-10-01,14084.024
2,QLD skill level 4,QLD,4,2008-11-01,13311.268
2,QLD skill level 4,QLD,4,2008-12-01,12234.779
2,QLD skill level 4,QLD,4,2009-01-01,11138.577
2,QLD skill level 4,QLD,4,2009-02-01,9700.06
2,QLD skill level 4,QLD,4,2009-03-01,8805.859
2,QLD skill level 4,QLD,4,2009-04-01,8921.29
2,QLD skill level 4,QLD,4,2009-05-01,8619.809
2,QLD skill level 4,QLD,4,2009-06-01,9620.172
2,QLD skill level 4,QLD,4,2009-07-01,8502.839
2,QLD skill level 4,QLD,4,2009-08-01,8849.658
2,QLD skill level 4,QLD,4,2009-09-01,8696.03
2,QLD skill level 4,QLD,4,2009-10-01,8933.648
2,QLD skill level 4,QLD,4,2009-11-01,8724.139
2,QLD skill level 4,QLD,4,2009-12-01,9217.555
2,QLD skill level 4,QLD,4,2010-01-01,9895.881
2,QLD skill level 4,QLD,4,2010-02-01,9891.855
2,QLD skill level 4,QLD,4,2010-03-01,8375.055
2,QLD skill level 4,QLD,4,2010-04-01,8591.616
2,QLD skill level 4,QLD,4,2010-05-01,9510.667
2,QLD skill level 4,QLD,4,2010-06-01,9221.814
2,QLD skill level 4,QLD,4,2010-07-01,9154.244
2,QLD skill level 4,QLD,4,2010-08-01,9284.726
2,QLD skill level 4,QLD,4,2010-09-01,9843.506
2,QLD skill level 4,QLD,4,2010-10-01,10075.404
2,QLD skill level 4,QLD,4,2010-11-01,10129.098
2,QLD skill level 4,QLD,4,2010-12-01,10425.772
2,QLD skill level 4,QLD,4,2011-01-01,9660.023
2,QLD skill level 4,QLD,4,2011-02-01,11067.415
2,QLD skill level 4,QLD,4,2011-03-01,11267.505
2,QLD skill level 4,QLD,4,2011-04-01,11209.693
2,QLD skill level 4,QLD,4,2011-05-01,11082.657
2,QLD skill level 4,QLD,4,2011-06-01,10661.176
2,QLD skill level 4,QLD,4,2011-07-01,11539.583
2,QLD skill level 4,QLD,4,2011-08-01,11266.064
2,QLD skill level 4,QLD,4,2011-09-01,11079.746
2,QLD skill level 4,QLD,4,2011-10-01,11142.828
2,QLD skill level 4,QLD,4,2011-11-01,11294.47
2,QLD skill level 4,QLD,4,2011-12-01,10662.397
2,QLD skill level 4,QLD,4,2012-01-01,10627.946
2,QLD skill level 4,QLD,4,2012-02-01,10896.805
2,QLD skill level 4,QLD,4,2012-03-01,10630.324
2,QLD skill level 4,QLD,4,2012-04-01,10601.756
2,QLD skill level 4,QLD,4,2012-05-01,9914.928
2,QLD skill level 4,QLD,4,2012-06-01,9793.455
2,QLD skill level 4,QLD,4,2012-07-01,9391.332
2,QLD skill level 4,QLD,4,2012-08-01,9257.593
2,QLD skill level 4,QLD,4,2012-09-01,8984.096
2,QLD skill level 4,QLD,4,2012-10-01,8487.932
2,QLD skill level 4,QLD,4,2012-11-01,8027.533
2,QLD skill level 4,QLD,4,2012-12-01,7862.727
2,QLD skill level 4,QLD,4,2013-01-01,7694.908
2,QLD skill level 4,QLD,4,2013-02-01,7429.496
2,QLD skill level 4,QLD,4,2013-03-01,7683.476
2,QLD skill level 4,QLD,4,2013-04-01,7267.423
2,QLD skill level 4,QLD,4,2013-05-01,7537.318
2,QLD skill level 4,QLD,4,2013-06-01,7252.152
2,QLD skill level 4,QLD,4,2013-07-01,7367.098
2,QLD skill level 4,QLD,4,2013-08-01,7290.826
2,QLD skill level 4,QLD,4,2013-09-01,7294.305
2,QLD skill level 4,QLD,4,2013-10-01,7138.614
2,QLD skill level 4,QLD,4,2013-11-01,7129.465
2,QLD skill level 4,QLD,4,2013-12-01,7311.361
2,QLD skill level 4,QLD,4,2014-01-01,7800.155
2,QLD skill level 4,QLD,4,2014-02-01,7391.498
2,QLD skill level 4,QLD,4,2014-03-01,7267.925
2,QLD skill level 4,QLD,4,2014-04-01,7083.224
2,QLD skill level 4,QLD,4,2014-05-01,7353.199
2,QLD skill level 4,QLD,4,2014-06-01,7324.803
2,QLD skill level 4,QLD,4,2014-07-01,7252.554
2,QLD skill level 4,QLD,4,2014-08-01,7541.304
2,QLD skill level 4,QLD,4,2014-09-01,7252.867
2,QLD skill level 4,QLD,4,2014-10-01,7390.891
2,QLD skill level 4,QLD,4,2014-11-01,7519.521
2,QLD skill level 4,QLD,4,2014-12-01,7660.647
2,QLD skill level 4,QLD,4,2015-01-01,7676.319
2,QLD skill level 4,QLD,4,2015-02-01,7374.747
2,QLD skill level 4,QLD,4,2015-03-01,7649.349
2,QLD skill level 4,QLD,4,2015-04-01,7556.225
2,QLD skill level 4,QLD,4,2015-05-01,7415.841
2,QLD skill level 4,QLD,4,2015-06-01,7033.597
2,QLD skill level 4,QLD,4,2015-07-01,7293.67
2,QLD skill level 4,QLD,4,2015-08-01,7014.705
2,QLD skill level 4,QLD,4,2015-09-01,7382.258
2,QLD skill level 4,QLD,4,2015-10-01,7300.692
2,QLD skill level 4,QLD,4,2015-11-01,7506.71
2,QLD skill level 4,QLD,4,2015-12-01,7273.407
2,QLD skill level 4,QLD,4,2016-01-01,7218.32
2,QLD skill level 4,QLD,4,2016-02-01,7253.555
2,QLD skill level 4,QLD,4,2016-03-01,7091.231
2,QLD skill level 4,QLD,4,2016-04-01,7389.037
2,QLD skill level 4,QLD,4,2016-05-01,7236.671
2,QLD skill level 4,QLD,4,2016-06-01,7516.329
2,QLD skill level 4,QLD,4,2016-07-01,7244.986
2,QLD skill level 4,QLD,4,2016-08-01,7380.979
2,QLD skill level 4,QLD,4,2016-09-01,7479.011
2,QLD skill level 4,QLD,4,2016-10-01,7709.911
2,QLD skill level 4,QLD,4,2016-11-01,7533.426
2,QLD skill level 4,QLD,4,2016-12-01,7475.978
2,QLD skill level 4,QLD,4,2017-01-01,7854.634
2,QLD skill level 4,QLD,4,2017-02-01,8151.022
2,QLD skill level 4,QLD,4,2017-03-01,7504.766
2,QLD skill level 4,QLD,4,2017-04-01,8015.687
2,QLD skill level 4,QLD,4,2017-05-01,8256.176
2,QLD skill level 4,QLD,4,2017-06-01,8522.456
2,QLD skill level 4,QLD,4,2017-07-01,8639.037
2,QLD skill level 4,QLD,4,2017-08-01,8464.668
2,QLD skill level 4,QLD,4,2017-09-01,8429.218
2,QLD skill level 4,QLD,4,2017-10-01,8354.7
2,QLD skill level 4,QLD,4,2017-11-01,8470.565
2,QLD skill level 4,QLD,4,2017-12-01,8244.231
2,QLD skill level 4,QLD,4,2018-01-01,8563.005
2,QLD skill level 4,QLD,4,2018-02-01,8482.143
2,QLD skill level 4,QLD,4,2018-03-01,8917.306
2,QLD skill level 4,QLD,4,2018-04-01,8850.949
2,QLD skill level 4,QLD,4,2018-05-01,8639.568
2,QLD skill level 4,QLD,4,2018-06-01,8553.481
2,QLD skill level 4,QLD,4,2018-07-01,8462.793
2,QLD skill level 4,QLD,4,2018-08-01,8357.294
2,QLD skill level 4,QLD,4,2018-09-01,8280.742
2,QLD skill level 4,QLD,4,2018-10-01,8224.238
2,QLD skill level 4,QLD,4,2018-11-01,8219.265
2,QLD skill level 4,QLD,4,2018-12-01,8287.757
2,QLD skill level 4,QLD,4,2019-01-01,8359.088
2,QLD skill level 4,QLD,4,2019-02-01,8299.407
2,QLD skill level 4,QLD,4,2019-03-01,8020.681
2,QLD skill level 4,QLD,4,2019-04-01,8131.188
2,QLD skill level 4,QLD,4,2019-05-01,8237.841
2,QLD skill level 4,QLD,4,2019-06-01,7965.092
2,QLD skill level 4,QLD,4,2019-07-01,8195.634
2,QLD skill level 4,QLD,4,2019-08-01,7963.195
2,QLD skill level 4,QLD,4,2019-09-01,7921.405
2,QLD skill level 4,QLD,4,2019-10-01,7485.699
2,QLD skill level 4,QLD,4,2019-11-01,7417.292
2,QLD skill level 4,QLD,4,2019-12-01,7632.128
2,QLD skill level 4,QLD,4,2020-01-01,8109.983
2,QLD skill level 4,QLD,4,2020-02-01,7853.382
2,QLD skill level 4,QLD,4,2020-03-01,5726.002
2,QLD skill level 4,QLD,4,2020-04-01,3393.135
2,QLD skill level 4,QLD,4,2020-05-01,4755.927
2,QLD skill level 4,QLD,4,2020-06-01,6469.541
2,QLD skill level 4,QLD,4,2020-07-01,7712.383
2,QLD skill level 4,QLD,4,2020-08-01,7968.558
2,QLD skill level 4,QLD,4,2020-09-01,8283.21
2,QLD skill level 4,QLD,4,2020-10-01,8998.75
2,QLD skill level 4,QLD,4,2020-11-01,9526.756
2,QLD skill level 4,QLD,4,2020-12-01,10017.762
2,QLD skill level 4,QLD,4,2021-01-01,10191.849
2,QLD skill level 4,QLD,4,2021-02-01,11171.556
2,QLD skill level 4,QLD,4,2021-03-01,12176.544
2,QLD skill level 4,QLD,4,2021-04-01,11772.486
2,QLD skill level 4,QLD,4,2021-05-01,12510.92
2,QLD skill level 4,QLD,4,2021-06-01,12343.153
2,QLD skill level 4,QLD,4,2021-07-01,12183.985
2,QLD skill level 4,QLD,4,2021-08-01,11549.377
2,QLD skill level 4,QLD,4,2021-09-01,13028.132
2,QLD skill level 4,QLD,4,2021-10-01,12981.076
2,QLD skill level 4,QLD,4,2021-11-01,13844.102
2,QLD skill level 4,QLD,4,2021-12-01,14093.173
2,QLD skill level 4,QLD,4,2022-01-01,14417.693
2,QLD skill level 4,QLD,4,2022-02-01,14557.232
2,QLD skill level 4,QLD,4,2022-03-01,15411.245
2,QLD skill level 4,QLD,4,2022-04-01,16341.306
2,QLD skill level 4,QLD,4,2022-05-01,16297.795
2,QLD skill level 4,QLD,4,2022-06-01,16964.156
2,QLD skill level 4,QLD,4,2022-07-01,16481.719
2,QLD skill level 4,QLD,4,2022-08-01,16632.782
2,QLD skill level 4,QLD,4,2022-09-01,16010.857
2,QLD skill level 4,QLD,4,2022-10-01,16868.244
2,QLD skill level 4,QLD,4,2022-11-01,16036.159
2,QLD skill level 4,QLD,4,2022-12-01,15710.5
2,QLD skill level 4,QLD,4,2023-01-01,16035.594
2,QLD skill level 4,QLD,4,2023-02-01,16353.045
2,QLD skill level 4,QLD,4,2023-03-01,16256.436
2,QLD skill level 4,QLD,4,2023-04-01,16343.117
2,QLD skill level 4,QLD,4,2023-05-01,15986.055
2,QLD skill level 4,QLD,4,2023-06-01,15753.764
2,QLD skill level 4,QLD,4,2023-07-01,15995.875
2,QLD skill level 4,QLD,4,2023-08-01,15665.497
2,QLD skill level 4,QLD,4,2023-09-01,14937.918
2,QLD skill level 4,QLD,4,2023-10-01,14908.656
2,QLD skill level 4,QLD,4,2023-11-01,15107.778
2,QLD skill level 4,QLD,4,2023-12-01,15396.357
2,QLD skill level 4,QLD,4,2024-01-01,15219.302
2,QLD skill level 4,QLD,4,2024-02-01,15009.413
2,QLD skill level 4,QLD,4,2024-03-01,15470.646
2,QLD skill level 4,QLD,4,2024-04-01,14562.463
2,QLD skill level 4,QLD,4,2024-05-01,14563.168
2,QLD skill level 4,QLD,4,2024-06-01,14286.419
2,QLD skill level 4,QLD,4,2024-07-01,13556.239
2,QLD skill level 4,QLD,4,2024-08-01,14426.119
2,QLD skill level 4,QLD,4,2024-09-01,14437.87
2,QLD skill level 4,QLD,4,2024-10-01,14262.487
2,QLD skill level 4,QLD,4,2024-11-01,13698.05
2,QLD skill level 4,QLD,4,2024-12-01,13535.562
2,QLD skill level 4,QLD,4,2025-01-01,14098.081
2,QLD skill level 4,QLD,4,2025-02-01,13768.361
2,QLD skill level 4,QLD,4,2025-03-01,12688.797
2,QLD skill level 4,QLD,4,2025-04-01,13479.278
2,QLD skill level 4,QLD,4,2025-05-01,13470.819
2,QLD skill level 4,QLD,4,2025-06-01,13666.189
2,QLD skill level 4,QLD,4,2025-07-01,13336.946
2,QLD skill level 4,QLD,4,2025-08-01,12971.621
2,QLD skill level 4,QLD,4,2025-09-01,13273.643
2,QLD skill level 4,QLD,4,2025-10-01,13236.295
2,QLD skill level 4,QLD,4,2025-11-01,13433.865
2,QLD skill level 4,QLD,4,2025-12-01,13516.008
2,QLD skill level 4,QLD,4,2026-01-01,14318.881
2,QLD skill level 4,QLD,4,2026-02-01,13470.159
2,QLD skill level 4,QLD,4,2026-03-01,13390.266
2,QLD skill level 4,QLD,4,2026-04-01,13716.173
2,QLD skill level 4,QLD,4,2026-05-01,12695.776
2,QLD skill level 4,QLD,4,2026-06-01,12954.455
2,QLD skill level 4,QLD,4,2026-07-01,13475.618
2,QLD skill level 5,QLD,5,2006-01-01,12009.695
2,QLD skill level 5,QLD,5,2006-02-01,11807.225
2,QLD skill level 5,QLD,5,2006-03-01,11353.684
2,QLD skill level 5,QLD,5,2006-04-01,11580.133
2,QLD skill level 5,QLD,5,2006-05-01,11715.647
2,QLD skill level 5,QLD,5,2006-06-01,11778.107
2,QLD skill level 5,QLD,5,2006-07-01,11337.386
2,QLD skill level 5,QLD,5,2006-08-01,12188.338
2,QLD skill level 5,QLD,5,2006-09-01,12098.994
2,QLD skill level 5,QLD,5,2006-10-01,12622.098
2,QLD skill level 5,QLD,5,2006-11-01,12638.902
2,QLD skill level 5,QLD,5,2006-12-01,12514.003
2,QLD skill level 5,QLD,5,2007-01-01,12899.835
2,QLD skill level 5,QLD,5,2007-02-01,12822.999
2,QLD skill level 5,QLD,5,2007-03-01,13780.681
2,QLD skill level 5,QLD,5,2007-04-01,13225.948
2,QLD skill level 5,QLD,5,2007-05-01,13762.87
2,QLD skill level 5,QLD,5,2007-06-01,13166.578
2,QLD skill level 5,QLD,5,2007-07-01,15120.156
2,QLD skill level 5,QLD,5,2007-08-01,14239.705
2,QLD skill level 5,QLD,5,2007-09-01,14768.934
2,QLD skill level 5,QLD,5,2007-10-01,14183.076
2,QLD skill level 5,QLD,5,2007-11-01,14328.916
2,QLD skill level 5,QLD,5,2007-12-01,13957.402
2,QLD skill level 5,QLD,5,2008-01-01,13874.76
2,QLD skill level 5,QLD,5,2008-02-01,13891.474
2,QLD skill level 5,QLD,5,2008-03-01,13584.202
2,QLD skill level 5,QLD,5,2008-04-01,13379.32
2,QLD skill level 5,QLD,5,2008-05-01,12686.614
2,QLD skill level 5,QLD,5,2008-06-01,12944.407
2,QLD skill level 5,QLD,5,2008-07-01,12258.501
2,QLD skill level 5,QLD,5,2008-08-01,11632.899
2,QLD skill level 5,QLD,5,2008-09-01,11054.299
2,QLD skill level 5,QLD,5,2008-10-01,10148.126
2,QLD skill level 5,QLD,5,2008-11-01,9739.007
2,QLD skill level 5,QLD,5,2008-12-01,9322.693
2,QLD skill level 5,QLD,5,2009-01-01,8533
2,QLD skill level 5,QLD,5,2009-02-01,7689.042
2,QLD skill level 5,QLD,5,2009-03-01,7331.922
2,QLD skill level 5,QLD,5,2009-04-01,7385.883
2,QLD skill level 5,QLD,5,2009-05-01,6754.996
2,QLD skill level 5,QLD,5,2009-06-01,7358.921
2,QLD skill level 5,QLD,5,2009-07-01,5634.613
2,QLD skill level 5,QLD,5,2009-08-01,5634.042
2,QLD skill level 5,QLD,5,2009-09-01,6014.181
2,QLD skill level 5,QLD,5,2009-10-01,6543.168
2,QLD skill level 5,QLD,5,2009-11-01,6423.787
2,QLD skill level 5,QLD,5,2009-12-01,6769.651
2,QLD skill level 5,QLD,5,2010-01-01,7264.923
2,QLD skill level 5,QLD,5,2010-02-01,6993.107
2,QLD skill level 5,QLD,5,2010-03-01,5608.058
2,QLD skill level 5,QLD,5,2010-04-01,5724.278
2,QLD skill level 5,QLD,5,2010-05-01,6256.542
2,QLD skill level 5,QLD,5,2010-06-01,6281.109
2,QLD skill level 5,QLD,5,2010-07-01,6257.757
2,QLD skill level 5,QLD,5,2010-08-01,6361.256
2,QLD skill level 5,QLD,5,2010-09-01,6496.07
2,QLD skill level 5,QLD,5,2010-10-01,6568.956
2,QLD skill level 5,QLD,5,2010-11-01,6443.172
2,QLD skill level 5,QLD,5,2010-12-01,6177.02
2,QLD skill level 5,QLD,5,2011-01-01,6211.591
2,QLD skill level 5,QLD,5,2011-02-01,7046
2,QLD skill level 5,QLD,5,2011-03-01,7007.62
2,QLD skill level 5,QLD,5,2011-04-01,6799.867
2,QLD skill level 5,QLD,5,2011-05-01,7174.999
2,QLD skill level 5,QLD,5,2011-06-01,6935.892
2,QLD skill level 5,QLD,5,2011-07-01,7047.534
2,QLD skill level 5,QLD,5,2011-08-01,6912.426
2,QLD skill level 5,QLD,5,2011-09-01,6821.668
2,QLD skill level 5,QLD,5,2011-10-01,6588.891
2,QLD skill level 5,QLD,5,2011-11-01,6930.897
2,QLD skill level 5,QLD,5,2011-12-01,6769.268
2,QLD skill level 5,QLD,5,2012-01-01,6655.646
2,QLD skill level 5,QLD,5,2012-02-01,6619.723
2,QLD skill level 5,QLD,5,2012-03-01,6378.346
2,QLD skill level 5,QLD,5,2012-04-01,6348.19
2,QLD skill level 5,QLD,5,2012-05-01,5950.759
2,QLD skill level 5,QLD,5,2012-06-01,5844.982
2,QLD skill level 5,QLD,5,2012-07-01,6028.409
2,QLD skill level 5,QLD,5,2012-08-01,5878.123
2,QLD skill level 5,QLD,5,2012-09-01,5650.353
2,QLD skill level 5,QLD,5,2012-10-01,5382.359
2,QLD skill level 5,QLD,5,2012-11-01,5020.62
2,QLD skill level 5,QLD,5,2012-12-01,5024.798
2,QLD skill level 5,QLD,5,2013-01-01,4919.772
2,QLD skill level 5,QLD,5,2013-02-01,4586.512
2,QLD skill level 5,QLD,5,2013-03-01,4827.984
2,QLD skill level 5,QLD,5,2013-04-01,4625.171
2,QLD skill level 5,QLD,5,2013-05-01,4744.102
2,QLD skill level 5,QLD,5,2013-06-01,4620.914
2,QLD skill level 5,QLD,5,2013-07-01,4473.256
2,QLD skill level 5,QLD,5,2013-08-01,4529.764
2,QLD skill level 5,QLD,5,2013-09-01,4582.429
2,QLD skill level 5,QLD,5,2013-10-01,4352.732
2,QLD skill level 5,QLD,5,2013-11-01,4500.608
2,QLD skill level 5,QLD,5,2013-12-01,4344.434
2,QLD skill level 5,QLD,5,2014-01-01,4511.516
2,QLD skill level 5,QLD,5,2014-02-01,4389.554
2,QLD skill level 5,QLD,5,2014-03-01,4319.945
2,QLD skill level 5,QLD,5,2014-04-01,4313.676
2,QLD skill level 5,QLD,5,2014-05-01,4382.715
2,QLD skill level 5,QLD,5,2014-06-01,4373.284
2,QLD skill level 5,QLD,5,2014-07-01,4305.061
2,QLD skill level 5,QLD,5,2014-08-01,4240.142
2,QLD skill level 5,QLD,5,2014-09-01,4100.222
2,QLD skill level 5,QLD,5,2014-10-01,4199.043
2,QLD skill level 5,QLD,5,2014-11-01,4115.062
2,QLD skill level 5,QLD,5,2014-12-01,4169.893
2,QLD skill level 5,QLD,5,2015-01-01,4156.761
2,QLD skill level 5,QLD,5,2015-02-01,4100.802
2,QLD skill level 5,QLD,5,2015-03-01,4497.007
2,QLD skill level 5,QLD,5,2015-04-01,4133.558
2,QLD skill level 5,QLD,5,2015-05-01,3948.667
2,QLD skill level 5,QLD,5,2015-06-01,3542.545
2,QLD skill level 5,QLD,5,2015-07-01,3749.534
2,QLD skill level 5,QLD,5,2015-08-01,3656.481
2,QLD skill level 5,QLD,5,2015-09-01,4273.046
2,QLD skill level 5,QLD,5,2015-10-01,4164.028
2,QLD skill level 5,QLD,5,2015-11-01,4466.182
2,QLD skill level 5,QLD,5,2015-12-01,4149.39
2,QLD skill level 5,QLD,5,2016-01-01,3894.126
2,QLD skill level 5,QLD,5,2016-02-01,4177.845
2,QLD skill level 5,QLD,5,2016-03-01,3929.474
2,QLD skill level 5,QLD,5,2016-04-01,4158.685
2,QLD skill level 5,QLD,5,2016-05-01,4206.537
2,QLD skill level 5,QLD,5,2016-06-01,4474.84
2,QLD skill level 5,QLD,5,2016-07-01,4309.428
2,QLD skill level 5,QLD,5,2016-08-01,4165.194
2,QLD skill level 5,QLD,5,2016-09-01,4217.885
2,QLD skill level 5,QLD,5,2016-10-01,4315.472
2,QLD skill level 5,QLD,5,2016-11-01,4199.18
2,QLD skill level 5,QLD,5,2016-12-01,4200.056
2,QLD skill level 5,QLD,5,2017-01-01,4163.167
2,QLD skill level 5,QLD,5,2017-02-01,4303.375
2,QLD skill level 5,QLD,5,2017-03-01,3926.335
2,QLD skill level 5,QLD,5,2017-04-01,4400.755
2,QLD skill level 5,QLD,5,2017-05-01,4439.606
2,QLD skill level 5,QLD,5,2017-06-01,4422.091
2,QLD skill level 5,QLD,5,2017-07-01,4395.857
2,QLD skill level 5,QLD,5,2017-08-01,4479.538
2,QLD skill level 5,QLD,5,2017-09-01,4469.631
2,QLD skill level 5,QLD,5,2017-10-01,4411.477
2,QLD skill level 5,QLD,5,2017-11-01,4406.715
2,QLD skill level 5,QLD,5,2017-12-01,4360.19
2,QLD skill level 5,QLD,5,2018-01-01,4372.436
2,QLD skill level 5,QLD,5,2018-02-01,4380.932
2,QLD skill level 5,QLD,5,2018-03-01,4483.034
2,QLD skill level 5,QLD,5,2018-04-01,4383.076
2,QLD skill level 5,QLD,5,2018-05-01,4220.912
2,QLD skill level 5,QLD,5,2018-06-01,4196.261
2,QLD skill level 5,QLD,5,2018-07-01,4178.209
2,QLD skill level 5,QLD,5,2018-08-01,4081.863
2,QLD skill level 5,QLD,5,2018-09-01,3901.971
2,QLD skill level 5,QLD,5,2018-10-01,3783.921
2,QLD skill level 5,QLD,5,2018-11-01,3890.969
2,QLD skill level 5,QLD,5,2018-12-01,3858.412
2,QLD skill level 5,QLD,5,2019-01-01,4016.618
2,QLD skill level 5,QLD,5,2019-02-01,3887.6
2,QLD skill level 5,QLD,5,2019-03-01,3784.136
2,QLD skill level 5,QLD,5,2019-04-01,3672.976
2,QLD skill level 5,QLD,5,2019-05-01,3721.831
2,QLD skill level 5,QLD,5,2019-06-01,3730.711
2,QLD skill level 5,QLD,5,2019-07-01,3756.384
2,QLD skill level 5,QLD,5,2019-08-01,3579.496
2,QLD skill level 5,QLD,5,2019-09-01,3617.182
2,QLD skill level 5,QLD,5,2019-10-01,3387.471
2,QLD skill level 5,QLD,5,2019-11-01,3451.425
2,QLD skill level 5,QLD,5,2019-12-01,3461.488
2,QLD skill level 5,QLD,5,2020-01-01,3769.997
2,QLD skill level 5,QLD,5,2020-02-01,3768.211
2,QLD skill level 5,QLD,5,2020-03-01,2794.854
2,QLD skill level 5,QLD,5,2020-04-01,1766.627
2,QLD skill level 5,QLD,5,2020-05-01,2438.469
2,QLD skill level 5,QLD,5,2020-06-01,3346.933
2,QLD skill level 5,QLD,5,2020-07-01,4162.311
2,QLD skill level 5,QLD,5,2020-08-01,4210.822
2,QLD skill level 5,QLD,5,2020-09-01,4557.184
2,QLD skill level 5,QLD,5,2020-10-01,4937.511
2,QLD skill level 5,QLD,5,2020-11-01,5006.058
2,QLD skill level 5,QLD,5,2020-12-01,5481.529
2,QLD skill level 5,QLD,5,2021-01-01,5541.441
2,QLD skill level 5,QLD,5,2021-02-01,5863.089
2,QLD skill level 5,QLD,5,2021-03-01,6549.584
2,QLD skill level 5,QLD,5,2021-04-01,6323.759
2,QLD skill level 5,QLD,5,2021-05-01,6713.409
2,QLD skill level 5,QLD,5,2021-06-01,6475.972
2,QLD skill level 5,QLD,5,2021-07-01,6525.795
2,QLD skill level 5,QLD,5,2021-08-01,5861.698
2,QLD skill level 5,QLD,5,2021-09-01,6953.638
2,QLD skill level 5,QLD,5,2021-10-01,6932.98
2,QLD skill level 5,QLD,5,2021-11-01,7374.395
2,QLD skill level 5,QLD,5,2021-12-01,7180.141
2,QLD skill level 5,QLD,5,2022-01-01,7628.062
2,QLD skill level 5,QLD,5,2022-02-01,7807.581
2,QLD skill level 5,QLD,5,2022-03-01,8092.117
2,QLD skill level 5,QLD,5,2022-04-01,8836.7
2,QLD skill level 5,QLD,5,2022-05-01,8791.592
2,QLD skill level 5,QLD,5,2022-06-01,9107.453
2,QLD skill level 5,QLD,5,2022-07-01,8919.416
2,QLD skill level 5,QLD,5,2022-08-01,8639.972
2,QLD skill level 5,QLD,5,2022-09-01,8028.069
2,QLD skill level 5,QLD,5,2022-10-01,8441.177
2,QLD skill level 5,QLD,5,2022-11-01,7941.388
2,QLD skill level 5,QLD,5,2022-12-01,7721.843
2,QLD skill level 5,QLD,5,2023-01-01,7707.059
2,QLD skill level 5,QLD,5,2023-02-01,7749.6
2,QLD skill level 5,QLD,5,2023-03-01,7589.656
2,QLD skill level 5,QLD,5,2023-04-01,7425.43
2,QLD skill level 5,QLD,5,2023-05-01,7195.674
2,QLD skill level 5,QLD,5,2023-06-01,6989.079
2,QLD skill level 5,QLD,5,2023-07-01,6861.813
2,QLD skill level 5,QLD,5,2023-08-01,6781.088
2,QLD skill level 5,QLD,5,2023-09-01,6663.962
2,QLD skill level 5,QLD,5,2023-10-01,6316.326
2,QLD skill level 5,QLD,5,2023-11-01,6606.148
2,QLD skill level 5,QLD,5,2023-12-01,6743.94
2,QLD skill level 5,QLD,5,2024-01-01,6596.308
2,QLD skill level 5,QLD,5,2024-02-01,6670.114
2,QLD skill level 5,QLD,5,2024-03-01,6686.47
2,QLD skill level 5,QLD,5,2024-04-01,6438.921
2,QLD skill level 5,QLD,5,2024-05-01,6485.223
2,QLD skill level 5,QLD,5,2024-06-01,6283.783
2,QLD skill level 5,QLD,5,2024-07-01,6060.344
2,QLD skill level 5,QLD,5,2024-08-01,6437.682
2,QLD skill level 5,QLD,5,2024-09-01,6931.274
2,QLD skill level 5,QLD,5,2024-10-01,6590.975
2,QLD skill level 5,QLD,5,2024-11-01,6349.166
2,QLD skill level 5,QLD,5,2024-12-01,6214.659
2,QLD skill level 5,QLD,5,2025-01-01,6654.895
2,QLD skill level 5,QLD,5,2025-02-01,6405.091
2,QLD skill level 5,QLD,5,2025-03-01,5944.113
2,QLD skill level 5,QLD,5,2025-04-01,6439.272
2,QLD skill level 5,QLD,5,2025-05-01,6399.996
2,QLD skill level 5,QLD,5,2025-06-01,6608.46
2,QLD skill level 5,QLD,5,2025-07-01,6329.62
2,QLD skill level 5,QLD,5,2025-08-01,6260.593
2,QLD skill level 5,QLD,5,2025-09-01,6336.311
2,QLD skill level 5,QLD,5,2025-10-01,6403.932
2,QLD skill level 5,QLD,5,2025-11-01,6360.903
2,QLD skill level 5,QLD,5,2025-12-01,6524.006
2,QLD skill level 5,QLD,5,2026-01-01,6699.061
2,QLD skill level 5,QLD,5,2026-02-01,6373.426
2,QLD skill level 5,QLD,5,2026-03-01,6300.631
2,QLD skill level 5,QLD,5,2026-04-01,6453.624
2,QLD skill level 5,QLD,5,2026-05-01,5865.065
2,QLD skill level 5,QLD,5,2026-06-01,5928.193
2,QLD skill level 5,QLD,5,2026-07-01,6485.176
1,SA TOTAL,SA,0,2006-01-01,13174.04
1,SA TOTAL,SA,0,2006-02-01,13167.804
1,SA TOTAL,SA,0,2006-03-01,13639.478
1,SA TOTAL,SA,0,2006-04-01,13337.201
1,SA TOTAL,SA,0,2006-05-01,13080.53
1,SA TOTAL,SA,0,2006-06-01,13594.82
1,SA TOTAL,SA,0,2006-07-01,13803.5
1,SA TOTAL,SA,0,2006-08-01,13994.43
1,SA TOTAL,SA,0,2006-09-01,13260.911
1,SA TOTAL,SA,0,2006-10-01,13957.563
1,SA TOTAL,SA,0,2006-11-01,13366.114
1,SA TOTAL,SA,0,2006-12-01,13879.256
1,SA TOTAL,SA,0,2007-01-01,14473.215
1,SA TOTAL,SA,0,2007-02-01,14702.876
1,SA TOTAL,SA,0,2007-03-01,15017.74
1,SA TOTAL,SA,0,2007-04-01,14854.856
1,SA TOTAL,SA,0,2007-05-01,15076.516
1,SA TOTAL,SA,0,2007-06-01,14694.791
1,SA TOTAL,SA,0,2007-07-01,16677.69
1,SA TOTAL,SA,0,2007-08-01,15833.669
1,SA TOTAL,SA,0,2007-09-01,16317.156
1,SA TOTAL,SA,0,2007-10-01,15909.248
1,SA TOTAL,SA,0,2007-11-01,16629.807
1,SA TOTAL,SA,0,2007-12-01,16649.99
1,SA TOTAL,SA,0,2008-01-01,16412.814
1,SA TOTAL,SA,0,2008-02-01,16917.844
1,SA TOTAL,SA,0,2008-03-01,16964.708
1,SA TOTAL,SA,0,2008-04-01,17302.03
1,SA TOTAL,SA,0,2008-05-01,17064.585
1,SA TOTAL,SA,0,2008-06-01,16947.618
1,SA TOTAL,SA,0,2008-07-01,15917.747
1,SA TOTAL,SA,0,2008-08-01,15021.309
1,SA TOTAL,SA,0,2008-09-01,14891.839
1,SA TOTAL,SA,0,2008-10-01,14355.993
1,SA TOTAL,SA,0,2008-11-01,14184.386
1,SA TOTAL,SA,0,2008-12-01,13316.861
1,SA TOTAL,SA,0,2009-01-01,11779.795
1,SA TOTAL,SA,0,2009-02-01,11132.958
1,SA TOTAL,SA,0,2009-03-01,10394.853
1,SA TOTAL,SA,0,2009-04-01,10301.783
1,SA TOTAL,SA,0,2009-05-01,9658.959
1,SA TOTAL,SA,0,2009-06-01,10883.124
1,SA TOTAL,SA,0,2009-07-01,10336.232
1,SA TOTAL,SA,0,2009-08-01,10883.221
1,SA TOTAL,SA,0,2009-09-01,10902.557
1,SA TOTAL,SA,0,2009-10-01,11118.859
1,SA TOTAL,SA,0,2009-11-01,11202.786
1,SA TOTAL,SA,0,2009-12-01,11159.541
1,SA TOTAL,SA,0,2010-01-01,11838.109
1,SA TOTAL,SA,0,2010-02-01,12435.874
1,SA TOTAL,SA,0,2010-03-01,10627.51
1,SA TOTAL,SA,0,2010-04-01,10413.811
1,SA TOTAL,SA,0,2010-05-01,11156.585
1,SA TOTAL,SA,0,2010-06-01,10861.993
1,SA TOTAL,SA,0,2010-07-01,11020.94
1,SA TOTAL,SA,0,2010-08-01,10933.549
1,SA TOTAL,SA,0,2010-09-01,10812.019
1,SA TOTAL,SA,0,2010-10-01,11264.184
1,SA TOTAL,SA,0,2010-11-01,11180.527
1,SA TOTAL,SA,0,2010-12-01,11279.341
1,SA TOTAL,SA,0,2011-01-01,11846.79
1,SA TOTAL,SA,0,2011-02-01,11720.704
1,SA TOTAL,SA,0,2011-03-01,11631.765
1,SA TOTAL,SA,0,2011-04-01,11757.538
1,SA TOTAL,SA,0,2011-05-01,11457.907
1,SA TOTAL,SA,0,2011-06-01,11109.204
1,SA TOTAL,SA,0,2011-07-01,11288.713
1,SA TOTAL,SA,0,2011-08-01,10872.971
1,SA TOTAL,SA,0,2011-09-01,10843.653
1,SA TOTAL,SA,0,2011-10-01,10322.352
1,SA TOTAL,SA,0,2011-11-01,10328.705
1,SA TOTAL,SA,0,2011-12-01,10426.821
1,SA TOTAL,SA,0,2012-01-01,9974.258
1,SA TOTAL,SA,0,2012-02-01,10096.228
1,SA TOTAL,SA,0,2012-03-01,9965.759
1,SA TOTAL,SA,0,2012-04-01,9807.301
1,SA TOTAL,SA,0,2012-05-01,9346.561
1,SA TOTAL,SA,0,2012-06-01,9154.282
1,SA TOTAL,SA,0,2012-07-01,8992.96
1,SA TOTAL,SA,0,2012-08-01,8814.128
1,SA TOTAL,SA,0,2012-09-01,8466.366
1,SA TOTAL,SA,0,2012-10-01,8078.095
1,SA TOTAL,SA,0,2012-11-01,7343.211
1,SA TOTAL,SA,0,2012-12-01,7288.258
1,SA TOTAL,SA,0,2013-01-01,7098.894
1,SA TOTAL,SA,0,2013-02-01,7037.665
1,SA TOTAL,SA,0,2013-03-01,7112.222
1,SA TOTAL,SA,0,2013-04-01,6748.279
1,SA TOTAL,SA,0,2013-05-01,7132.426
1,SA TOTAL,SA,0,2013-06-01,7048.025
1,SA TOTAL,SA,0,2013-07-01,7164.559
1,SA TOTAL,SA,0,2013-08-01,6901.325
1,SA TOTAL,SA,0,2013-09-01,6963.555
1,SA TOTAL,SA,0,2013-10-01,7038.8
1,SA TOTAL,SA,0,2013-11-01,7033.467
1,SA TOTAL,SA,0,2013-12-01,6616.147
1,SA TOTAL,SA,0,2014-01-01,7116.841
1,SA TOTAL,SA,0,2014-02-01,6987.794
1,SA TOTAL,SA,0,2014-03-01,6824.65
1,SA TOTAL,SA,0,2014-04-01,6766.06
1,SA TOTAL,SA,0,2014-05-01,7033.923
1,SA TOTAL,SA,0,2014-06-01,7101.397
1,SA TOTAL,SA,0,2014-07-01,7026.41
1,SA TOTAL,SA,0,2014-08-01,7454.297
1,SA TOTAL,SA,0,2014-09-01,7334.665
1,SA TOTAL,SA,0,2014-10-01,7149.597
1,SA TOTAL,SA,0,2014-11-01,7055.84
1,SA TOTAL,SA,0,2014-12-01,6927.704
1,SA TOTAL,SA,0,2015-01-01,6964.448
1,SA TOTAL,SA,0,2015-02-01,6838.307
1,SA TOTAL,SA,0,2015-03-01,7052.695
1,SA TOTAL,SA,0,2015-04-01,6737.937
1,SA TOTAL,SA,0,2015-05-01,6322.221
1,SA TOTAL,SA,0,2015-06-01,6126.344
1,SA TOTAL,SA,0,2015-07-01,6000.27
1,SA TOTAL,SA,0,2015-08-01,5920.447
1,SA TOTAL,SA,0,2015-09-01,6419.034
1,SA TOTAL,SA,0,2015-10-01,6569.297
1,SA TOTAL,SA,0,2015-11-01,6627.489
1,SA TOTAL,SA,0,2015-12-01,6695.007
1,SA TOTAL,SA,0,2016-01-01,6592.946
1,SA TOTAL,SA,0,2016-02-01,6676.724
1,SA TOTAL,SA,0,2016-03-01,6689.439
1,SA TOTAL,SA,0,2016-04-01,6894.929
1,SA TOTAL,SA,0,2016-05-01,6905.423
1,SA TOTAL,SA,0,2016-06-01,7500.451
1,SA TOTAL,SA,0,2016-07-01,7181.394
1,SA TOTAL,SA,0,2016-08-01,7326.674
1,SA TOTAL,SA,0,2016-09-01,7096.933
1,SA TOTAL,SA,0,2016-10-01,7175.563
1,SA TOTAL,SA,0,2016-11-01,7282.042
1,SA TOTAL,SA,0,2016-12-01,7328.62
1,SA TOTAL,SA,0,2017-01-01,7413.293
1,SA TOTAL,SA,0,2017-02-01,7756.781
1,SA TOTAL,SA,0,2017-03-01,7809.925
1,SA TOTAL,SA,0,2017-04-01,7976.209
1,SA TOTAL,SA,0,2017-05-01,8007.819
1,SA TOTAL,SA,0,2017-06-01,8145.896
1,SA TOTAL,SA,0,2017-07-01,7865.742
1,SA TOTAL,SA,0,2017-08-01,7652.684
1,SA TOTAL,SA,0,2017-09-01,7674.885
1,SA TOTAL,SA,0,2017-10-01,7673.629
1,SA TOTAL,SA,0,2017-11-01,7701.46
1,SA TOTAL,SA,0,2017-12-01,7794.989
1,SA TOTAL,SA,0,2018-01-01,7770.985
1,SA TOTAL,SA,0,2018-02-01,7746.523
1,SA TOTAL,SA,0,2018-03-01,7978.667
1,SA TOTAL,SA,0,2018-04-01,7952.574
1,SA TOTAL,SA,0,2018-05-01,7850.658
1,SA TOTAL,SA,0,2018-06-01,7716.85
1,SA TOTAL,SA,0,2018-07-01,7641.697
1,SA TOTAL,SA,0,2018-08-01,7561.313
1,SA TOTAL,SA,0,2018-09-01,7485.018
1,SA TOTAL,SA,0,2018-10-01,7348.275
1,SA TOTAL,SA,0,2018-11-01,7616.143
1,SA TOTAL,SA,0,2018-12-01,7580.085
1,SA TOTAL,SA,0,2019-01-01,8141.252
1,SA TOTAL,SA,0,2019-02-01,7864.84
1,SA TOTAL,SA,0,2019-03-01,7687.598
1,SA TOTAL,SA,0,2019-04-01,7807.565
1,SA TOTAL,SA,0,2019-05-01,7847.002
1,SA TOTAL,SA,0,2019-06-01,7541.285
1,SA TOTAL,SA,0,2019-07-01,7887.893
1,SA TOTAL,SA,0,2019-08-01,7527.944
1,SA TOTAL,SA,0,2019-09-01,7500.259
1,SA TOTAL,SA,0,2019-10-01,7531.296
1,SA TOTAL,SA,0,2019-11-01,7260.139
1,SA TOTAL,SA,0,2019-12-01,7338.738
1,SA TOTAL,SA,0,2020-01-01,7971.202
1,SA TOTAL,SA,0,2020-02-01,7496.44
1,SA TOTAL,SA,0,2020-03-01,5318.866
1,SA TOTAL,SA,0,2020-04-01,3668.849
1,SA TOTAL,SA,0,2020-05-01,4926.806
1,SA TOTAL,SA,0,2020-06-01,6536.836
1,SA TOTAL,SA,0,2020-07-01,7737.714
1,SA TOTAL,SA,0,2020-08-01,8327.618
1,SA TOTAL,SA,0,2020-09-01,8503.758
1,SA TOTAL,SA,0,2020-10-01,8941.278
1,SA TOTAL,SA,0,2020-11-01,9122.098
1,SA TOTAL,SA,0,2020-12-01,9908.059
1,SA TOTAL,SA,0,2021-01-01,10138.618
1,SA TOTAL,SA,0,2021-02-01,11067.363
1,SA TOTAL,SA,0,2021-03-01,12178.177
1,SA TOTAL,SA,0,2021-04-01,11826.705
1,SA TOTAL,SA,0,2021-05-01,12162.376
1,SA TOTAL,SA,0,2021-06-01,12296.736
1,SA TOTAL,SA,0,2021-07-01,12015.589
1,SA TOTAL,SA,0,2021-08-01,12457.215
1,SA TOTAL,SA,0,2021-09-01,13269.595
1,SA TOTAL,SA,0,2021-10-01,13078.715
1,SA TOTAL,SA,0,2021-11-01,13675.545
1,SA TOTAL,SA,0,2021-12-01,13624.413
1,SA TOTAL,SA,0,2022-01-01,13326.302
1,SA TOTAL,SA,0,2022-02-01,14016.004
1,SA TOTAL,SA,0,2022-03-01,14494.388
1,SA TOTAL,SA,0,2022-04-01,14620.163
1,SA TOTAL,SA,0,2022-05-01,14905.329
1,SA TOTAL,SA,0,2022-06-01,15618.64
1,SA TOTAL,SA,0,2022-07-01,15702.868
1,SA TOTAL,SA,0,2022-08-01,15749.038
1,SA TOTAL,SA,0,2022-09-01,14475.264
1,SA TOTAL,SA,0,2022-10-01,14932.824
1,SA TOTAL,SA,0,2022-11-01,14466.968
1,SA TOTAL,SA,0,2022-12-01,14443.417
1,SA TOTAL,SA,0,2023-01-01,15174.653
1,SA TOTAL,SA,0,2023-02-01,15317.7
1,SA TOTAL,SA,0,2023-03-01,15027.584
1,SA TOTAL,SA,0,2023-04-01,16205.181
1,SA TOTAL,SA,0,2023-05-01,15497.154
1,SA TOTAL,SA,0,2023-06-01,15482.17
1,SA TOTAL,SA,0,2023-07-01,15117.336
1,SA TOTAL,SA,0,2023-08-01,14658.822
1,SA TOTAL,SA,0,2023-09-01,14641.825
1,SA TOTAL,SA,0,2023-10-01,14688.96
1,SA TOTAL,SA,0,2023-11-01,14961.842
1,SA TOTAL,SA,0,2023-12-01,15298.689
1,SA TOTAL,SA,0,2024-01-01,14947.611
1,SA TOTAL,SA,0,2024-02-01,14720.853
1,SA TOTAL,SA,0,2024-03-01,14603.876
1,SA TOTAL,SA,0,2024-04-01,14118.798
1,SA TOTAL,SA,0,2024-05-01,14378.038
1,SA TOTAL,SA,0,2024-06-01,13714.436
1,SA TOTAL,SA,0,2024-07-01,12900.262
1,SA TOTAL,SA,0,2024-08-01,14010.863
1,SA TOTAL,SA,0,2024-09-01,14153.341
1,SA TOTAL,SA,0,2024-10-01,13945.567
1,SA TOTAL,SA,0,2024-11-01,13978.716
1,SA TOTAL,SA,0,2024-12-01,13549.007
1,SA TOTAL,SA,0,2025-01-01,14488.539
1,SA TOTAL,SA,0,2025-02-01,13600.115
1,SA TOTAL,SA,0,2025-03-01,13600.383
1,SA TOTAL,SA,0,2025-04-01,14136.379
1,SA TOTAL,SA,0,2025-05-01,13931.337
1,SA TOTAL,SA,0,2025-06-01,14055.288
1,SA TOTAL,SA,0,2025-07-01,13900.839
1,SA TOTAL,SA,0,2025-08-01,13530.133
1,SA TOTAL,SA,0,2025-09-01,13628.96
1,SA TOTAL,SA,0,2025-10-01,13913.782
1,SA TOTAL,SA,0,2025-11-01,13969.899
1,SA TOTAL,SA,0,2025-12-01,14057.61
1,SA TOTAL,SA,0,2026-01-01,14464.059
1,SA TOTAL,SA,0,2026-02-01,14120.234
1,SA TOTAL,SA,0,2026-03-01,14471.419
1,SA TOTAL,SA,0,2026-04-01,14600.032
1,SA TOTAL,SA,0,2026-05-01,13597.045
1,SA TOTAL,SA,0,2026-06-01,14031.723
1,SA TOTAL,SA,0,2026-07-01,14294.117
2,SA skill level 1,SA,1,2006-01-01,2706.397
2,SA skill level 1,SA,1,2006-02-01,2762.561
2,SA skill level 1,SA,1,2006-03-01,2919.748
2,SA skill level 1,SA,1,2006-04-01,2886.434
2,SA skill level 1,SA,1,2006-05-01,2839.167
2,SA skill level 1,SA,1,2006-06-01,3139.211
2,SA skill level 1,SA,1,2006-07-01,2899.67
2,SA skill level 1,SA,1,2006-08-01,2863.504
2,SA skill level 1,SA,1,2006-09-01,2679.875
2,SA skill level 1,SA,1,2006-10-01,3037.412
2,SA skill level 1,SA,1,2006-11-01,2954.17
2,SA skill level 1,SA,1,2006-12-01,3063.262
2,SA skill level 1,SA,1,2007-01-01,3223.99
2,SA skill level 1,SA,1,2007-02-01,3305.19
2,SA skill level 1,SA,1,2007-03-01,3433.42
2,SA skill level 1,SA,1,2007-04-01,3413.626
2,SA skill level 1,SA,1,2007-05-01,3514.74
2,SA skill level 1,SA,1,2007-06-01,3579.431
2,SA skill level 1,SA,1,2007-07-01,4015.98
2,SA skill level 1,SA,1,2007-08-01,3904.676
2,SA skill level 1,SA,1,2007-09-01,4038.088
2,SA skill level 1,SA,1,2007-10-01,4080.53
2,SA skill level 1,SA,1,2007-11-01,4182.159
2,SA skill level 1,SA,1,2007-12-01,4394.539
2,SA skill level 1,SA,1,2008-01-01,4327.264
2,SA skill level 1,SA,1,2008-02-01,4505.462
2,SA skill level 1,SA,1,2008-03-01,4575.437
2,SA skill level 1,SA,1,2008-04-01,4668.831
2,SA skill level 1,SA,1,2008-05-01,4655.814
2,SA skill level 1,SA,1,2008-06-01,4702.859
2,SA skill level 1,SA,1,2008-07-01,4335.198
2,SA skill level 1,SA,1,2008-08-01,4214.573
2,SA skill level 1,SA,1,2008-09-01,4004.643
2,SA skill level 1,SA,1,2008-10-01,4031.939
2,SA skill level 1,SA,1,2008-11-01,4115.367
2,SA skill level 1,SA,1,2008-12-01,3910.618
2,SA skill level 1,SA,1,2009-01-01,3244.83
2,SA skill level 1,SA,1,2009-02-01,3015.949
2,SA skill level 1,SA,1,2009-03-01,2723.514
2,SA skill level 1,SA,1,2009-04-01,2683.535
2,SA skill level 1,SA,1,2009-05-01,2630.847
2,SA skill level 1,SA,1,2009-06-01,2680.685
2,SA skill level 1,SA,1,2009-07-01,2675.812
2,SA skill level 1,SA,1,2009-08-01,2783.368
2,SA skill level 1,SA,1,2009-09-01,2740.974
2,SA skill level 1,SA,1,2009-10-01,2590.362
2,SA skill level 1,SA,1,2009-11-01,2710.871
2,SA skill level 1,SA,1,2009-12-01,2658.554
2,SA skill level 1,SA,1,2010-01-01,2884.974
2,SA skill level 1,SA,1,2010-02-01,2816.138
2,SA skill level 1,SA,1,2010-03-01,2670.832
2,SA skill level 1,SA,1,2010-04-01,2722.682
2,SA skill level 1,SA,1,2010-05-01,2939.139
2,SA skill level 1,SA,1,2010-06-01,2819.538
2,SA skill level 1,SA,1,2010-07-01,2791.808
2,SA skill level 1,SA,1,2010-08-01,2873.892
2,SA skill level 1,SA,1,2010-09-01,2804.546
2,SA skill level 1,SA,1,2010-10-01,3061.689
2,SA skill level 1,SA,1,2010-11-01,3025.543
2,SA skill level 1,SA,1,2010-12-01,3025.566
2,SA skill level 1,SA,1,2011-01-01,3229.566
2,SA skill level 1,SA,1,2011-02-01,3179.192
2,SA skill level 1,SA,1,2011-03-01,3166.692
2,SA skill level 1,SA,1,2011-04-01,3332.519
2,SA skill level 1,SA,1,2011-05-01,3195.527
2,SA skill level 1,SA,1,2011-06-01,3055.729
2,SA skill level 1,SA,1,2011-07-01,3173.755
2,SA skill level 1,SA,1,2011-08-01,2952.56
2,SA skill level 1,SA,1,2011-09-01,3035.241
2,SA skill level 1,SA,1,2011-10-01,2937.983
2,SA skill level 1,SA,1,2011-11-01,2976.804
2,SA skill level 1,SA,1,2011-12-01,2923.746
2,SA skill level 1,SA,1,2012-01-01,2888.239
2,SA skill level 1,SA,1,2012-02-01,2778.879
2,SA skill level 1,SA,1,2012-03-01,2880.027
2,SA skill level 1,SA,1,2012-04-01,2755.272
2,SA skill level 1,SA,1,2012-05-01,2615.347
2,SA skill level 1,SA,1,2012-06-01,2590.414
2,SA skill level 1,SA,1,2012-07-01,2480.062
2,SA skill level 1,SA,1,2012-08-01,2507.796
2,SA skill level 1,SA,1,2012-09-01,2462.678
2,SA skill level 1,SA,1,2012-10-01,2315.622
2,SA skill level 1,SA,1,2012-11-01,2091.226
2,SA skill level 1,SA,1,2012-12-01,2158.477
2,SA skill level 1,SA,1,2013-01-01,1972.341
2,SA skill level 1,SA,1,2013-02-01,1981.238
2,SA skill level 1,SA,1,2013-03-01,2037.502
2,SA skill level 1,SA,1,2013-04-01,1941.998
2,SA skill level 1,SA,1,2013-05-01,1921.687
2,SA skill level 1,SA,1,2013-06-01,1998.678
2,SA skill level 1,SA,1,2013-07-01,1901.596
2,SA skill level 1,SA,1,2013-08-01,1829.062
2,SA skill level 1,SA,1,2013-09-01,1815.082
2,SA skill level 1,SA,1,2013-10-01,1765.702
2,SA skill level 1,SA,1,2013-11-01,1837.315
2,SA skill level 1,SA,1,2013-12-01,1746.344
2,SA skill level 1,SA,1,2014-01-01,2020.306
2,SA skill level 1,SA,1,2014-02-01,1913.656
2,SA skill level 1,SA,1,2014-03-01,1848.735
2,SA skill level 1,SA,1,2014-04-01,1763.765
2,SA skill level 1,SA,1,2014-05-01,1916.694
2,SA skill level 1,SA,1,2014-06-01,1857.715
2,SA skill level 1,SA,1,2014-07-01,1983.435
2,SA skill level 1,SA,1,2014-08-01,2010.469
2,SA skill level 1,SA,1,2014-09-01,2060.344
2,SA skill level 1,SA,1,2014-10-01,1985.377
2,SA skill level 1,SA,1,2014-11-01,1924.865
2,SA skill level 1,SA,1,2014-12-01,1824.153
2,SA skill level 1,SA,1,2015-01-01,1862.665
2,SA skill level 1,SA,1,2015-02-01,1936.199
2,SA skill level 1,SA,1,2015-03-01,1947.358
2,SA skill level 1,SA,1,2015-04-01,1991.246
2,SA skill level 1,SA,1,2015-05-01,1792.295
2,SA skill level 1,SA,1,2015-06-01,1844.686
2,SA skill level 1,SA,1,2015-07-01,1888.82
2,SA skill level 1,SA,1,2015-08-01,1863.753
2,SA skill level 1,SA,1,2015-09-01,1916.857
2,SA skill level 1,SA,1,2015-10-01,1908.161
2,SA skill level 1,SA,1,2015-11-01,2018.373
2,SA skill level 1,SA,1,2015-12-01,1960.391
2,SA skill level 1,SA,1,2016-01-01,1920.582
2,SA skill level 1,SA,1,2016-02-01,1936.087
2,SA skill level 1,SA,1,2016-03-01,1908.156
2,SA skill level 1,SA,1,2016-04-01,1985.36
2,SA skill level 1,SA,1,2016-05-01,2075.438
2,SA skill level 1,SA,1,2016-06-01,2171.118
2,SA skill level 1,SA,1,2016-07-01,2037.244
2,SA skill level 1,SA,1,2016-08-01,2083.347
2,SA skill level 1,SA,1,2016-09-01,2055.922
2,SA skill level 1,SA,1,2016-10-01,2092.905
2,SA skill level 1,SA,1,2016-11-01,2039.586
2,SA skill level 1,SA,1,2016-12-01,2180.939
2,SA skill level 1,SA,1,2017-01-01,2236.693
2,SA skill level 1,SA,1,2017-02-01,2284.972
2,SA skill level 1,SA,1,2017-03-01,2214.202
2,SA skill level 1,SA,1,2017-04-01,2302.815
2,SA skill level 1,SA,1,2017-05-01,2273.418
2,SA skill level 1,SA,1,2017-06-01,2394.047
2,SA skill level 1,SA,1,2017-07-01,2335.949
2,SA skill level 1,SA,1,2017-08-01,2338.967
2,SA skill level 1,SA,1,2017-09-01,2400.75
2,SA skill level 1,SA,1,2017-10-01,2491.554
2,SA skill level 1,SA,1,2017-11-01,2490.589
2,SA skill level 1,SA,1,2017-12-01,2544.323
2,SA skill level 1,SA,1,2018-01-01,2601.344
2,SA skill level 1,SA,1,2018-02-01,2521.591
2,SA skill level 1,SA,1,2018-03-01,2606.064
2,SA skill level 1,SA,1,2018-04-01,2657.915
2,SA skill level 1,SA,1,2018-05-01,2655.378
2,SA skill level 1,SA,1,2018-06-01,2612.045
2,SA skill level 1,SA,1,2018-07-01,2414.388
2,SA skill level 1,SA,1,2018-08-01,2466.274
2,SA skill level 1,SA,1,2018-09-01,2441.444
2,SA skill level 1,SA,1,2018-10-01,2431.962
2,SA skill level 1,SA,1,2018-11-01,2686.134
2,SA skill level 1,SA,1,2018-12-01,2531
2,SA skill level 1,SA,1,2019-01-01,2852.424
2,SA skill level 1,SA,1,2019-02-01,2716.427
2,SA skill level 1,SA,1,2019-03-01,2699.936
2,SA skill level 1,SA,1,2019-04-01,2843.534
2,SA skill level 1,SA,1,2019-05-01,2827.408
2,SA skill level 1,SA,1,2019-06-01,2624.168
2,SA skill level 1,SA,1,2019-07-01,2778.984
2,SA skill level 1,SA,1,2019-08-01,2672.197
2,SA skill level 1,SA,1,2019-09-01,2719.547
2,SA skill level 1,SA,1,2019-10-01,2789.915
2,SA skill level 1,SA,1,2019-11-01,2553.369
2,SA skill level 1,SA,1,2019-12-01,2781.934
2,SA skill level 1,SA,1,2020-01-01,2865.842
2,SA skill level 1,SA,1,2020-02-01,2779.182
2,SA skill level 1,SA,1,2020-03-01,1872.706
2,SA skill level 1,SA,1,2020-04-01,1351.34
2,SA skill level 1,SA,1,2020-05-01,1734.356
2,SA skill level 1,SA,1,2020-06-01,2045.122
2,SA skill level 1,SA,1,2020-07-01,2361.219
2,SA skill level 1,SA,1,2020-08-01,2579.584
2,SA skill level 1,SA,1,2020-09-01,2689.208
2,SA skill level 1,SA,1,2020-10-01,2766.011
2,SA skill level 1,SA,1,2020-11-01,2954.062
2,SA skill level 1,SA,1,2020-12-01,3206.414
2,SA skill level 1,SA,1,2021-01-01,3042.083
2,SA skill level 1,SA,1,2021-02-01,3353.356
2,SA skill level 1,SA,1,2021-03-01,3838.859
2,SA skill level 1,SA,1,2021-04-01,3631.28
2,SA skill level 1,SA,1,2021-05-01,3829.855
2,SA skill level 1,SA,1,2021-06-01,4024.695
2,SA skill level 1,SA,1,2021-07-01,4128.829
2,SA skill level 1,SA,1,2021-08-01,4255.419
2,SA skill level 1,SA,1,2021-09-01,4367.013
2,SA skill level 1,SA,1,2021-10-01,4235.233
2,SA skill level 1,SA,1,2021-11-01,4469.564
2,SA skill level 1,SA,1,2021-12-01,4459.306
2,SA skill level 1,SA,1,2022-01-01,4361.374
2,SA skill level 1,SA,1,2022-02-01,4652.429
2,SA skill level 1,SA,1,2022-03-01,4825.208
2,SA skill level 1,SA,1,2022-04-01,4595.12
2,SA skill level 1,SA,1,2022-05-01,4846.309
2,SA skill level 1,SA,1,2022-06-01,5125.555
2,SA skill level 1,SA,1,2022-07-01,5231.519
2,SA skill level 1,SA,1,2022-08-01,5250.577
2,SA skill level 1,SA,1,2022-09-01,4835.654
2,SA skill level 1,SA,1,2022-10-01,5049.16
2,SA skill level 1,SA,1,2022-11-01,4795.587
2,SA skill level 1,SA,1,2022-12-01,4719.646
2,SA skill level 1,SA,1,2023-01-01,4863.193
2,SA skill level 1,SA,1,2023-02-01,5168.494
2,SA skill level 1,SA,1,2023-03-01,5136.405
2,SA skill level 1,SA,1,2023-04-01,5547.761
2,SA skill level 1,SA,1,2023-05-01,5449.583
2,SA skill level 1,SA,1,2023-06-01,5565.31
2,SA skill level 1,SA,1,2023-07-01,5249.639
2,SA skill level 1,SA,1,2023-08-01,5273.465
2,SA skill level 1,SA,1,2023-09-01,5383.694
2,SA skill level 1,SA,1,2023-10-01,5325.436
2,SA skill level 1,SA,1,2023-11-01,5434.26
2,SA skill level 1,SA,1,2023-12-01,5263.316
2,SA skill level 1,SA,1,2024-01-01,5611.058
2,SA skill level 1,SA,1,2024-02-01,5278.529
2,SA skill level 1,SA,1,2024-03-01,5328.315
2,SA skill level 1,SA,1,2024-04-01,5273.208
2,SA skill level 1,SA,1,2024-05-01,5210.128
2,SA skill level 1,SA,1,2024-06-01,4941.922
2,SA skill level 1,SA,1,2024-07-01,4437.886
2,SA skill level 1,SA,1,2024-08-01,4957.684
2,SA skill level 1,SA,1,2024-09-01,4991.573
2,SA skill level 1,SA,1,2024-10-01,4978.069
2,SA skill level 1,SA,1,2024-11-01,4902.961
2,SA skill level 1,SA,1,2024-12-01,4752.586
2,SA skill level 1,SA,1,2025-01-01,5172.113
2,SA skill level 1,SA,1,2025-02-01,4853.119
2,SA skill level 1,SA,1,2025-03-01,4608.214
2,SA skill level 1,SA,1,2025-04-01,4926.812
2,SA skill level 1,SA,1,2025-05-01,4916.7
2,SA skill level 1,SA,1,2025-06-01,4746.875
2,SA skill level 1,SA,1,2025-07-01,4871.515
2,SA skill level 1,SA,1,2025-08-01,4589.519
2,SA skill level 1,SA,1,2025-09-01,4690.935
2,SA skill level 1,SA,1,2025-10-01,4872.997
2,SA skill level 1,SA,1,2025-11-01,4843.524
2,SA skill level 1,SA,1,2025-12-01,4930.793
2,SA skill level 1,SA,1,2026-01-01,4996.218
2,SA skill level 1,SA,1,2026-02-01,4859.108
2,SA skill level 1,SA,1,2026-03-01,5057.394
2,SA skill level 1,SA,1,2026-04-01,5031.693
2,SA skill level 1,SA,1,2026-05-01,4696.72
2,SA skill level 1,SA,1,2026-06-01,4847.897
2,SA skill level 1,SA,1,2026-07-01,4742.375
2,SA skill level 2,SA,2,2006-01-01,1043.895
2,SA skill level 2,SA,2,2006-02-01,1051.132
2,SA skill level 2,SA,2,2006-03-01,1135.154
2,SA skill level 2,SA,2,2006-04-01,1102.66
2,SA skill level 2,SA,2,2006-05-01,1142.247
2,SA skill level 2,SA,2,2006-06-01,1174.612
2,SA skill level 2,SA,2,2006-07-01,1140.099
2,SA skill level 2,SA,2,2006-08-01,1156.395
2,SA skill level 2,SA,2,2006-09-01,1079.194
2,SA skill level 2,SA,2,2006-10-01,1145.189
2,SA skill level 2,SA,2,2006-11-01,1147.399
2,SA skill level 2,SA,2,2006-12-01,1179.761
2,SA skill level 2,SA,2,2007-01-01,1282.888
2,SA skill level 2,SA,2,2007-02-01,1290.512
2,SA skill level 2,SA,2,2007-03-01,1303.713
2,SA skill level 2,SA,2,2007-04-01,1316.873
2,SA skill level 2,SA,2,2007-05-01,1307.625
2,SA skill level 2,SA,2,2007-06-01,1230.931
2,SA skill level 2,SA,2,2007-07-01,1480.124
2,SA skill level 2,SA,2,2007-08-01,1464.571
2,SA skill level 2,SA,2,2007-09-01,1548.795
2,SA skill level 2,SA,2,2007-10-01,1503.418
2,SA skill level 2,SA,2,2007-11-01,1536.014
2,SA skill level 2,SA,2,2007-12-01,1573.507
2,SA skill level 2,SA,2,2008-01-01,1487.202
2,SA skill level 2,SA,2,2008-02-01,1554.517
2,SA skill level 2,SA,2,2008-03-01,1625.271
2,SA skill level 2,SA,2,2008-04-01,1613.566
2,SA skill level 2,SA,2,2008-05-01,1674.378
2,SA skill level 2,SA,2,2008-06-01,1571.733
2,SA skill level 2,SA,2,2008-07-01,1508.718
2,SA skill level 2,SA,2,2008-08-01,1357.24
2,SA skill level 2,SA,2,2008-09-01,1351.92
2,SA skill level 2,SA,2,2008-10-01,1390.249
2,SA skill level 2,SA,2,2008-11-01,1411.537
2,SA skill level 2,SA,2,2008-12-01,1400.321
2,SA skill level 2,SA,2,2009-01-01,1105.056
2,SA skill level 2,SA,2,2009-02-01,993.69
2,SA skill level 2,SA,2,2009-03-01,1002.044
2,SA skill level 2,SA,2,2009-04-01,1044.35
2,SA skill level 2,SA,2,2009-05-01,968.117
2,SA skill level 2,SA,2,2009-06-01,1064.012
2,SA skill level 2,SA,2,2009-07-01,1049.367
2,SA skill level 2,SA,2,2009-08-01,1087.043
2,SA skill level 2,SA,2,2009-09-01,1130.321
2,SA skill level 2,SA,2,2009-10-01,1086.972
2,SA skill level 2,SA,2,2009-11-01,1097.937
2,SA skill level 2,SA,2,2009-12-01,1088.417
2,SA skill level 2,SA,2,2010-01-01,1198.989
2,SA skill level 2,SA,2,2010-02-01,1255.813
2,SA skill level 2,SA,2,2010-03-01,1119.893
2,SA skill level 2,SA,2,2010-04-01,1097.137
2,SA skill level 2,SA,2,2010-05-01,1205.004
2,SA skill level 2,SA,2,2010-06-01,1099.833
2,SA skill level 2,SA,2,2010-07-01,1050.792
2,SA skill level 2,SA,2,2010-08-01,1122.494
2,SA skill level 2,SA,2,2010-09-01,1094.71
2,SA skill level 2,SA,2,2010-10-01,1136.091
2,SA skill level 2,SA,2,2010-11-01,1158.697
2,SA skill level 2,SA,2,2010-12-01,1220.535
2,SA skill level 2,SA,2,2011-01-01,1205.729
2,SA skill level 2,SA,2,2011-02-01,1204.928
2,SA skill level 2,SA,2,2011-03-01,1196.63
2,SA skill level 2,SA,2,2011-04-01,1190.551
2,SA skill level 2,SA,2,2011-05-01,1089.064
2,SA skill level 2,SA,2,2011-06-01,1086.381
2,SA skill level 2,SA,2,2011-07-01,1139.039
2,SA skill level 2,SA,2,2011-08-01,1106.161
2,SA skill level 2,SA,2,2011-09-01,1079.582
2,SA skill level 2,SA,2,2011-10-01,1062.217
2,SA skill level 2,SA,2,2011-11-01,930.975
2,SA skill level 2,SA,2,2011-12-01,1034.167
2,SA skill level 2,SA,2,2012-01-01,980.992
2,SA skill level 2,SA,2,2012-02-01,985.76
2,SA skill level 2,SA,2,2012-03-01,1055.513
2,SA skill level 2,SA,2,2012-04-01,969.011
2,SA skill level 2,SA,2,2012-05-01,949.834
2,SA skill level 2,SA,2,2012-06-01,884.847
2,SA skill level 2,SA,2,2012-07-01,938.326
2,SA skill level 2,SA,2,2012-08-01,795.249
2,SA skill level 2,SA,2,2012-09-01,837.371
2,SA skill level 2,SA,2,2012-10-01,776.345
2,SA skill level 2,SA,2,2012-11-01,788.214
2,SA skill level 2,SA,2,2012-12-01,727.11
2,SA skill level 2,SA,2,2013-01-01,738.832
2,SA skill level 2,SA,2,2013-02-01,713.166
2,SA skill level 2,SA,2,2013-03-01,710.007
2,SA skill level 2,SA,2,2013-04-01,685.692
2,SA skill level 2,SA,2,2013-05-01,733.14
2,SA skill level 2,SA,2,2013-06-01,722.527
2,SA skill level 2,SA,2,2013-07-01,719.586
2,SA skill level 2,SA,2,2013-08-01,761.615
2,SA skill level 2,SA,2,2013-09-01,744.225
2,SA skill level 2,SA,2,2013-10-01,789.678
2,SA skill level 2,SA,2,2013-11-01,748.71
2,SA skill level 2,SA,2,2013-12-01,756.478
2,SA skill level 2,SA,2,2014-01-01,753.13
2,SA skill level 2,SA,2,2014-02-01,753.167
2,SA skill level 2,SA,2,2014-03-01,732.268
2,SA skill level 2,SA,2,2014-04-01,798.895
2,SA skill level 2,SA,2,2014-05-01,784.554
2,SA skill level 2,SA,2,2014-06-01,818.396
2,SA skill level 2,SA,2,2014-07-01,757.322
2,SA skill level 2,SA,2,2014-08-01,820.673
2,SA skill level 2,SA,2,2014-09-01,825.172
2,SA skill level 2,SA,2,2014-10-01,790.393
2,SA skill level 2,SA,2,2014-11-01,801.813
2,SA skill level 2,SA,2,2014-12-01,793.255
2,SA skill level 2,SA,2,2015-01-01,827.146
2,SA skill level 2,SA,2,2015-02-01,740.18
2,SA skill level 2,SA,2,2015-03-01,813.928
2,SA skill level 2,SA,2,2015-04-01,773.183
2,SA skill level 2,SA,2,2015-05-01,784.749
2,SA skill level 2,SA,2,2015-06-01,764.57
2,SA skill level 2,SA,2,2015-07-01,801.277
2,SA skill level 2,SA,2,2015-08-01,758.33
2,SA skill level 2,SA,2,2015-09-01,827.122
2,SA skill level 2,SA,2,2015-10-01,781.572
2,SA skill level 2,SA,2,2015-11-01,789.743
2,SA skill level 2,SA,2,2015-12-01,775.65
2,SA skill level 2,SA,2,2016-01-01,761.869
2,SA skill level 2,SA,2,2016-02-01,790.819
2,SA skill level 2,SA,2,2016-03-01,795.314
2,SA skill level 2,SA,2,2016-04-01,845.782
2,SA skill level 2,SA,2,2016-05-01,810.895
2,SA skill level 2,SA,2,2016-06-01,855.762
2,SA skill level 2,SA,2,2016-07-01,807.709
2,SA skill level 2,SA,2,2016-08-01,837.677
2,SA skill level 2,SA,2,2016-09-01,798.03
2,SA skill level 2,SA,2,2016-10-01,790.644
2,SA skill level 2,SA,2,2016-11-01,814.398
2,SA skill level 2,SA,2,2016-12-01,813.793
2,SA skill level 2,SA,2,2017-01-01,797.203
2,SA skill level 2,SA,2,2017-02-01,861.175
2,SA skill level 2,SA,2,2017-03-01,810.759
2,SA skill level 2,SA,2,2017-04-01,906.402
2,SA skill level 2,SA,2,2017-05-01,856.468
2,SA skill level 2,SA,2,2017-06-01,837.09
2,SA skill level 2,SA,2,2017-07-01,880.071
2,SA skill level 2,SA,2,2017-08-01,855.511
2,SA skill level 2,SA,2,2017-09-01,859.624
2,SA skill level 2,SA,2,2017-10-01,856.726
2,SA skill level 2,SA,2,2017-11-01,902.188
2,SA skill level 2,SA,2,2017-12-01,866.166
2,SA skill level 2,SA,2,2018-01-01,896.131
2,SA skill level 2,SA,2,2018-02-01,886.967
2,SA skill level 2,SA,2,2018-03-01,930.901
2,SA skill level 2,SA,2,2018-04-01,863.369
2,SA skill level 2,SA,2,2018-05-01,859.241
2,SA skill level 2,SA,2,2018-06-01,838.641
2,SA skill level 2,SA,2,2018-07-01,841.372
2,SA skill level 2,SA,2,2018-08-01,862.302
2,SA skill level 2,SA,2,2018-09-01,846.742
2,SA skill level 2,SA,2,2018-10-01,831.695
2,SA skill level 2,SA,2,2018-11-01,803.16
2,SA skill level 2,SA,2,2018-12-01,875.67
2,SA skill level 2,SA,2,2019-01-01,910.943
2,SA skill level 2,SA,2,2019-02-01,853.974
2,SA skill level 2,SA,2,2019-03-01,825.879
2,SA skill level 2,SA,2,2019-04-01,831.243
2,SA skill level 2,SA,2,2019-05-01,840.561
2,SA skill level 2,SA,2,2019-06-01,822.782
2,SA skill level 2,SA,2,2019-07-01,830.848
2,SA skill level 2,SA,2,2019-08-01,789.399
2,SA skill level 2,SA,2,2019-09-01,750.681
2,SA skill level 2,SA,2,2019-10-01,789.743
2,SA skill level 2,SA,2,2019-11-01,769.895
2,SA skill level 2,SA,2,2019-12-01,775.79
2,SA skill level 2,SA,2,2020-01-01,827.205
2,SA skill level 2,SA,2,2020-02-01,758.826
2,SA skill level 2,SA,2,2020-03-01,575.18
2,SA skill level 2,SA,2,2020-04-01,343.49
2,SA skill level 2,SA,2,2020-05-01,474.704
2,SA skill level 2,SA,2,2020-06-01,670.73
2,SA skill level 2,SA,2,2020-07-01,801.402
2,SA skill level 2,SA,2,2020-08-01,783.772
2,SA skill level 2,SA,2,2020-09-01,919.961
2,SA skill level 2,SA,2,2020-10-01,988.306
2,SA skill level 2,SA,2,2020-11-01,936.055
2,SA skill level 2,SA,2,2020-12-01,1002.809
2,SA skill level 2,SA,2,2021-01-01,1097.335
2,SA skill level 2,SA,2,2021-02-01,1163.125
2,SA skill level 2,SA,2,2021-03-01,1352.252
2,SA skill level 2,SA,2,2021-04-01,1257.656
2,SA skill level 2,SA,2,2021-05-01,1294.067
2,SA skill level 2,SA,2,2021-06-01,1292.403
2,SA skill level 2,SA,2,2021-07-01,1243.634
2,SA skill level 2,SA,2,2021-08-01,1267.565
2,SA skill level 2,SA,2,2021-09-01,1337.245
2,SA skill level 2,SA,2,2021-10-01,1334.045
2,SA skill level 2,SA,2,2021-11-01,1443.988
2,SA skill level 2,SA,2,2021-12-01,1409.821
2,SA skill level 2,SA,2,2022-01-01,1332.017
2,SA skill level 2,SA,2,2022-02-01,1397.744
2,SA skill level 2,SA,2,2022-03-01,1465.82
2,SA skill level 2,SA,2,2022-04-01,1479.521
2,SA skill level 2,SA,2,2022-05-01,1539.672
2,SA skill level 2,SA,2,2022-06-01,1609.56
2,SA skill level 2,SA,2,2022-07-01,1604.292
2,SA skill level 2,SA,2,2022-08-01,1686.447
2,SA skill level 2,SA,2,2022-09-01,1484.672
2,SA skill level 2,SA,2,2022-10-01,1447.724
2,SA skill level 2,SA,2,2022-11-01,1418.091
2,SA skill level 2,SA,2,2022-12-01,1479.51
2,SA skill level 2,SA,2,2023-01-01,1529.985
2,SA skill level 2,SA,2,2023-02-01,1583.323
2,SA skill level 2,SA,2,2023-03-01,1569.406
2,SA skill level 2,SA,2,2023-04-01,1689.937
2,SA skill level 2,SA,2,2023-05-01,1598.439
2,SA skill level 2,SA,2,2023-06-01,1617.027
2,SA skill level 2,SA,2,2023-07-01,1618.469
2,SA skill level 2,SA,2,2023-08-01,1542.708
2,SA skill level 2,SA,2,2023-09-01,1535.387
2,SA skill level 2,SA,2,2023-10-01,1556.607
2,SA skill level 2,SA,2,2023-11-01,1667.578
2,SA skill level 2,SA,2,2023-12-01,1812.717
2,SA skill level 2,SA,2,2024-01-01,1523.263
2,SA skill level 2,SA,2,2024-02-01,1619.328
2,SA skill level 2,SA,2,2024-03-01,1563.111
2,SA skill level 2,SA,2,2024-04-01,1551.826
2,SA skill level 2,SA,2,2024-05-01,1576.695
2,SA skill level 2,SA,2,2024-06-01,1476.784
2,SA skill level 2,SA,2,2024-07-01,1377.202
2,SA skill level 2,SA,2,2024-08-01,1550.435
2,SA skill level 2,SA,2,2024-09-01,1660.288
2,SA skill level 2,SA,2,2024-10-01,1638.357
2,SA skill level 2,SA,2,2024-11-01,1645.335
2,SA skill level 2,SA,2,2024-12-01,1573.39
2,SA skill level 2,SA,2,2025-01-01,1703.76
2,SA skill level 2,SA,2,2025-02-01,1602.561
2,SA skill level 2,SA,2,2025-03-01,1688.731
2,SA skill level 2,SA,2,2025-04-01,1698.803
2,SA skill level 2,SA,2,2025-05-01,1721.486
2,SA skill level 2,SA,2,2025-06-01,1749.216
2,SA skill level 2,SA,2,2025-07-01,1607.42
2,SA skill level 2,SA,2,2025-08-01,1624.483
2,SA skill level 2,SA,2,2025-09-01,1592.454
2,SA skill level 2,SA,2,2025-10-01,1707.786
2,SA skill level 2,SA,2,2025-11-01,1624.981
2,SA skill level 2,SA,2,2025-12-01,1665.35
2,SA skill level 2,SA,2,2026-01-01,1687.217
2,SA skill level 2,SA,2,2026-02-01,1677.965
2,SA skill level 2,SA,2,2026-03-01,1673.054
2,SA skill level 2,SA,2,2026-04-01,1681.68
2,SA skill level 2,SA,2,2026-05-01,1549.833
2,SA skill level 2,SA,2,2026-06-01,1615.22
2,SA skill level 2,SA,2,2026-07-01,1698.764
2,SA skill level 3,SA,3,2006-01-01,1951.042
2,SA skill level 3,SA,3,2006-02-01,1877.177
2,SA skill level 3,SA,3,2006-03-01,1961.322
2,SA skill level 3,SA,3,2006-04-01,1910.615
2,SA skill level 3,SA,3,2006-05-01,1853.479
2,SA skill level 3,SA,3,2006-06-01,1921.285
2,SA skill level 3,SA,3,2006-07-01,1972.489
2,SA skill level 3,SA,3,2006-08-01,2009.705
2,SA skill level 3,SA,3,2006-09-01,1868.056
2,SA skill level 3,SA,3,2006-10-01,1935.615
2,SA skill level 3,SA,3,2006-11-01,1753.177
2,SA skill level 3,SA,3,2006-12-01,1960.47
2,SA skill level 3,SA,3,2007-01-01,1957.061
2,SA skill level 3,SA,3,2007-02-01,2082.656
2,SA skill level 3,SA,3,2007-03-01,2091.242
2,SA skill level 3,SA,3,2007-04-01,2045.242
2,SA skill level 3,SA,3,2007-05-01,2109.194
2,SA skill level 3,SA,3,2007-06-01,1866.5
2,SA skill level 3,SA,3,2007-07-01,2251.231
2,SA skill level 3,SA,3,2007-08-01,2069.442
2,SA skill level 3,SA,3,2007-09-01,2075.358
2,SA skill level 3,SA,3,2007-10-01,2045.815
2,SA skill level 3,SA,3,2007-11-01,2190.715
2,SA skill level 3,SA,3,2007-12-01,2300.588
2,SA skill level 3,SA,3,2008-01-01,2168.155
2,SA skill level 3,SA,3,2008-02-01,2213.877
2,SA skill level 3,SA,3,2008-03-01,2328.004
2,SA skill level 3,SA,3,2008-04-01,2395.166
2,SA skill level 3,SA,3,2008-05-01,2266.902
2,SA skill level 3,SA,3,2008-06-01,2278.051
2,SA skill level 3,SA,3,2008-07-01,2081.703
2,SA skill level 3,SA,3,2008-08-01,1971.04
2,SA skill level 3,SA,3,2008-09-01,2026.437
2,SA skill level 3,SA,3,2008-10-01,1823.877
2,SA skill level 3,SA,3,2008-11-01,1783.333
2,SA skill level 3,SA,3,2008-12-01,1565.896
2,SA skill level 3,SA,3,2009-01-01,1538.739
2,SA skill level 3,SA,3,2009-02-01,1389.232
2,SA skill level 3,SA,3,2009-03-01,1285.321
2,SA skill level 3,SA,3,2009-04-01,1297.318
2,SA skill level 3,SA,3,2009-05-01,1287.648
2,SA skill level 3,SA,3,2009-06-01,1642.407
2,SA skill level 3,SA,3,2009-07-01,1426.719
2,SA skill level 3,SA,3,2009-08-01,1503.975
2,SA skill level 3,SA,3,2009-09-01,1452.977
2,SA skill level 3,SA,3,2009-10-01,1668.235
2,SA skill level 3,SA,3,2009-11-01,1629.783
2,SA skill level 3,SA,3,2009-12-01,1676.664
2,SA skill level 3,SA,3,2010-01-01,1710.086
2,SA skill level 3,SA,3,2010-02-01,1963.2
2,SA skill level 3,SA,3,2010-03-01,1668.537
2,SA skill level 3,SA,3,2010-04-01,1618.423
2,SA skill level 3,SA,3,2010-05-01,1755.365
2,SA skill level 3,SA,3,2010-06-01,1670.11
2,SA skill level 3,SA,3,2010-07-01,1689.856
2,SA skill level 3,SA,3,2010-08-01,1654.571
2,SA skill level 3,SA,3,2010-09-01,1679.152
2,SA skill level 3,SA,3,2010-10-01,1618.606
2,SA skill level 3,SA,3,2010-11-01,1674.021
2,SA skill level 3,SA,3,2010-12-01,1624.197
2,SA skill level 3,SA,3,2011-01-01,1763.185
2,SA skill level 3,SA,3,2011-02-01,1741.99
2,SA skill level 3,SA,3,2011-03-01,1709.776
2,SA skill level 3,SA,3,2011-04-01,1711.383
2,SA skill level 3,SA,3,2011-05-01,1675.21
2,SA skill level 3,SA,3,2011-06-01,1625.959
2,SA skill level 3,SA,3,2011-07-01,1733.896
2,SA skill level 3,SA,3,2011-08-01,1633.24
2,SA skill level 3,SA,3,2011-09-01,1607.117
2,SA skill level 3,SA,3,2011-10-01,1408.996
2,SA skill level 3,SA,3,2011-11-01,1489.416
2,SA skill level 3,SA,3,2011-12-01,1578.442
2,SA skill level 3,SA,3,2012-01-01,1365.052
2,SA skill level 3,SA,3,2012-02-01,1460.847
2,SA skill level 3,SA,3,2012-03-01,1430.795
2,SA skill level 3,SA,3,2012-04-01,1406.016
2,SA skill level 3,SA,3,2012-05-01,1319.616
2,SA skill level 3,SA,3,2012-06-01,1311.03
2,SA skill level 3,SA,3,2012-07-01,1203.921
2,SA skill level 3,SA,3,2012-08-01,1235.754
2,SA skill level 3,SA,3,2012-09-01,1212.027
2,SA skill level 3,SA,3,2012-10-01,1170.272
2,SA skill level 3,SA,3,2012-11-01,1078.328
2,SA skill level 3,SA,3,2012-12-01,1044.235
2,SA skill level 3,SA,3,2013-01-01,1001.838
2,SA skill level 3,SA,3,2013-02-01,934.86
2,SA skill level 3,SA,3,2013-03-01,1064.157
2,SA skill level 3,SA,3,2013-04-01,964.157
2,SA skill level 3,SA,3,2013-05-01,1016.953
2,SA skill level 3,SA,3,2013-06-01,980.392
2,SA skill level 3,SA,3,2013-07-01,1038.672
2,SA skill level 3,SA,3,2013-08-01,910.282
2,SA skill level 3,SA,3,2013-09-01,1009.551
2,SA skill level 3,SA,3,2013-10-01,1034.91
2,SA skill level 3,SA,3,2013-11-01,1018.28
2,SA skill level 3,SA,3,2013-12-01,990.162
2,SA skill level 3,SA,3,2014-01-01,991.839
2,SA skill level 3,SA,3,2014-02-01,1034.618
2,SA skill level 3,SA,3,2014-03-01,979.349
2,SA skill level 3,SA,3,2014-04-01,1030.788
2,SA skill level 3,SA,3,2014-05-01,1056.878
2,SA skill level 3,SA,3,2014-06-01,1062.786
2,SA skill level 3,SA,3,2014-07-01,984.165
2,SA skill level 3,SA,3,2014-08-01,1061.782
2,SA skill level 3,SA,3,2014-09-01,1036.441
2,SA skill level 3,SA,3,2014-10-01,1012.167
2,SA skill level 3,SA,3,2014-11-01,996.894
2,SA skill level 3,SA,3,2014-12-01,1010.361
2,SA skill level 3,SA,3,2015-01-01,992.934
2,SA skill level 3,SA,3,2015-02-01,977.208
2,SA skill level 3,SA,3,2015-03-01,972.469
2,SA skill level 3,SA,3,2015-04-01,932.721
2,SA skill level 3,SA,3,2015-05-01,868.939
2,SA skill level 3,SA,3,2015-06-01,840.588
2,SA skill level 3,SA,3,2015-07-01,800.967
2,SA skill level 3,SA,3,2015-08-01,837.863
2,SA skill level 3,SA,3,2015-09-01,889.284
2,SA skill level 3,SA,3,2015-10-01,961.732
2,SA skill level 3,SA,3,2015-11-01,969.195
2,SA skill level 3,SA,3,2015-12-01,1017.083
2,SA skill level 3,SA,3,2016-01-01,1047.248
2,SA skill level 3,SA,3,2016-02-01,986.387
2,SA skill level 3,SA,3,2016-03-01,998.767
2,SA skill level 3,SA,3,2016-04-01,980.108
2,SA skill level 3,SA,3,2016-05-01,965.407
2,SA skill level 3,SA,3,2016-06-01,1071.07
2,SA skill level 3,SA,3,2016-07-01,1040.467
2,SA skill level 3,SA,3,2016-08-01,1007.737
2,SA skill level 3,SA,3,2016-09-01,993.485
2,SA skill level 3,SA,3,2016-10-01,981.451
2,SA skill level 3,SA,3,2016-11-01,1069.948
2,SA skill level 3,SA,3,2016-12-01,1022.046
2,SA skill level 3,SA,3,2017-01-01,1053.962
2,SA skill level 3,SA,3,2017-02-01,1128.342
2,SA skill level 3,SA,3,2017-03-01,1258.013
2,SA skill level 3,SA,3,2017-04-01,1228.869
2,SA skill level 3,SA,3,2017-05-01,1257.027
2,SA skill level 3,SA,3,2017-06-01,1213.449
2,SA skill level 3,SA,3,2017-07-01,1216.758
2,SA skill level 3,SA,3,2017-08-01,1252.534
2,SA skill level 3,SA,3,2017-09-01,1246.395
2,SA skill level 3,SA,3,2017-10-01,1111.694
2,SA skill level 3,SA,3,2017-11-01,1192.909
2,SA skill level 3,SA,3,2017-12-01,1224.524
2,SA skill level 3,SA,3,2018-01-01,1178.548
2,SA skill level 3,SA,3,2018-02-01,1138.574
2,SA skill level 3,SA,3,2018-03-01,1189.494
2,SA skill level 3,SA,3,2018-04-01,1265.719
2,SA skill level 3,SA,3,2018-05-01,1195.81
2,SA skill level 3,SA,3,2018-06-01,1209.031
2,SA skill level 3,SA,3,2018-07-01,1166.721
2,SA skill level 3,SA,3,2018-08-01,1154.449
2,SA skill level 3,SA,3,2018-09-01,1146.057
2,SA skill level 3,SA,3,2018-10-01,1160.295
2,SA skill level 3,SA,3,2018-11-01,1169.281
2,SA skill level 3,SA,3,2018-12-01,1156.811
2,SA skill level 3,SA,3,2019-01-01,1234.18
2,SA skill level 3,SA,3,2019-02-01,1216.518
2,SA skill level 3,SA,3,2019-03-01,1167.563
2,SA skill level 3,SA,3,2019-04-01,1090.465
2,SA skill level 3,SA,3,2019-05-01,1162.092
2,SA skill level 3,SA,3,2019-06-01,1112.513
2,SA skill level 3,SA,3,2019-07-01,1172.027
2,SA skill level 3,SA,3,2019-08-01,1107.477
2,SA skill level 3,SA,3,2019-09-01,1132.865
2,SA skill level 3,SA,3,2019-10-01,1105.833
2,SA skill level 3,SA,3,2019-11-01,1073.675
2,SA skill level 3,SA,3,2019-12-01,1072.5
2,SA skill level 3,SA,3,2020-01-01,1177.232
2,SA skill level 3,SA,3,2020-02-01,1119.558
2,SA skill level 3,SA,3,2020-03-01,731.853
2,SA skill level 3,SA,3,2020-04-01,561.728
2,SA skill level 3,SA,3,2020-05-01,739.458
2,SA skill level 3,SA,3,2020-06-01,1040.715
2,SA skill level 3,SA,3,2020-07-01,1145.222
2,SA skill level 3,SA,3,2020-08-01,1259.2
2,SA skill level 3,SA,3,2020-09-01,1275.96
2,SA skill level 3,SA,3,2020-10-01,1321.655
2,SA skill level 3,SA,3,2020-11-01,1399.016
2,SA skill level 3,SA,3,2020-12-01,1472.149
2,SA skill level 3,SA,3,2021-01-01,1584.536
2,SA skill level 3,SA,3,2021-02-01,1703.972
2,SA skill level 3,SA,3,2021-03-01,1830.571
2,SA skill level 3,SA,3,2021-04-01,1841.684
2,SA skill level 3,SA,3,2021-05-01,1817.557
2,SA skill level 3,SA,3,2021-06-01,1869.464
2,SA skill level 3,SA,3,2021-07-01,1632.166
2,SA skill level 3,SA,3,2021-08-01,1865.572
2,SA skill level 3,SA,3,2021-09-01,1936.812
2,SA skill level 3,SA,3,2021-10-01,1963.704
2,SA skill level 3,SA,3,2021-11-01,1940.008
2,SA skill level 3,SA,3,2021-12-01,1943.28
2,SA skill level 3,SA,3,2022-01-01,1944.149
2,SA skill level 3,SA,3,2022-02-01,2040.056
2,SA skill level 3,SA,3,2022-03-01,2083.153
2,SA skill level 3,SA,3,2022-04-01,2094.093
2,SA skill level 3,SA,3,2022-05-01,2181.298
2,SA skill level 3,SA,3,2022-06-01,2150.624
2,SA skill level 3,SA,3,2022-07-01,2151.98
2,SA skill level 3,SA,3,2022-08-01,2184.524
2,SA skill level 3,SA,3,2022-09-01,2132.021
2,SA skill level 3,SA,3,2022-10-01,2127.368
2,SA skill level 3,SA,3,2022-11-01,2159.364
2,SA skill level 3,SA,3,2022-12-01,2287.984
2,SA skill level 3,SA,3,2023-01-01,2312.819
2,SA skill level 3,SA,3,2023-02-01,2350.636
2,SA skill level 3,SA,3,2023-03-01,2319.978
2,SA skill level 3,SA,3,2023-04-01,2393.528
2,SA skill level 3,SA,3,2023-05-01,2479.481
2,SA skill level 3,SA,3,2023-06-01,2335.312
2,SA skill level 3,SA,3,2023-07-01,2323.808
2,SA skill level 3,SA,3,2023-08-01,2221.607
2,SA skill level 3,SA,3,2023-09-01,2147.076
2,SA skill level 3,SA,3,2023-10-01,2211.113
2,SA skill level 3,SA,3,2023-11-01,2217.481
2,SA skill level 3,SA,3,2023-12-01,2311.37
2,SA skill level 3,SA,3,2024-01-01,2127.379
2,SA skill level 3,SA,3,2024-02-01,2159.108
2,SA skill level 3,SA,3,2024-03-01,2048.849
2,SA skill level 3,SA,3,2024-04-01,1967.354
2,SA skill level 3,SA,3,2024-05-01,2149.875
2,SA skill level 3,SA,3,2024-06-01,1982.003
2,SA skill level 3,SA,3,2024-07-01,1948.201
2,SA skill level 3,SA,3,2024-08-01,2066.522
2,SA skill level 3,SA,3,2024-09-01,2061.718
2,SA skill level 3,SA,3,2024-10-01,2105.875
2,SA skill level 3,SA,3,2024-11-01,2022.9
2,SA skill level 3,SA,3,2024-12-01,1925.793
2,SA skill level 3,SA,3,2025-01-01,1990.709
2,SA skill level 3,SA,3,2025-02-01,1875.675
2,SA skill level 3,SA,3,2025-03-01,1933.133
2,SA skill level 3,SA,3,2025-04-01,2027.863
2,SA skill level 3,SA,3,2025-05-01,1951.631
2,SA skill level 3,SA,3,2025-06-01,2027.629
2,SA skill level 3,SA,3,2025-07-01,2011.16
2,SA skill level 3,SA,3,2025-08-01,1921.426
2,SA skill level 3,SA,3,2025-09-01,1977.54
2,SA skill level 3,SA,3,2025-10-01,1923.702
2,SA skill level 3,SA,3,2025-11-01,2016.867
2,SA skill level 3,SA,3,2025-12-01,2005.688
2,SA skill level 3,SA,3,2026-01-01,2109.559
2,SA skill level 3,SA,3,2026-02-01,1971.818
2,SA skill level 3,SA,3,2026-03-01,2163.848
2,SA skill level 3,SA,3,2026-04-01,2152.807
2,SA skill level 3,SA,3,2026-05-01,2049.56
2,SA skill level 3,SA,3,2026-06-01,2037.121
2,SA skill level 3,SA,3,2026-07-01,2074.997
2,SA skill level 4,SA,4,2006-01-01,3714.523
2,SA skill level 4,SA,4,2006-02-01,3795.18
2,SA skill level 4,SA,4,2006-03-01,3850.511
2,SA skill level 4,SA,4,2006-04-01,3833.653
2,SA skill level 4,SA,4,2006-05-01,3766.1
2,SA skill level 4,SA,4,2006-06-01,3853.9
2,SA skill level 4,SA,4,2006-07-01,3846.511
2,SA skill level 4,SA,4,2006-08-01,3951.666
2,SA skill level 4,SA,4,2006-09-01,3820.208
2,SA skill level 4,SA,4,2006-10-01,3993.235
2,SA skill level 4,SA,4,2006-11-01,3867.611
2,SA skill level 4,SA,4,2006-12-01,4011.109
2,SA skill level 4,SA,4,2007-01-01,4080.854
2,SA skill level 4,SA,4,2007-02-01,4041.793
2,SA skill level 4,SA,4,2007-03-01,4446.555
2,SA skill level 4,SA,4,2007-04-01,4236.038
2,SA skill level 4,SA,4,2007-05-01,4246.066
2,SA skill level 4,SA,4,2007-06-01,4158.656
2,SA skill level 4,SA,4,2007-07-01,4596.374
2,SA skill level 4,SA,4,2007-08-01,4459.094
2,SA skill level 4,SA,4,2007-09-01,4630.526
2,SA skill level 4,SA,4,2007-10-01,4487.477
2,SA skill level 4,SA,4,2007-11-01,4776.944
2,SA skill level 4,SA,4,2007-12-01,4648.408
2,SA skill level 4,SA,4,2008-01-01,4676.425
2,SA skill level 4,SA,4,2008-02-01,4739.17
2,SA skill level 4,SA,4,2008-03-01,4776.228
2,SA skill level 4,SA,4,2008-04-01,4761.819
2,SA skill level 4,SA,4,2008-05-01,4708.596
2,SA skill level 4,SA,4,2008-06-01,4643.868
2,SA skill level 4,SA,4,2008-07-01,4295.515
2,SA skill level 4,SA,4,2008-08-01,3897.857
2,SA skill level 4,SA,4,2008-09-01,4037.805
2,SA skill level 4,SA,4,2008-10-01,3905.571
2,SA skill level 4,SA,4,2008-11-01,3965.698
2,SA skill level 4,SA,4,2008-12-01,3516.957
2,SA skill level 4,SA,4,2009-01-01,3187.354
2,SA skill level 4,SA,4,2009-02-01,3020.174
2,SA skill level 4,SA,4,2009-03-01,2806.977
2,SA skill level 4,SA,4,2009-04-01,2768.428
2,SA skill level 4,SA,4,2009-05-01,2598.135
2,SA skill level 4,SA,4,2009-06-01,2971.647
2,SA skill level 4,SA,4,2009-07-01,2824.7
2,SA skill level 4,SA,4,2009-08-01,3015.142
2,SA skill level 4,SA,4,2009-09-01,3007.131
2,SA skill level 4,SA,4,2009-10-01,3112.953
2,SA skill level 4,SA,4,2009-11-01,3019.351
2,SA skill level 4,SA,4,2009-12-01,3035.492
2,SA skill level 4,SA,4,2010-01-01,3275.376
2,SA skill level 4,SA,4,2010-02-01,3309.921
2,SA skill level 4,SA,4,2010-03-01,2987.009
2,SA skill level 4,SA,4,2010-04-01,2815.996
2,SA skill level 4,SA,4,2010-05-01,2979.052
2,SA skill level 4,SA,4,2010-06-01,2910.133
2,SA skill level 4,SA,4,2010-07-01,3049.076
2,SA skill level 4,SA,4,2010-08-01,2948.045
2,SA skill level 4,SA,4,2010-09-01,2971.992
2,SA skill level 4,SA,4,2010-10-01,3009.037
2,SA skill level 4,SA,4,2010-11-01,3148.615
2,SA skill level 4,SA,4,2010-12-01,3205.419
2,SA skill level 4,SA,4,2011-01-01,3270.074
2,SA skill level 4,SA,4,2011-02-01,3222.93
2,SA skill level 4,SA,4,2011-03-01,3223.825
2,SA skill level 4,SA,4,2011-04-01,3207.556
2,SA skill level 4,SA,4,2011-05-01,3143.33
2,SA skill level 4,SA,4,2011-06-01,3007.806
2,SA skill level 4,SA,4,2011-07-01,2951.416
2,SA skill level 4,SA,4,2011-08-01,2897.104
2,SA skill level 4,SA,4,2011-09-01,2959.585
2,SA skill level 4,SA,4,2011-10-01,2812.749
2,SA skill level 4,SA,4,2011-11-01,2796.095
2,SA skill level 4,SA,4,2011-12-01,2823.642
2,SA skill level 4,SA,4,2012-01-01,2690.457
2,SA skill level 4,SA,4,2012-02-01,2764.011
2,SA skill level 4,SA,4,2012-03-01,2683.133
2,SA skill level 4,SA,4,2012-04-01,2706.065
2,SA skill level 4,SA,4,2012-05-01,2571.155
2,SA skill level 4,SA,4,2012-06-01,2575.86
2,SA skill level 4,SA,4,2012-07-01,2558.439
2,SA skill level 4,SA,4,2012-08-01,2448.875
2,SA skill level 4,SA,4,2012-09-01,2286.229
2,SA skill level 4,SA,4,2012-10-01,2225.781
2,SA skill level 4,SA,4,2012-11-01,1958.27
2,SA skill level 4,SA,4,2012-12-01,1916.703
2,SA skill level 4,SA,4,2013-01-01,2043.14
2,SA skill level 4,SA,4,2013-02-01,1953.133
2,SA skill level 4,SA,4,2013-03-01,1938.341
2,SA skill level 4,SA,4,2013-04-01,1800.762
2,SA skill level 4,SA,4,2013-05-01,1953.15
2,SA skill level 4,SA,4,2013-06-01,1864.543
2,SA skill level 4,SA,4,2013-07-01,2000.086
2,SA skill level 4,SA,4,2013-08-01,1898.355
2,SA skill level 4,SA,4,2013-09-01,1911.834
2,SA skill level 4,SA,4,2013-10-01,1916.091
2,SA skill level 4,SA,4,2013-11-01,1996.304
2,SA skill level 4,SA,4,2013-12-01,1871.978
2,SA skill level 4,SA,4,2014-01-01,1949.602
2,SA skill level 4,SA,4,2014-02-01,1899.698
2,SA skill level 4,SA,4,2014-03-01,1912.054
2,SA skill level 4,SA,4,2014-04-01,1890.812
2,SA skill level 4,SA,4,2014-05-01,1950.928
2,SA skill level 4,SA,4,2014-06-01,1991.147
2,SA skill level 4,SA,4,2014-07-01,1875.653
2,SA skill level 4,SA,4,2014-08-01,2089.525
2,SA skill level 4,SA,4,2014-09-01,1974.006
2,SA skill level 4,SA,4,2014-10-01,1931.785
2,SA skill level 4,SA,4,2014-11-01,1939.522
2,SA skill level 4,SA,4,2014-12-01,1953.084
2,SA skill level 4,SA,4,2015-01-01,1873.081
2,SA skill level 4,SA,4,2015-02-01,1912.672
2,SA skill level 4,SA,4,2015-03-01,1899.408
2,SA skill level 4,SA,4,2015-04-01,1768.09
2,SA skill level 4,SA,4,2015-05-01,1685.583
2,SA skill level 4,SA,4,2015-06-01,1639.799
2,SA skill level 4,SA,4,2015-07-01,1599.653
2,SA skill level 4,SA,4,2015-08-01,1581.875
2,SA skill level 4,SA,4,2015-09-01,1734.892
2,SA skill level 4,SA,4,2015-10-01,1779.999
2,SA skill level 4,SA,4,2015-11-01,1761.786
2,SA skill level 4,SA,4,2015-12-01,1804.864
2,SA skill level 4,SA,4,2016-01-01,1730.718
2,SA skill level 4,SA,4,2016-02-01,1784.031
2,SA skill level 4,SA,4,2016-03-01,1827.297
2,SA skill level 4,SA,4,2016-04-01,1865.588
2,SA skill level 4,SA,4,2016-05-01,1862.929
2,SA skill level 4,SA,4,2016-06-01,2132.323
2,SA skill level 4,SA,4,2016-07-01,1978.54
2,SA skill level 4,SA,4,2016-08-01,2080.29
2,SA skill level 4,SA,4,2016-09-01,1984.609
2,SA skill level 4,SA,4,2016-10-01,2026.883
2,SA skill level 4,SA,4,2016-11-01,2040.188
2,SA skill level 4,SA,4,2016-12-01,2019.884
2,SA skill level 4,SA,4,2017-01-01,2110.618
2,SA skill level 4,SA,4,2017-02-01,2124.199
2,SA skill level 4,SA,4,2017-03-01,2131.63
2,SA skill level 4,SA,4,2017-04-01,2244.512
2,SA skill level 4,SA,4,2017-05-01,2232.099
2,SA skill level 4,SA,4,2017-06-01,2261.499
2,SA skill level 4,SA,4,2017-07-01,2137.82
2,SA skill level 4,SA,4,2017-08-01,2024.739
2,SA skill level 4,SA,4,2017-09-01,2002.126
2,SA skill level 4,SA,4,2017-10-01,2027.721
2,SA skill level 4,SA,4,2017-11-01,1982.626
2,SA skill level 4,SA,4,2017-12-01,2023.452
2,SA skill level 4,SA,4,2018-01-01,2048.776
2,SA skill level 4,SA,4,2018-02-01,2058.76
2,SA skill level 4,SA,4,2018-03-01,2112.516
2,SA skill level 4,SA,4,2018-04-01,2126.089
2,SA skill level 4,SA,4,2018-05-01,2090.935
2,SA skill level 4,SA,4,2018-06-01,2003.934
2,SA skill level 4,SA,4,2018-07-01,2062.526
2,SA skill level 4,SA,4,2018-08-01,1974.795
2,SA skill level 4,SA,4,2018-09-01,2027.505
2,SA skill level 4,SA,4,2018-10-01,1928.09
2,SA skill level 4,SA,4,2018-11-01,1966.292
2,SA skill level 4,SA,4,2018-12-01,1966.048
2,SA skill level 4,SA,4,2019-01-01,2113.41
2,SA skill level 4,SA,4,2019-02-01,2023.47
2,SA skill level 4,SA,4,2019-03-01,1987.844
2,SA skill level 4,SA,4,2019-04-01,1975.3
2,SA skill level 4,SA,4,2019-05-01,1995.458
2,SA skill level 4,SA,4,2019-06-01,1920.642
2,SA skill level 4,SA,4,2019-07-01,1966.945
2,SA skill level 4,SA,4,2019-08-01,2000.856
2,SA skill level 4,SA,4,2019-09-01,1933.88
2,SA skill level 4,SA,4,2019-10-01,1934.478
2,SA skill level 4,SA,4,2019-11-01,1954.301
2,SA skill level 4,SA,4,2019-12-01,1876.627
2,SA skill level 4,SA,4,2020-01-01,2081.962
2,SA skill level 4,SA,4,2020-02-01,1896.17
2,SA skill level 4,SA,4,2020-03-01,1419.576
2,SA skill level 4,SA,4,2020-04-01,854.635
2,SA skill level 4,SA,4,2020-05-01,1273.149
2,SA skill level 4,SA,4,2020-06-01,1749.957
2,SA skill level 4,SA,4,2020-07-01,2134.024
2,SA skill level 4,SA,4,2020-08-01,2352.515
2,SA skill level 4,SA,4,2020-09-01,2300.843
2,SA skill level 4,SA,4,2020-10-01,2442.383
2,SA skill level 4,SA,4,2020-11-01,2438.052
2,SA skill level 4,SA,4,2020-12-01,2739.52
2,SA skill level 4,SA,4,2021-01-01,2806.741
2,SA skill level 4,SA,4,2021-02-01,3126.355
2,SA skill level 4,SA,4,2021-03-01,3362.384
2,SA skill level 4,SA,4,2021-04-01,3288.222
2,SA skill level 4,SA,4,2021-05-01,3319.197
2,SA skill level 4,SA,4,2021-06-01,3329.938
2,SA skill level 4,SA,4,2021-07-01,3275.648
2,SA skill level 4,SA,4,2021-08-01,3292.225
2,SA skill level 4,SA,4,2021-09-01,3614.79
2,SA skill level 4,SA,4,2021-10-01,3601.826
2,SA skill level 4,SA,4,2021-11-01,3788.666
2,SA skill level 4,SA,4,2021-12-01,3787.319
2,SA skill level 4,SA,4,2022-01-01,3615.309
2,SA skill level 4,SA,4,2022-02-01,3812.637
2,SA skill level 4,SA,4,2022-03-01,4050.467
2,SA skill level 4,SA,4,2022-04-01,4077.602
2,SA skill level 4,SA,4,2022-05-01,4286.455
2,SA skill level 4,SA,4,2022-06-01,4457.651
2,SA skill level 4,SA,4,2022-07-01,4449.494
2,SA skill level 4,SA,4,2022-08-01,4496.034
2,SA skill level 4,SA,4,2022-09-01,4071.724
2,SA skill level 4,SA,4,2022-10-01,4164.834
2,SA skill level 4,SA,4,2022-11-01,4008.943
2,SA skill level 4,SA,4,2022-12-01,3949.499
2,SA skill level 4,SA,4,2023-01-01,4215.875
2,SA skill level 4,SA,4,2023-02-01,4093.585
2,SA skill level 4,SA,4,2023-03-01,4013.037
2,SA skill level 4,SA,4,2023-04-01,4351.15
2,SA skill level 4,SA,4,2023-05-01,4033.332
2,SA skill level 4,SA,4,2023-06-01,4103.618
2,SA skill level 4,SA,4,2023-07-01,4093.791
2,SA skill level 4,SA,4,2023-08-01,3906.204
2,SA skill level 4,SA,4,2023-09-01,3878.59
2,SA skill level 4,SA,4,2023-10-01,3935.765
2,SA skill level 4,SA,4,2023-11-01,3964.921
2,SA skill level 4,SA,4,2023-12-01,4053.782
2,SA skill level 4,SA,4,2024-01-01,3943.808
2,SA skill level 4,SA,4,2024-02-01,3965.557
2,SA skill level 4,SA,4,2024-03-01,3888.648
2,SA skill level 4,SA,4,2024-04-01,3687.941
2,SA skill level 4,SA,4,2024-05-01,3856.698
2,SA skill level 4,SA,4,2024-06-01,3659.702
2,SA skill level 4,SA,4,2024-07-01,3584.093
2,SA skill level 4,SA,4,2024-08-01,3728.494
2,SA skill level 4,SA,4,2024-09-01,3721.067
2,SA skill level 4,SA,4,2024-10-01,3619.463
2,SA skill level 4,SA,4,2024-11-01,3692.879
2,SA skill level 4,SA,4,2024-12-01,3573.069
2,SA skill level 4,SA,4,2025-01-01,3899.088
2,SA skill level 4,SA,4,2025-02-01,3663.098
2,SA skill level 4,SA,4,2025-03-01,3722.035
2,SA skill level 4,SA,4,2025-04-01,3867.515
2,SA skill level 4,SA,4,2025-05-01,3731.034
2,SA skill level 4,SA,4,2025-06-01,3771.141
2,SA skill level 4,SA,4,2025-07-01,3673.565
2,SA skill level 4,SA,4,2025-08-01,3602.859
2,SA skill level 4,SA,4,2025-09-01,3638.44
2,SA skill level 4,SA,4,2025-10-01,3692.957
2,SA skill level 4,SA,4,2025-11-01,3732.672
2,SA skill level 4,SA,4,2025-12-01,3723.766
2,SA skill level 4,SA,4,2026-01-01,3825.607
2,SA skill level 4,SA,4,2026-02-01,3730.271
2,SA skill level 4,SA,4,2026-03-01,3759.136
2,SA skill level 4,SA,4,2026-04-01,3917.249
2,SA skill level 4,SA,4,2026-05-01,3588.881
2,SA skill level 4,SA,4,2026-06-01,3718.497
2,SA skill level 4,SA,4,2026-07-01,3896.022
2,SA skill level 5,SA,5,2006-01-01,3756.357
2,SA skill level 5,SA,5,2006-02-01,3655.876
2,SA skill level 5,SA,5,2006-03-01,3818.375
2,SA skill level 5,SA,5,2006-04-01,3662.209
2,SA skill level 5,SA,5,2006-05-01,3513.504
2,SA skill level 5,SA,5,2006-06-01,3566.081
2,SA skill level 5,SA,5,2006-07-01,3766.755
2,SA skill level 5,SA,5,2006-08-01,3991.914
2,SA skill level 5,SA,5,2006-09-01,3728.118
2,SA skill level 5,SA,5,2006-10-01,3829.247
2,SA skill level 5,SA,5,2006-11-01,3662.152
2,SA skill level 5,SA,5,2006-12-01,3845.091
2,SA skill level 5,SA,5,2007-01-01,3893.555
2,SA skill level 5,SA,5,2007-02-01,3938
2,SA skill level 5,SA,5,2007-03-01,3845.297
2,SA skill level 5,SA,5,2007-04-01,3865.321
2,SA skill level 5,SA,5,2007-05-01,3962.129
2,SA skill level 5,SA,5,2007-06-01,3936.219
2,SA skill level 5,SA,5,2007-07-01,4089.382
2,SA skill level 5,SA,5,2007-08-01,3912.886
2,SA skill level 5,SA,5,2007-09-01,3954.832
2,SA skill level 5,SA,5,2007-10-01,3810.711
2,SA skill level 5,SA,5,2007-11-01,4026.371
2,SA skill level 5,SA,5,2007-12-01,3837.067
2,SA skill level 5,SA,5,2008-01-01,3748.832
2,SA skill level 5,SA,5,2008-02-01,3856.428
2,SA skill level 5,SA,5,2008-03-01,3783.105
2,SA skill level 5,SA,5,2008-04-01,3856.184
2,SA skill level 5,SA,5,2008-05-01,3841.107
2,SA skill level 5,SA,5,2008-06-01,3736.206
2,SA skill level 5,SA,5,2008-07-01,3457.15
2,SA skill level 5,SA,5,2008-08-01,3579.7
2,SA skill level 5,SA,5,2008-09-01,3413.386
2,SA skill level 5,SA,5,2008-10-01,3236.825
2,SA skill level 5,SA,5,2008-11-01,3030.896
2,SA skill level 5,SA,5,2008-12-01,2937.064
2,SA skill level 5,SA,5,2009-01-01,2710.677
2,SA skill level 5,SA,5,2009-02-01,2671.163
2,SA skill level 5,SA,5,2009-03-01,2601.87
2,SA skill level 5,SA,5,2009-04-01,2559.652
2,SA skill level 5,SA,5,2009-05-01,2227.351
2,SA skill level 5,SA,5,2009-06-01,2536.369
2,SA skill level 5,SA,5,2009-07-01,2230.719
2,SA skill level 5,SA,5,2009-08-01,2453.537
2,SA skill level 5,SA,5,2009-09-01,2528.336
2,SA skill level 5,SA,5,2009-10-01,2650.897
2,SA skill level 5,SA,5,2009-11-01,2775.931
2,SA skill level 5,SA,5,2009-12-01,2806.026
2,SA skill level 5,SA,5,2010-01-01,2765.999
2,SA skill level 5,SA,5,2010-02-01,3019.414
2,SA skill level 5,SA,5,2010-03-01,2222.105
2,SA skill level 5,SA,5,2010-04-01,2202.518
2,SA skill level 5,SA,5,2010-05-01,2335.143
2,SA skill level 5,SA,5,2010-06-01,2370.751
2,SA skill level 5,SA,5,2010-07-01,2362.36
2,SA skill level 5,SA,5,2010-08-01,2278.366
2,SA skill level 5,SA,5,2010-09-01,2231.433
2,SA skill level 5,SA,5,2010-10-01,2425.38
2,SA skill level 5,SA,5,2010-11-01,2235.723
2,SA skill level 5,SA,5,2010-12-01,2247.73
2,SA skill level 5,SA,5,2011-01-01,2388.57
2,SA skill level 5,SA,5,2011-02-01,2317.357
2,SA skill level 5,SA,5,2011-03-01,2395.286
2,SA skill level 5,SA,5,2011-04-01,2357.855
2,SA skill level 5,SA,5,2011-05-01,2386.021
2,SA skill level 5,SA,5,2011-06-01,2332.251
2,SA skill level 5,SA,5,2011-07-01,2239.543
2,SA skill level 5,SA,5,2011-08-01,2204.589
2,SA skill level 5,SA,5,2011-09-01,2154.464
2,SA skill level 5,SA,5,2011-10-01,2094.486
2,SA skill level 5,SA,5,2011-11-01,2173.94
2,SA skill level 5,SA,5,2011-12-01,2092.859
2,SA skill level 5,SA,5,2012-01-01,2079.019
2,SA skill level 5,SA,5,2012-02-01,2045.79
2,SA skill level 5,SA,5,2012-03-01,1976.496
2,SA skill level 5,SA,5,2012-04-01,1999.395
2,SA skill level 5,SA,5,2012-05-01,1901.819
2,SA skill level 5,SA,5,2012-06-01,1776.944
2,SA skill level 5,SA,5,2012-07-01,1796.6
2,SA skill level 5,SA,5,2012-08-01,1774.031
2,SA skill level 5,SA,5,2012-09-01,1686.151
2,SA skill level 5,SA,5,2012-10-01,1575.835
2,SA skill level 5,SA,5,2012-11-01,1447.951
2,SA skill level 5,SA,5,2012-12-01,1431.838
2,SA skill level 5,SA,5,2013-01-01,1362.954
2,SA skill level 5,SA,5,2013-02-01,1423.475
2,SA skill level 5,SA,5,2013-03-01,1396.869
2,SA skill level 5,SA,5,2013-04-01,1364.596
2,SA skill level 5,SA,5,2013-05-01,1500.75
2,SA skill level 5,SA,5,2013-06-01,1477.458
2,SA skill level 5,SA,5,2013-07-01,1501.254
2,SA skill level 5,SA,5,2013-08-01,1479.321
2,SA skill level 5,SA,5,2013-09-01,1495.953
2,SA skill level 5,SA,5,2013-10-01,1511.021
2,SA skill level 5,SA,5,2013-11-01,1444.031
2,SA skill level 5,SA,5,2013-12-01,1276.744
2,SA skill level 5,SA,5,2014-01-01,1404.19
2,SA skill level 5,SA,5,2014-02-01,1353.799
2,SA skill level 5,SA,5,2014-03-01,1338.963
2,SA skill level 5,SA,5,2014-04-01,1293.745
2,SA skill level 5,SA,5,2014-05-01,1326.066
2,SA skill level 5,SA,5,2014-06-01,1386.954
2,SA skill level 5,SA,5,2014-07-01,1420.679
2,SA skill level 5,SA,5,2014-08-01,1460.868
2,SA skill level 5,SA,5,2014-09-01,1463.16
2,SA skill level 5,SA,5,2014-10-01,1414.546
2,SA skill level 5,SA,5,2014-11-01,1404.22
2,SA skill level 5,SA,5,2014-12-01,1374.457
2,SA skill level 5,SA,5,2015-01-01,1416.771
2,SA skill level 5,SA,5,2015-02-01,1242.995
2,SA skill level 5,SA,5,2015-03-01,1400.655
2,SA skill level 5,SA,5,2015-04-01,1282.649
2,SA skill level 5,SA,5,2015-05-01,1172.28
2,SA skill level 5,SA,5,2015-06-01,1046.054
2,SA skill level 5,SA,5,2015-07-01,865.229
2,SA skill level 5,SA,5,2015-08-01,867.43
2,SA skill level 5,SA,5,2015-09-01,1070.01
2,SA skill level 5,SA,5,2015-10-01,1140.173
2,SA skill level 5,SA,5,2015-11-01,1099.373
2,SA skill level 5,SA,5,2015-12-01,1136.183
2,SA skill level 5,SA,5,2016-01-01,1151.774
2,SA skill level 5,SA,5,2016-02-01,1156.473
2,SA skill level 5,SA,5,2016-03-01,1142.432
2,SA skill level 5,SA,5,2016-04-01,1244.319
2,SA skill level 5,SA,5,2016-05-01,1208.961
2,SA skill level 5,SA,5,2016-06-01,1301.5
2,SA skill level 5,SA,5,2016-07-01,1275.006
2,SA skill level 5,SA,5,2016-08-01,1301.059
2,SA skill level 5,SA,5,2016-09-01,1261.437
2,SA skill level 5,SA,5,2016-10-01,1268.522
2,SA skill level 5,SA,5,2016-11-01,1318.922
2,SA skill level 5,SA,5,2016-12-01,1304.143
2,SA skill level 5,SA,5,2017-01-01,1267.572
2,SA skill level 5,SA,5,2017-02-01,1335.207
2,SA skill level 5,SA,5,2017-03-01,1356.782
2,SA skill level 5,SA,5,2017-04-01,1349.663
2,SA skill level 5,SA,5,2017-05-01,1410.5
2,SA skill level 5,SA,5,2017-06-01,1470.329
2,SA skill level 5,SA,5,2017-07-01,1217.794
2,SA skill level 5,SA,5,2017-08-01,1168.951
2,SA skill level 5,SA,5,2017-09-01,1151.848
2,SA skill level 5,SA,5,2017-10-01,1187.877
2,SA skill level 5,SA,5,2017-11-01,1153.344
2,SA skill level 5,SA,5,2017-12-01,1134.694
2,SA skill level 5,SA,5,2018-01-01,1105.664
2,SA skill level 5,SA,5,2018-02-01,1132.857
2,SA skill level 5,SA,5,2018-03-01,1149.462
2,SA skill level 5,SA,5,2018-04-01,1070.807
2,SA skill level 5,SA,5,2018-05-01,1056.454
2,SA skill level 5,SA,5,2018-06-01,1016.471
2,SA skill level 5,SA,5,2018-07-01,1070.361
2,SA skill level 5,SA,5,2018-08-01,1087.569
2,SA skill level 5,SA,5,2018-09-01,1027.448
2,SA skill level 5,SA,5,2018-10-01,1000.171
2,SA skill level 5,SA,5,2018-11-01,1026.258
2,SA skill level 5,SA,5,2018-12-01,1078.526
2,SA skill level 5,SA,5,2019-01-01,1092.692
2,SA skill level 5,SA,5,2019-02-01,1054.908
2,SA skill level 5,SA,5,2019-03-01,1033.893
2,SA skill level 5,SA,5,2019-04-01,1055.575
2,SA skill level 5,SA,5,2019-05-01,995.034
2,SA skill level 5,SA,5,2019-06-01,1015.059
2,SA skill level 5,SA,5,2019-07-01,1033.267
2,SA skill level 5,SA,5,2019-08-01,965.075
2,SA skill level 5,SA,5,2019-09-01,991.177
2,SA skill level 5,SA,5,2019-10-01,952.864
2,SA skill level 5,SA,5,2019-11-01,937.285
2,SA skill level 5,SA,5,2019-12-01,837.275
2,SA skill level 5,SA,5,2020-01-01,1043.296
2,SA skill level 5,SA,5,2020-02-01,943.615
2,SA skill level 5,SA,5,2020-03-01,751.087
2,SA skill level 5,SA,5,2020-04-01,532.861
2,SA skill level 5,SA,5,2020-05-01,683.113
2,SA skill level 5,SA,5,2020-06-01,1019.285
2,SA skill level 5,SA,5,2020-07-01,1227.333
2,SA skill level 5,SA,5,2020-08-01,1384.142
2,SA skill level 5,SA,5,2020-09-01,1344.357
2,SA skill level 5,SA,5,2020-10-01,1423.011
2,SA skill level 5,SA,5,2020-11-01,1414.645
2,SA skill level 5,SA,5,2020-12-01,1570.227
2,SA skill level 5,SA,5,2021-01-01,1566.287
2,SA skill level 5,SA,5,2021-02-01,1688.149
2,SA skill level 5,SA,5,2021-03-01,1846.599
2,SA skill level 5,SA,5,2021-04-01,1722.444
2,SA skill level 5,SA,5,2021-05-01,1878.995
2,SA skill level 5,SA,5,2021-06-01,1763.241
2,SA skill level 5,SA,5,2021-07-01,1654.482
2,SA skill level 5,SA,5,2021-08-01,1873.414
2,SA skill level 5,SA,5,2021-09-01,2060.172
2,SA skill level 5,SA,5,2021-10-01,1957.721
2,SA skill level 5,SA,5,2021-11-01,2046.516
2,SA skill level 5,SA,5,2021-12-01,2064.857
2,SA skill level 5,SA,5,2022-01-01,1976.801
2,SA skill level 5,SA,5,2022-02-01,2093.083
2,SA skill level 5,SA,5,2022-03-01,2129.386
2,SA skill level 5,SA,5,2022-04-01,2268.968
2,SA skill level 5,SA,5,2022-05-01,2087.286
2,SA skill level 5,SA,5,2022-06-01,2308.354
2,SA skill level 5,SA,5,2022-07-01,2205.342
2,SA skill level 5,SA,5,2022-08-01,2206.007
2,SA skill level 5,SA,5,2022-09-01,2006.481
2,SA skill level 5,SA,5,2022-10-01,2147.273
2,SA skill level 5,SA,5,2022-11-01,2078.378
2,SA skill level 5,SA,5,2022-12-01,2006.639
2,SA skill level 5,SA,5,2023-01-01,2146.157
2,SA skill level 5,SA,5,2023-02-01,2094.211
2,SA skill level 5,SA,5,2023-03-01,2014.136
2,SA skill level 5,SA,5,2023-04-01,2161.678
2,SA skill level 5,SA,5,2023-05-01,2021.402
2,SA skill level 5,SA,5,2023-06-01,1907.344
2,SA skill level 5,SA,5,2023-07-01,1787.143
2,SA skill level 5,SA,5,2023-08-01,1746.367
2,SA skill level 5,SA,5,2023-09-01,1693.93
2,SA skill level 5,SA,5,2023-10-01,1707.626
2,SA skill level 5,SA,5,2023-11-01,1676.266
2,SA skill level 5,SA,5,2023-12-01,1756.187
2,SA skill level 5,SA,5,2024-01-01,1710.013
2,SA skill level 5,SA,5,2024-02-01,1705.117
2,SA skill level 5,SA,5,2024-03-01,1751.472
2,SA skill level 5,SA,5,2024-04-01,1681.625
2,SA skill level 5,SA,5,2024-05-01,1697.153
2,SA skill level 5,SA,5,2024-06-01,1659.485
2,SA skill level 5,SA,5,2024-07-01,1550.051
2,SA skill level 5,SA,5,2024-08-01,1653.722
2,SA skill level 5,SA,5,2024-09-01,1695.108
2,SA skill level 5,SA,5,2024-10-01,1636.395
2,SA skill level 5,SA,5,2024-11-01,1691.052
2,SA skill level 5,SA,5,2024-12-01,1699.006
2,SA skill level 5,SA,5,2025-01-01,1728.032
2,SA skill level 5,SA,5,2025-02-01,1586.697
2,SA skill level 5,SA,5,2025-03-01,1629.228
2,SA skill level 5,SA,5,2025-04-01,1658.047
2,SA skill level 5,SA,5,2025-05-01,1713.41
2,SA skill level 5,SA,5,2025-06-01,1726.679
2,SA skill level 5,SA,5,2025-07-01,1760.798
2,SA skill level 5,SA,5,2025-08-01,1718.542
2,SA skill level 5,SA,5,2025-09-01,1719.35
2,SA skill level 5,SA,5,2025-10-01,1723.55
2,SA skill level 5,SA,5,2025-11-01,1745.515
2,SA skill level 5,SA,5,2025-12-01,1739.443
2,SA skill level 5,SA,5,2026-01-01,1844.002
2,SA skill level 5,SA,5,2026-02-01,1853.869
2,SA skill level 5,SA,5,2026-03-01,1825.237
2,SA skill level 5,SA,5,2026-04-01,1868.036
2,SA skill level 5,SA,5,2026-05-01,1785.974
2,SA skill level 5,SA,5,2026-06-01,1769.793
2,SA skill level 5,SA,5,2026-07-01,1899.02
1,WA TOTAL,WA,0,2006-01-01,18075.688
1,WA TOTAL,WA,0,2006-02-01,18940.357
1,WA TOTAL,WA,0,2006-03-01,19738.552
1,WA TOTAL,WA,0,2006-04-01,19915.408
1,WA TOTAL,WA,0,2006-05-01,20147.258
1,WA TOTAL,WA,0,2006-06-01,22232.651
1,WA TOTAL,WA,0,2006-07-01,20353.587
1,WA TOTAL,WA,0,2006-08-01,20782.792
1,WA TOTAL,WA,0,2006-09-01,20641.865
1,WA TOTAL,WA,0,2006-10-01,21913.539
1,WA TOTAL,WA,0,2006-11-01,22288.971
1,WA TOTAL,WA,0,2006-12-01,21668.656
1,WA TOTAL,WA,0,2007-01-01,23453.315
1,WA TOTAL,WA,0,2007-02-01,24596.818
1,WA TOTAL,WA,0,2007-03-01,25112.016
1,WA TOTAL,WA,0,2007-04-01,25839.655
1,WA TOTAL,WA,0,2007-05-01,26261.57
1,WA TOTAL,WA,0,2007-06-01,26317.66
1,WA TOTAL,WA,0,2007-07-01,26830.864
1,WA TOTAL,WA,0,2007-08-01,26329.406
1,WA TOTAL,WA,0,2007-09-01,27556.065
1,WA TOTAL,WA,0,2007-10-01,27001.575
1,WA TOTAL,WA,0,2007-11-01,28495.056
1,WA TOTAL,WA,0,2007-12-01,29269.521
1,WA TOTAL,WA,0,2008-01-01,30502.126
1,WA TOTAL,WA,0,2008-02-01,31038.593
1,WA TOTAL,WA,0,2008-03-01,30908.198
1,WA TOTAL,WA,0,2008-04-01,32334.653
1,WA TOTAL,WA,0,2008-05-01,31430.171
1,WA TOTAL,WA,0,2008-06-01,32177.884
1,WA TOTAL,WA,0,2008-07-01,31371.211
1,WA TOTAL,WA,0,2008-08-01,30578.156
1,WA TOTAL,WA,0,2008-09-01,29334.416
1,WA TOTAL,WA,0,2008-10-01,29506.505
1,WA TOTAL,WA,0,2008-11-01,26101.038
1,WA TOTAL,WA,0,2008-12-01,24217.768
1,WA TOTAL,WA,0,2009-01-01,20953.697
1,WA TOTAL,WA,0,2009-02-01,18539.021
1,WA TOTAL,WA,0,2009-03-01,16178.268
1,WA TOTAL,WA,0,2009-04-01,15919.008
1,WA TOTAL,WA,0,2009-05-01,15738.637
1,WA TOTAL,WA,0,2009-06-01,15382.723
1,WA TOTAL,WA,0,2009-07-01,14710.16
1,WA TOTAL,WA,0,2009-08-01,16266.928
1,WA TOTAL,WA,0,2009-09-01,16660.789
1,WA TOTAL,WA,0,2009-10-01,16838.023
1,WA TOTAL,WA,0,2009-11-01,17172.394
1,WA TOTAL,WA,0,2009-12-01,17864.664
1,WA TOTAL,WA,0,2010-01-01,19064.838
1,WA TOTAL,WA,0,2010-02-01,20340.138
1,WA TOTAL,WA,0,2010-03-01,20259.636
1,WA TOTAL,WA,0,2010-04-01,20461.619
1,WA TOTAL,WA,0,2010-05-01,21775.125
1,WA TOTAL,WA,0,2010-06-01,21590.581
1,WA TOTAL,WA,0,2010-07-01,22586.97
1,WA TOTAL,WA,0,2010-08-01,23211.327
1,WA TOTAL,WA,0,2010-09-01,23296.76
1,WA TOTAL,WA,0,2010-10-01,26448.647
1,WA TOTAL,WA,0,2010-11-01,25828.215
1,WA TOTAL,WA,0,2010-12-01,25723.455
1,WA TOTAL,WA,0,2011-01-01,26389.947
1,WA TOTAL,WA,0,2011-02-01,26271.187
1,WA TOTAL,WA,0,2011-03-01,27254.739
1,WA TOTAL,WA,0,2011-04-01,28339.621
1,WA TOTAL,WA,0,2011-05-01,27242.533
1,WA TOTAL,WA,0,2011-06-01,27622.433
1,WA TOTAL,WA,0,2011-07-01,27790.047
1,WA TOTAL,WA,0,2011-08-01,27525.754
1,WA TOTAL,WA,0,2011-09-01,28015.751
1,WA TOTAL,WA,0,2011-10-01,27771.136
1,WA TOTAL,WA,0,2011-11-01,28123.544
1,WA TOTAL,WA,0,2011-12-01,29535.264
1,WA TOTAL,WA,0,2012-01-01,27702.902
1,WA TOTAL,WA,0,2012-02-01,28759.516
1,WA TOTAL,WA,0,2012-03-01,28696.612
1,WA TOTAL,WA,0,2012-04-01,28841.344
1,WA TOTAL,WA,0,2012-05-01,28321.876
1,WA TOTAL,WA,0,2012-06-01,27839.742
1,WA TOTAL,WA,0,2012-07-01,26454.017
1,WA TOTAL,WA,0,2012-08-01,25017.803
1,WA TOTAL,WA,0,2012-09-01,24346.633
1,WA TOTAL,WA,0,2012-10-01,22471.996
1,WA TOTAL,WA,0,2012-11-01,21464.296
1,WA TOTAL,WA,0,2012-12-01,20815.636
1,WA TOTAL,WA,0,2013-01-01,20398.2
1,WA TOTAL,WA,0,2013-02-01,19721.793
1,WA TOTAL,WA,0,2013-03-01,19628.954
1,WA TOTAL,WA,0,2013-04-01,18586.712
1,WA TOTAL,WA,0,2013-05-01,18034.478
1,WA TOTAL,WA,0,2013-06-01,16858.441
1,WA TOTAL,WA,0,2013-07-01,16541.186
1,WA TOTAL,WA,0,2013-08-01,16518.878
1,WA TOTAL,WA,0,2013-09-01,16107.375
1,WA TOTAL,WA,0,2013-10-01,16543.302
1,WA TOTAL,WA,0,2013-11-01,16218.842
1,WA TOTAL,WA,0,2013-12-01,15843.983
1,WA TOTAL,WA,0,2014-01-01,17523.64
1,WA TOTAL,WA,0,2014-02-01,17024.287
1,WA TOTAL,WA,0,2014-03-01,16828.255
1,WA TOTAL,WA,0,2014-04-01,16885.207
1,WA TOTAL,WA,0,2014-05-01,16572.179
1,WA TOTAL,WA,0,2014-06-01,17484.972
1,WA TOTAL,WA,0,2014-07-01,17240.974
1,WA TOTAL,WA,0,2014-08-01,17777.121
1,WA TOTAL,WA,0,2014-09-01,17629.362
1,WA TOTAL,WA,0,2014-10-01,18422.546
1,WA TOTAL,WA,0,2014-11-01,16955.15
1,WA TOTAL,WA,0,2014-12-01,15967.807
1,WA TOTAL,WA,0,2015-01-01,16858.222
1,WA TOTAL,WA,0,2015-02-01,16197.432
1,WA TOTAL,WA,0,2015-03-01,15715.854
1,WA TOTAL,WA,0,2015-04-01,15066.254
1,WA TOTAL,WA,0,2015-05-01,14516.928
1,WA TOTAL,WA,0,2015-06-01,15200.941
1,WA TOTAL,WA,0,2015-07-01,15459.89
1,WA TOTAL,WA,0,2015-08-01,15125.856
1,WA TOTAL,WA,0,2015-09-01,15245.524
1,WA TOTAL,WA,0,2015-10-01,14964.794
1,WA TOTAL,WA,0,2015-11-01,14852.204
1,WA TOTAL,WA,0,2015-12-01,14314.036
1,WA TOTAL,WA,0,2016-01-01,13558
1,WA TOTAL,WA,0,2016-02-01,12919.347
1,WA TOTAL,WA,0,2016-03-01,12751.115
1,WA TOTAL,WA,0,2016-04-01,13014.333
1,WA TOTAL,WA,0,2016-05-01,13070.637
1,WA TOTAL,WA,0,2016-06-01,13464.409
1,WA TOTAL,WA,0,2016-07-01,12684.627
1,WA TOTAL,WA,0,2016-08-01,12656.05
1,WA TOTAL,WA,0,2016-09-01,12520.661
1,WA TOTAL,WA,0,2016-10-01,12530.393
1,WA TOTAL,WA,0,2016-11-01,12524.979
1,WA TOTAL,WA,0,2016-12-01,12947.917
1,WA TOTAL,WA,0,2017-01-01,13150.848
1,WA TOTAL,WA,0,2017-02-01,13485.796
1,WA TOTAL,WA,0,2017-03-01,13792.532
1,WA TOTAL,WA,0,2017-04-01,13902.067
1,WA TOTAL,WA,0,2017-05-01,13925.274
1,WA TOTAL,WA,0,2017-06-01,14252.507
1,WA TOTAL,WA,0,2017-07-01,14031.946
1,WA TOTAL,WA,0,2017-08-01,14055.727
1,WA TOTAL,WA,0,2017-09-01,14203.339
1,WA TOTAL,WA,0,2017-10-01,14603.719
1,WA TOTAL,WA,0,2017-11-01,15113.26
1,WA TOTAL,WA,0,2017-12-01,14819.571
1,WA TOTAL,WA,0,2018-01-01,15116.696
1,WA TOTAL,WA,0,2018-02-01,15541.975
1,WA TOTAL,WA,0,2018-03-01,16243.612
1,WA TOTAL,WA,0,2018-04-01,16572.578
1,WA TOTAL,WA,0,2018-05-01,16546.756
1,WA TOTAL,WA,0,2018-06-01,15961.669
1,WA TOTAL,WA,0,2018-07-01,16136.166
1,WA TOTAL,WA,0,2018-08-01,15950.565
1,WA TOTAL,WA,0,2018-09-01,15749.779
1,WA TOTAL,WA,0,2018-10-01,15713.418
1,WA TOTAL,WA,0,2018-11-01,15688.888
1,WA TOTAL,WA,0,2018-12-01,15679.974
1,WA TOTAL,WA,0,2019-01-01,15929.216
1,WA TOTAL,WA,0,2019-02-01,16311.669
1,WA TOTAL,WA,0,2019-03-01,16225.954
1,WA TOTAL,WA,0,2019-04-01,16402.934
1,WA TOTAL,WA,0,2019-05-01,16444.933
1,WA TOTAL,WA,0,2019-06-01,15994.906
1,WA TOTAL,WA,0,2019-07-01,16059.627
1,WA TOTAL,WA,0,2019-08-01,15796.698
1,WA TOTAL,WA,0,2019-09-01,15979.529
1,WA TOTAL,WA,0,2019-10-01,15769.55
1,WA TOTAL,WA,0,2019-11-01,15848.533
1,WA TOTAL,WA,0,2019-12-01,16413.88
1,WA TOTAL,WA,0,2020-01-01,16837.73
1,WA TOTAL,WA,0,2020-02-01,16548.639
1,WA TOTAL,WA,0,2020-03-01,12926.511
1,WA TOTAL,WA,0,2020-04-01,8230.596
1,WA TOTAL,WA,0,2020-05-01,10648.535
1,WA TOTAL,WA,0,2020-06-01,14308.656
1,WA TOTAL,WA,0,2020-07-01,16098.685
1,WA TOTAL,WA,0,2020-08-01,17413.351
1,WA TOTAL,WA,0,2020-09-01,18675.086
1,WA TOTAL,WA,0,2020-10-01,19971.294
1,WA TOTAL,WA,0,2020-11-01,20349.454
1,WA TOTAL,WA,0,2020-12-01,21179.629
1,WA TOTAL,WA,0,2021-01-01,22325.146
1,WA TOTAL,WA,0,2021-02-01,22132.625
1,WA TOTAL,WA,0,2021-03-01,26642.552
1,WA TOTAL,WA,0,2021-04-01,25237.587
1,WA TOTAL,WA,0,2021-05-01,25683.798
1,WA TOTAL,WA,0,2021-06-01,25969.898
1,WA TOTAL,WA,0,2021-07-01,26264.605
1,WA TOTAL,WA,0,2021-08-01,26807.704
1,WA TOTAL,WA,0,2021-09-01,28252.927
1,WA TOTAL,WA,0,2021-10-01,27368.072
1,WA TOTAL,WA,0,2021-11-01,28455.158
1,WA TOTAL,WA,0,2021-12-01,29020.56
1,WA TOTAL,WA,0,2022-01-01,30723.851
1,WA TOTAL,WA,0,2022-02-01,31306.593
1,WA TOTAL,WA,0,2022-03-01,31583.525
1,WA TOTAL,WA,0,2022-04-01,31469.003
1,WA TOTAL,WA,0,2022-05-01,33344.763
1,WA TOTAL,WA,0,2022-06-01,34014.728
1,WA TOTAL,WA,0,2022-07-01,32902.113
1,WA TOTAL,WA,0,2022-08-01,33316.7
1,WA TOTAL,WA,0,2022-09-01,30428.738
1,WA TOTAL,WA,0,2022-10-01,31735.05
1,WA TOTAL,WA,0,2022-11-01,31055.376
1,WA TOTAL,WA,0,2022-12-01,30996.253
1,WA TOTAL,WA,0,2023-01-01,31162.581
1,WA TOTAL,WA,0,2023-02-01,32503.516
1,WA TOTAL,WA,0,2023-03-01,32898.251
1,WA TOTAL,WA,0,2023-04-01,33935.601
1,WA TOTAL,WA,0,2023-05-01,33207.787
1,WA TOTAL,WA,0,2023-06-01,32791.105
1,WA TOTAL,WA,0,2023-07-01,32221.616
1,WA TOTAL,WA,0,2023-08-01,32042.28
1,WA TOTAL,WA,0,2023-09-01,31781.607
1,WA TOTAL,WA,0,2023-10-01,31879.38
1,WA TOTAL,WA,0,2023-11-01,32601.919
1,WA TOTAL,WA,0,2023-12-01,32651.486
1,WA TOTAL,WA,0,2024-01-01,30930.674
1,WA TOTAL,WA,0,2024-02-01,30635.419
1,WA TOTAL,WA,0,2024-03-01,30425.802
1,WA TOTAL,WA,0,2024-04-01,29666.831
1,WA TOTAL,WA,0,2024-05-01,30293.574
1,WA TOTAL,WA,0,2024-06-01,28107.634
1,WA TOTAL,WA,0,2024-07-01,26845.2
1,WA TOTAL,WA,0,2024-08-01,27524.745
1,WA TOTAL,WA,0,2024-09-01,27978.009
1,WA TOTAL,WA,0,2024-10-01,27891.259
1,WA TOTAL,WA,0,2024-11-01,26611.218
1,WA TOTAL,WA,0,2024-12-01,25995.637
1,WA TOTAL,WA,0,2025-01-01,26850.107
1,WA TOTAL,WA,0,2025-02-01,26307.841
1,WA TOTAL,WA,0,2025-03-01,25969.423
1,WA TOTAL,WA,0,2025-04-01,27169.568
1,WA TOTAL,WA,0,2025-05-01,26537.445
1,WA TOTAL,WA,0,2025-06-01,26456.789
1,WA TOTAL,WA,0,2025-07-01,26354.671
1,WA TOTAL,WA,0,2025-08-01,24945.151
1,WA TOTAL,WA,0,2025-09-01,26116.459
1,WA TOTAL,WA,0,2025-10-01,25933.842
1,WA TOTAL,WA,0,2025-11-01,26242.923
1,WA TOTAL,WA,0,2025-12-01,26783.597
1,WA TOTAL,WA,0,2026-01-01,27178.209
1,WA TOTAL,WA,0,2026-02-01,26969.63
1,WA TOTAL,WA,0,2026-03-01,27566.269
1,WA TOTAL,WA,0,2026-04-01,26770.546
1,WA TOTAL,WA,0,2026-05-01,26543.721
1,WA TOTAL,WA,0,2026-06-01,27189.087
1,WA TOTAL,WA,0,2026-07-01,27789.015
2,WA skill level 1,WA,1,2006-01-01,4949.851
2,WA skill level 1,WA,1,2006-02-01,5227.794
2,WA skill level 1,WA,1,2006-03-01,5484.397
2,WA skill level 1,WA,1,2006-04-01,5818.626
2,WA skill level 1,WA,1,2006-05-01,5734.926
2,WA skill level 1,WA,1,2006-06-01,7140.203
2,WA skill level 1,WA,1,2006-07-01,6091.329
2,WA skill level 1,WA,1,2006-08-01,6235.789
2,WA skill level 1,WA,1,2006-09-01,5966.401
2,WA skill level 1,WA,1,2006-10-01,6595.787
2,WA skill level 1,WA,1,2006-11-01,6606.605
2,WA skill level 1,WA,1,2006-12-01,6720.185
2,WA skill level 1,WA,1,2007-01-01,7191.569
2,WA skill level 1,WA,1,2007-02-01,7708.97
2,WA skill level 1,WA,1,2007-03-01,8103.927
2,WA skill level 1,WA,1,2007-04-01,8307.351
2,WA skill level 1,WA,1,2007-05-01,8674.991
2,WA skill level 1,WA,1,2007-06-01,8580.352
2,WA skill level 1,WA,1,2007-07-01,8632.77
2,WA skill level 1,WA,1,2007-08-01,8381.059
2,WA skill level 1,WA,1,2007-09-01,9075.384
2,WA skill level 1,WA,1,2007-10-01,8760.205
2,WA skill level 1,WA,1,2007-11-01,9395.463
2,WA skill level 1,WA,1,2007-12-01,9865.886
2,WA skill level 1,WA,1,2008-01-01,10456.353
2,WA skill level 1,WA,1,2008-02-01,10728.33
2,WA skill level 1,WA,1,2008-03-01,11048.83
2,WA skill level 1,WA,1,2008-04-01,11758.813
2,WA skill level 1,WA,1,2008-05-01,11409.325
2,WA skill level 1,WA,1,2008-06-01,12068.921
2,WA skill level 1,WA,1,2008-07-01,11845.904
2,WA skill level 1,WA,1,2008-08-01,12131.48
2,WA skill level 1,WA,1,2008-09-01,11515.417
2,WA skill level 1,WA,1,2008-10-01,12138.481
2,WA skill level 1,WA,1,2008-11-01,11268.774
2,WA skill level 1,WA,1,2008-12-01,10276.593
2,WA skill level 1,WA,1,2009-01-01,8291.641
2,WA skill level 1,WA,1,2009-02-01,7131.612
2,WA skill level 1,WA,1,2009-03-01,6075.451
2,WA skill level 1,WA,1,2009-04-01,5823.218
2,WA skill level 1,WA,1,2009-05-01,5826.093
2,WA skill level 1,WA,1,2009-06-01,5715.602
2,WA skill level 1,WA,1,2009-07-01,5845.73
2,WA skill level 1,WA,1,2009-08-01,6316.662
2,WA skill level 1,WA,1,2009-09-01,6070.393
2,WA skill level 1,WA,1,2009-10-01,5851.921
2,WA skill level 1,WA,1,2009-11-01,5841.254
2,WA skill level 1,WA,1,2009-12-01,5901.911
2,WA skill level 1,WA,1,2010-01-01,6405.699
2,WA skill level 1,WA,1,2010-02-01,6819.096
2,WA skill level 1,WA,1,2010-03-01,6898.732
2,WA skill level 1,WA,1,2010-04-01,7113.588
2,WA skill level 1,WA,1,2010-05-01,7645.339
2,WA skill level 1,WA,1,2010-06-01,7463.498
2,WA skill level 1,WA,1,2010-07-01,7757.34
2,WA skill level 1,WA,1,2010-08-01,8101.191
2,WA skill level 1,WA,1,2010-09-01,8102.697
2,WA skill level 1,WA,1,2010-10-01,8710.926
2,WA skill level 1,WA,1,2010-11-01,8850.477
2,WA skill level 1,WA,1,2010-12-01,9507.331
2,WA skill level 1,WA,1,2011-01-01,9773.07
2,WA skill level 1,WA,1,2011-02-01,9957.977
2,WA skill level 1,WA,1,2011-03-01,10444.756
2,WA skill level 1,WA,1,2011-04-01,11354.535
2,WA skill level 1,WA,1,2011-05-01,10512.193
2,WA skill level 1,WA,1,2011-06-01,10475.144
2,WA skill level 1,WA,1,2011-07-01,10507.322
2,WA skill level 1,WA,1,2011-08-01,10369.409
2,WA skill level 1,WA,1,2011-09-01,10634.184
2,WA skill level 1,WA,1,2011-10-01,10768.457
2,WA skill level 1,WA,1,2011-11-01,10896.716
2,WA skill level 1,WA,1,2011-12-01,11392.706
2,WA skill level 1,WA,1,2012-01-01,10744.775
2,WA skill level 1,WA,1,2012-02-01,11000.355
2,WA skill level 1,WA,1,2012-03-01,11074.006
2,WA skill level 1,WA,1,2012-04-01,11476.065
2,WA skill level 1,WA,1,2012-05-01,10916.856
2,WA skill level 1,WA,1,2012-06-01,11379.952
2,WA skill level 1,WA,1,2012-07-01,10276.254
2,WA skill level 1,WA,1,2012-08-01,9678.38
2,WA skill level 1,WA,1,2012-09-01,9546.994
2,WA skill level 1,WA,1,2012-10-01,8585.256
2,WA skill level 1,WA,1,2012-11-01,8383.092
2,WA skill level 1,WA,1,2012-12-01,7850.308
2,WA skill level 1,WA,1,2013-01-01,7465.575
2,WA skill level 1,WA,1,2013-02-01,7377.689
2,WA skill level 1,WA,1,2013-03-01,7120.117
2,WA skill level 1,WA,1,2013-04-01,6643.578
2,WA skill level 1,WA,1,2013-05-01,6300.785
2,WA skill level 1,WA,1,2013-06-01,5912.069
2,WA skill level 1,WA,1,2013-07-01,5684.641
2,WA skill level 1,WA,1,2013-08-01,5552.694
2,WA skill level 1,WA,1,2013-09-01,5268.072
2,WA skill level 1,WA,1,2013-10-01,5284.663
2,WA skill level 1,WA,1,2013-11-01,5137.943
2,WA skill level 1,WA,1,2013-12-01,4913.311
2,WA skill level 1,WA,1,2014-01-01,5339.252
2,WA skill level 1,WA,1,2014-02-01,5253.99
2,WA skill level 1,WA,1,2014-03-01,5147.825
2,WA skill level 1,WA,1,2014-04-01,5226.88
2,WA skill level 1,WA,1,2014-05-01,5017.181
2,WA skill level 1,WA,1,2014-06-01,5265.296
2,WA skill level 1,WA,1,2014-07-01,5192.434
2,WA skill level 1,WA,1,2014-08-01,5262.325
2,WA skill level 1,WA,1,2014-09-01,5259.488
2,WA skill level 1,WA,1,2014-10-01,5396.245
2,WA skill level 1,WA,1,2014-11-01,5123.765
2,WA skill level 1,WA,1,2014-12-01,4953.939
2,WA skill level 1,WA,1,2015-01-01,5074.852
2,WA skill level 1,WA,1,2015-02-01,4821.879
2,WA skill level 1,WA,1,2015-03-01,4784.964
2,WA skill level 1,WA,1,2015-04-01,4681.423
2,WA skill level 1,WA,1,2015-05-01,4646.74
2,WA skill level 1,WA,1,2015-06-01,4728.167
2,WA skill level 1,WA,1,2015-07-01,4917.5
2,WA skill level 1,WA,1,2015-08-01,4901.265
2,WA skill level 1,WA,1,2015-09-01,4794.891
2,WA skill level 1,WA,1,2015-10-01,4591.671
2,WA skill level 1,WA,1,2015-11-01,4645.471
2,WA skill level 1,WA,1,2015-12-01,4603.133
2,WA skill level 1,WA,1,2016-01-01,4260.58
2,WA skill level 1,WA,1,2016-02-01,4114.198
2,WA skill level 1,WA,1,2016-03-01,3979.456
2,WA skill level 1,WA,1,2016-04-01,4179.212
2,WA skill level 1,WA,1,2016-05-01,4224.721
2,WA skill level 1,WA,1,2016-06-01,4518.562
2,WA skill level 1,WA,1,2016-07-01,4017.477
2,WA skill level 1,WA,1,2016-08-01,4139.809
2,WA skill level 1,WA,1,2016-09-01,4094.643
2,WA skill level 1,WA,1,2016-10-01,4059.221
2,WA skill level 1,WA,1,2016-11-01,4105.891
2,WA skill level 1,WA,1,2016-12-01,4245.655
2,WA skill level 1,WA,1,2017-01-01,4406.142
2,WA skill level 1,WA,1,2017-02-01,4533.885
2,WA skill level 1,WA,1,2017-03-01,4509.092
2,WA skill level 1,WA,1,2017-04-01,4532.445
2,WA skill level 1,WA,1,2017-05-01,4604.783
2,WA skill level 1,WA,1,2017-06-01,4700.984
2,WA skill level 1,WA,1,2017-07-01,4658.829
2,WA skill level 1,WA,1,2017-08-01,4622.351
2,WA skill level 1,WA,1,2017-09-01,4687.113
2,WA skill level 1,WA,1,2017-10-01,4817.469
2,WA skill level 1,WA,1,2017-11-01,4956.286
2,WA skill level 1,WA,1,2017-12-01,4857.619
2,WA skill level 1,WA,1,2018-01-01,5009.697
2,WA skill level 1,WA,1,2018-02-01,5072.406
2,WA skill level 1,WA,1,2018-03-01,5354.814
2,WA skill level 1,WA,1,2018-04-01,5459.135
2,WA skill level 1,WA,1,2018-05-01,5531.958
2,WA skill level 1,WA,1,2018-06-01,5356.198
2,WA skill level 1,WA,1,2018-07-01,5296.67
2,WA skill level 1,WA,1,2018-08-01,5224.158
2,WA skill level 1,WA,1,2018-09-01,5191.667
2,WA skill level 1,WA,1,2018-10-01,5338.012
2,WA skill level 1,WA,1,2018-11-01,5374.761
2,WA skill level 1,WA,1,2018-12-01,5322.315
2,WA skill level 1,WA,1,2019-01-01,5320.976
2,WA skill level 1,WA,1,2019-02-01,5545.962
2,WA skill level 1,WA,1,2019-03-01,5469.58
2,WA skill level 1,WA,1,2019-04-01,5644.414
2,WA skill level 1,WA,1,2019-05-01,5642.363
2,WA skill level 1,WA,1,2019-06-01,5518.483
2,WA skill level 1,WA,1,2019-07-01,5572.606
2,WA skill level 1,WA,1,2019-08-01,5439.568
2,WA skill level 1,WA,1,2019-09-01,5528.515
2,WA skill level 1,WA,1,2019-10-01,5441.655
2,WA skill level 1,WA,1,2019-11-01,5453.748
2,WA skill level 1,WA,1,2019-12-01,5733.683
2,WA skill level 1,WA,1,2020-01-01,5912.128
2,WA skill level 1,WA,1,2020-02-01,5799.641
2,WA skill level 1,WA,1,2020-03-01,4443.013
2,WA skill level 1,WA,1,2020-04-01,2742.999
2,WA skill level 1,WA,1,2020-05-01,3379.855
2,WA skill level 1,WA,1,2020-06-01,4343.868
2,WA skill level 1,WA,1,2020-07-01,4774.89
2,WA skill level 1,WA,1,2020-08-01,5137.608
2,WA skill level 1,WA,1,2020-09-01,5556.977
2,WA skill level 1,WA,1,2020-10-01,5829.528
2,WA skill level 1,WA,1,2020-11-01,5842.536
2,WA skill level 1,WA,1,2020-12-01,6268.734
2,WA skill level 1,WA,1,2021-01-01,6603.611
2,WA skill level 1,WA,1,2021-02-01,6773.804
2,WA skill level 1,WA,1,2021-03-01,8015.701
2,WA skill level 1,WA,1,2021-04-01,7574.59
2,WA skill level 1,WA,1,2021-05-01,7706.079
2,WA skill level 1,WA,1,2021-06-01,7988.214
2,WA skill level 1,WA,1,2021-07-01,8189.119
2,WA skill level 1,WA,1,2021-08-01,8257.357
2,WA skill level 1,WA,1,2021-09-01,8441.901
2,WA skill level 1,WA,1,2021-10-01,8343.923
2,WA skill level 1,WA,1,2021-11-01,8848.801
2,WA skill level 1,WA,1,2021-12-01,9050.011
2,WA skill level 1,WA,1,2022-01-01,9375.953
2,WA skill level 1,WA,1,2022-02-01,9471.365
2,WA skill level 1,WA,1,2022-03-01,9502.177
2,WA skill level 1,WA,1,2022-04-01,9480.01
2,WA skill level 1,WA,1,2022-05-01,10374.727
2,WA skill level 1,WA,1,2022-06-01,10581.446
2,WA skill level 1,WA,1,2022-07-01,10311.118
2,WA skill level 1,WA,1,2022-08-01,10835.892
2,WA skill level 1,WA,1,2022-09-01,9404.266
2,WA skill level 1,WA,1,2022-10-01,10249.073
2,WA skill level 1,WA,1,2022-11-01,10099.945
2,WA skill level 1,WA,1,2022-12-01,10043.415
2,WA skill level 1,WA,1,2023-01-01,10044.008
2,WA skill level 1,WA,1,2023-02-01,10638.993
2,WA skill level 1,WA,1,2023-03-01,10881.459
2,WA skill level 1,WA,1,2023-04-01,11323.612
2,WA skill level 1,WA,1,2023-05-01,11072.538
2,WA skill level 1,WA,1,2023-06-01,11268.379
2,WA skill level 1,WA,1,2023-07-01,11049.792
2,WA skill level 1,WA,1,2023-08-01,10881.826
2,WA skill level 1,WA,1,2023-09-01,10699.19
2,WA skill level 1,WA,1,2023-10-01,10959.199
2,WA skill level 1,WA,1,2023-11-01,10853.057
2,WA skill level 1,WA,1,2023-12-01,10620.554
2,WA skill level 1,WA,1,2024-01-01,10238.439
2,WA skill level 1,WA,1,2024-02-01,10101.887
2,WA skill level 1,WA,1,2024-03-01,10052.314
2,WA skill level 1,WA,1,2024-04-01,9811.488
2,WA skill level 1,WA,1,2024-05-01,9795.527
2,WA skill level 1,WA,1,2024-06-01,9039.214
2,WA skill level 1,WA,1,2024-07-01,8563.151
2,WA skill level 1,WA,1,2024-08-01,8969.8
2,WA skill level 1,WA,1,2024-09-01,9109.996
2,WA skill level 1,WA,1,2024-10-01,8923.863
2,WA skill level 1,WA,1,2024-11-01,8797.626
2,WA skill level 1,WA,1,2024-12-01,8497.292
2,WA skill level 1,WA,1,2025-01-01,8684.8
2,WA skill level 1,WA,1,2025-02-01,8491.159
2,WA skill level 1,WA,1,2025-03-01,8329.822
2,WA skill level 1,WA,1,2025-04-01,8569.279
2,WA skill level 1,WA,1,2025-05-01,8411.792
2,WA skill level 1,WA,1,2025-06-01,8413.886
2,WA skill level 1,WA,1,2025-07-01,8472.721
2,WA skill level 1,WA,1,2025-08-01,7958.18
2,WA skill level 1,WA,1,2025-09-01,8388.623
2,WA skill level 1,WA,1,2025-10-01,8424.867
2,WA skill level 1,WA,1,2025-11-01,8372.012
2,WA skill level 1,WA,1,2025-12-01,8623.9
2,WA skill level 1,WA,1,2026-01-01,8751.578
2,WA skill level 1,WA,1,2026-02-01,8710.76
2,WA skill level 1,WA,1,2026-03-01,8838.182
2,WA skill level 1,WA,1,2026-04-01,8655.829
2,WA skill level 1,WA,1,2026-05-01,8265.566
2,WA skill level 1,WA,1,2026-06-01,8650.914
2,WA skill level 1,WA,1,2026-07-01,8548.508
2,WA skill level 2,WA,2,2006-01-01,1731.681
2,WA skill level 2,WA,2,2006-02-01,1778.569
2,WA skill level 2,WA,2,2006-03-01,1855.626
2,WA skill level 2,WA,2,2006-04-01,2036.34
2,WA skill level 2,WA,2,2006-05-01,2113.543
2,WA skill level 2,WA,2,2006-06-01,2448.233
2,WA skill level 2,WA,2,2006-07-01,2111.876
2,WA skill level 2,WA,2,2006-08-01,2026.562
2,WA skill level 2,WA,2,2006-09-01,1992.466
2,WA skill level 2,WA,2,2006-10-01,2152.603
2,WA skill level 2,WA,2,2006-11-01,2173.661
2,WA skill level 2,WA,2,2006-12-01,2113.682
2,WA skill level 2,WA,2,2007-01-01,2375.227
2,WA skill level 2,WA,2,2007-02-01,2598.028
2,WA skill level 2,WA,2,2007-03-01,2778.863
2,WA skill level 2,WA,2,2007-04-01,2723.288
2,WA skill level 2,WA,2,2007-05-01,2705.208
2,WA skill level 2,WA,2,2007-06-01,2856.968
2,WA skill level 2,WA,2,2007-07-01,2894.501
2,WA skill level 2,WA,2,2007-08-01,2849.264
2,WA skill level 2,WA,2,2007-09-01,2969.635
2,WA skill level 2,WA,2,2007-10-01,3016.184
2,WA skill level 2,WA,2,2007-11-01,3125.359
2,WA skill level 2,WA,2,2007-12-01,3390.577
2,WA skill level 2,WA,2,2008-01-01,3419.348
2,WA skill level 2,WA,2,2008-02-01,3561.659
2,WA skill level 2,WA,2,2008-03-01,3601.496
2,WA skill level 2,WA,2,2008-04-01,3622.689
2,WA skill level 2,WA,2,2008-05-01,3688.404
2,WA skill level 2,WA,2,2008-06-01,3679.371
2,WA skill level 2,WA,2,2008-07-01,3565.006
2,WA skill level 2,WA,2,2008-08-01,3725.239
2,WA skill level 2,WA,2,2008-09-01,3553.177
2,WA skill level 2,WA,2,2008-10-01,3691.224
2,WA skill level 2,WA,2,2008-11-01,3234.243
2,WA skill level 2,WA,2,2008-12-01,2812.75
2,WA skill level 2,WA,2,2009-01-01,2458.219
2,WA skill level 2,WA,2,2009-02-01,2079.626
2,WA skill level 2,WA,2,2009-03-01,1663.664
2,WA skill level 2,WA,2,2009-04-01,1789.155
2,WA skill level 2,WA,2,2009-05-01,1679.043
2,WA skill level 2,WA,2,2009-06-01,1684.035
2,WA skill level 2,WA,2,2009-07-01,1789.743
2,WA skill level 2,WA,2,2009-08-01,1981.009
2,WA skill level 2,WA,2,2009-09-01,1918.956
2,WA skill level 2,WA,2,2009-10-01,1894.925
2,WA skill level 2,WA,2,2009-11-01,1903.153
2,WA skill level 2,WA,2,2009-12-01,2012.275
2,WA skill level 2,WA,2,2010-01-01,2165.308
2,WA skill level 2,WA,2,2010-02-01,2272.824
2,WA skill level 2,WA,2,2010-03-01,2339.526
2,WA skill level 2,WA,2,2010-04-01,2276.924
2,WA skill level 2,WA,2,2010-05-01,2609.615
2,WA skill level 2,WA,2,2010-06-01,2454.884
2,WA skill level 2,WA,2,2010-07-01,2591.934
2,WA skill level 2,WA,2,2010-08-01,2554.515
2,WA skill level 2,WA,2,2010-09-01,2571.031
2,WA skill level 2,WA,2,2010-10-01,2727.312
2,WA skill level 2,WA,2,2010-11-01,2852.449
2,WA skill level 2,WA,2,2010-12-01,3064.278
2,WA skill level 2,WA,2,2011-01-01,2991.637
2,WA skill level 2,WA,2,2011-02-01,2906.947
2,WA skill level 2,WA,2,2011-03-01,3006.159
2,WA skill level 2,WA,2,2011-04-01,3230.538
2,WA skill level 2,WA,2,2011-05-01,3087.836
2,WA skill level 2,WA,2,2011-06-01,3062.108
2,WA skill level 2,WA,2,2011-07-01,2963.604
2,WA skill level 2,WA,2,2011-08-01,3133.788
2,WA skill level 2,WA,2,2011-09-01,3050.442
2,WA skill level 2,WA,2,2011-10-01,3105.806
2,WA skill level 2,WA,2,2011-11-01,3012.668
2,WA skill level 2,WA,2,2011-12-01,3171.105
2,WA skill level 2,WA,2,2012-01-01,2940.339
2,WA skill level 2,WA,2,2012-02-01,3238.835
2,WA skill level 2,WA,2,2012-03-01,3137.111
2,WA skill level 2,WA,2,2012-04-01,3122.414
2,WA skill level 2,WA,2,2012-05-01,3000.992
2,WA skill level 2,WA,2,2012-06-01,2998.923
2,WA skill level 2,WA,2,2012-07-01,2879.276
2,WA skill level 2,WA,2,2012-08-01,2687.774
2,WA skill level 2,WA,2,2012-09-01,2735.377
2,WA skill level 2,WA,2,2012-10-01,2522.724
2,WA skill level 2,WA,2,2012-11-01,2576.439
2,WA skill level 2,WA,2,2012-12-01,2261.357
2,WA skill level 2,WA,2,2013-01-01,2275.512
2,WA skill level 2,WA,2,2013-02-01,2305.388
2,WA skill level 2,WA,2,2013-03-01,2262.896
2,WA skill level 2,WA,2,2013-04-01,2156.382
2,WA skill level 2,WA,2,2013-05-01,2219.182
2,WA skill level 2,WA,2,2013-06-01,2151.665
2,WA skill level 2,WA,2,2013-07-01,2083.473
2,WA skill level 2,WA,2,2013-08-01,2155.234
2,WA skill level 2,WA,2,2013-09-01,1953.487
2,WA skill level 2,WA,2,2013-10-01,2064.435
2,WA skill level 2,WA,2,2013-11-01,2008.29
2,WA skill level 2,WA,2,2013-12-01,1986.919
2,WA skill level 2,WA,2,2014-01-01,2136.649
2,WA skill level 2,WA,2,2014-02-01,2097.051
2,WA skill level 2,WA,2,2014-03-01,2151.932
2,WA skill level 2,WA,2,2014-04-01,2120.822
2,WA skill level 2,WA,2,2014-05-01,2099.125
2,WA skill level 2,WA,2,2014-06-01,2125.704
2,WA skill level 2,WA,2,2014-07-01,2135.812
2,WA skill level 2,WA,2,2014-08-01,2155.413
2,WA skill level 2,WA,2,2014-09-01,2162.846
2,WA skill level 2,WA,2,2014-10-01,2338.507
2,WA skill level 2,WA,2,2014-11-01,2122.086
2,WA skill level 2,WA,2,2014-12-01,2064.845
2,WA skill level 2,WA,2,2015-01-01,2130.954
2,WA skill level 2,WA,2,2015-02-01,2013.349
2,WA skill level 2,WA,2,2015-03-01,1999.748
2,WA skill level 2,WA,2,2015-04-01,1991.704
2,WA skill level 2,WA,2,2015-05-01,1907.825
2,WA skill level 2,WA,2,2015-06-01,1998.788
2,WA skill level 2,WA,2,2015-07-01,1931.68
2,WA skill level 2,WA,2,2015-08-01,1867.979
2,WA skill level 2,WA,2,2015-09-01,1989.843
2,WA skill level 2,WA,2,2015-10-01,1889.868
2,WA skill level 2,WA,2,2015-11-01,1842.227
2,WA skill level 2,WA,2,2015-12-01,1823.662
2,WA skill level 2,WA,2,2016-01-01,1706.633
2,WA skill level 2,WA,2,2016-02-01,1723.98
2,WA skill level 2,WA,2,2016-03-01,1655.274
2,WA skill level 2,WA,2,2016-04-01,1725.374
2,WA skill level 2,WA,2,2016-05-01,1697.797
2,WA skill level 2,WA,2,2016-06-01,1682.119
2,WA skill level 2,WA,2,2016-07-01,1604.53
2,WA skill level 2,WA,2,2016-08-01,1599.324
2,WA skill level 2,WA,2,2016-09-01,1584.767
2,WA skill level 2,WA,2,2016-10-01,1547.2
2,WA skill level 2,WA,2,2016-11-01,1562.989
2,WA skill level 2,WA,2,2016-12-01,1584.269
2,WA skill level 2,WA,2,2017-01-01,1615.728
2,WA skill level 2,WA,2,2017-02-01,1636.755
2,WA skill level 2,WA,2,2017-03-01,1614.899
2,WA skill level 2,WA,2,2017-04-01,1597.295
2,WA skill level 2,WA,2,2017-05-01,1650.664
2,WA skill level 2,WA,2,2017-06-01,1680.374
2,WA skill level 2,WA,2,2017-07-01,1692.623
2,WA skill level 2,WA,2,2017-08-01,1708.98
2,WA skill level 2,WA,2,2017-09-01,1594.438
2,WA skill level 2,WA,2,2017-10-01,1738.415
2,WA skill level 2,WA,2,2017-11-01,1848.061
2,WA skill level 2,WA,2,2017-12-01,1758.07
2,WA skill level 2,WA,2,2018-01-01,1723.045
2,WA skill level 2,WA,2,2018-02-01,1829.509
2,WA skill level 2,WA,2,2018-03-01,1904.852
2,WA skill level 2,WA,2,2018-04-01,1924.202
2,WA skill level 2,WA,2,2018-05-01,1902.948
2,WA skill level 2,WA,2,2018-06-01,1829.389
2,WA skill level 2,WA,2,2018-07-01,1962.447
2,WA skill level 2,WA,2,2018-08-01,1838.184
2,WA skill level 2,WA,2,2018-09-01,1781.139
2,WA skill level 2,WA,2,2018-10-01,1789.306
2,WA skill level 2,WA,2,2018-11-01,1787.08
2,WA skill level 2,WA,2,2018-12-01,1800.022
2,WA skill level 2,WA,2,2019-01-01,1852.136
2,WA skill level 2,WA,2,2019-02-01,1794.846
2,WA skill level 2,WA,2,2019-03-01,1810.089
2,WA skill level 2,WA,2,2019-04-01,1781.517
2,WA skill level 2,WA,2,2019-05-01,1813.191
2,WA skill level 2,WA,2,2019-06-01,1744.941
2,WA skill level 2,WA,2,2019-07-01,1765.933
2,WA skill level 2,WA,2,2019-08-01,1816.374
2,WA skill level 2,WA,2,2019-09-01,1853.644
2,WA skill level 2,WA,2,2019-10-01,1786.372
2,WA skill level 2,WA,2,2019-11-01,1818.606
2,WA skill level 2,WA,2,2019-12-01,1883.914
2,WA skill level 2,WA,2,2020-01-01,1838.234
2,WA skill level 2,WA,2,2020-02-01,1890.517
2,WA skill level 2,WA,2,2020-03-01,1374.822
2,WA skill level 2,WA,2,2020-04-01,709.497
2,WA skill level 2,WA,2,2020-05-01,1042.38
2,WA skill level 2,WA,2,2020-06-01,1638.81
2,WA skill level 2,WA,2,2020-07-01,1818.935
2,WA skill level 2,WA,2,2020-08-01,1818.55
2,WA skill level 2,WA,2,2020-09-01,2049.155
2,WA skill level 2,WA,2,2020-10-01,2116.76
2,WA skill level 2,WA,2,2020-11-01,2236.647
2,WA skill level 2,WA,2,2020-12-01,2297.462
2,WA skill level 2,WA,2,2021-01-01,2360.638
2,WA skill level 2,WA,2,2021-02-01,2404.906
2,WA skill level 2,WA,2,2021-03-01,2728.781
2,WA skill level 2,WA,2,2021-04-01,2738.943
2,WA skill level 2,WA,2,2021-05-01,2757.547
2,WA skill level 2,WA,2,2021-06-01,2839.353
2,WA skill level 2,WA,2,2021-07-01,2852.887
2,WA skill level 2,WA,2,2021-08-01,2846.983
2,WA skill level 2,WA,2,2021-09-01,2914.977
2,WA skill level 2,WA,2,2021-10-01,2954.023
2,WA skill level 2,WA,2,2021-11-01,2974.378
2,WA skill level 2,WA,2,2021-12-01,3015.077
2,WA skill level 2,WA,2,2022-01-01,3229.933
2,WA skill level 2,WA,2,2022-02-01,3376.021
2,WA skill level 2,WA,2,2022-03-01,3312.982
2,WA skill level 2,WA,2,2022-04-01,3331.939
2,WA skill level 2,WA,2,2022-05-01,3539.982
2,WA skill level 2,WA,2,2022-06-01,3682.239
2,WA skill level 2,WA,2,2022-07-01,3531.238
2,WA skill level 2,WA,2,2022-08-01,3648.182
2,WA skill level 2,WA,2,2022-09-01,3272.357
2,WA skill level 2,WA,2,2022-10-01,3443.855
2,WA skill level 2,WA,2,2022-11-01,3410.721
2,WA skill level 2,WA,2,2022-12-01,3397.847
2,WA skill level 2,WA,2,2023-01-01,3459.466
2,WA skill level 2,WA,2,2023-02-01,3667.046
2,WA skill level 2,WA,2,2023-03-01,3673.696
2,WA skill level 2,WA,2,2023-04-01,3857.72
2,WA skill level 2,WA,2,2023-05-01,3781.487
2,WA skill level 2,WA,2,2023-06-01,3664.777
2,WA skill level 2,WA,2,2023-07-01,3621.703
2,WA skill level 2,WA,2,2023-08-01,3556.779
2,WA skill level 2,WA,2,2023-09-01,3533.038
2,WA skill level 2,WA,2,2023-10-01,3574.492
2,WA skill level 2,WA,2,2023-11-01,3724.38
2,WA skill level 2,WA,2,2023-12-01,3867.792
2,WA skill level 2,WA,2,2024-01-01,3573.29
2,WA skill level 2,WA,2,2024-02-01,3536.225
2,WA skill level 2,WA,2,2024-03-01,3666.073
2,WA skill level 2,WA,2,2024-04-01,3530.715
2,WA skill level 2,WA,2,2024-05-01,3477.889
2,WA skill level 2,WA,2,2024-06-01,3270.421
2,WA skill level 2,WA,2,2024-07-01,3213.313
2,WA skill level 2,WA,2,2024-08-01,3327.264
2,WA skill level 2,WA,2,2024-09-01,3470.366
2,WA skill level 2,WA,2,2024-10-01,3373.709
2,WA skill level 2,WA,2,2024-11-01,3061.35
2,WA skill level 2,WA,2,2024-12-01,2971.146
2,WA skill level 2,WA,2,2025-01-01,3231.713
2,WA skill level 2,WA,2,2025-02-01,3084.107
2,WA skill level 2,WA,2,2025-03-01,2974.083
2,WA skill level 2,WA,2,2025-04-01,3272.178
2,WA skill level 2,WA,2,2025-05-01,3057.108
2,WA skill level 2,WA,2,2025-06-01,3119.371
2,WA skill level 2,WA,2,2025-07-01,3079.835
2,WA skill level 2,WA,2,2025-08-01,2889.678
2,WA skill level 2,WA,2,2025-09-01,2935.154
2,WA skill level 2,WA,2,2025-10-01,2906.415
2,WA skill level 2,WA,2,2025-11-01,2975.966
2,WA skill level 2,WA,2,2025-12-01,3045.694
2,WA skill level 2,WA,2,2026-01-01,3065.986
2,WA skill level 2,WA,2,2026-02-01,3059.379
2,WA skill level 2,WA,2,2026-03-01,3106.402
2,WA skill level 2,WA,2,2026-04-01,2998.734
2,WA skill level 2,WA,2,2026-05-01,2998.212
2,WA skill level 2,WA,2,2026-06-01,3093.325
2,WA skill level 2,WA,2,2026-07-01,3211.112
2,WA skill level 3,WA,3,2006-01-01,2180.103
2,WA skill level 3,WA,3,2006-02-01,2313.886
2,WA skill level 3,WA,3,2006-03-01,2575.514
2,WA skill level 3,WA,3,2006-04-01,2362.71
2,WA skill level 3,WA,3,2006-05-01,2377.282
2,WA skill level 3,WA,3,2006-06-01,2454.358
2,WA skill level 3,WA,3,2006-07-01,2298.716
2,WA skill level 3,WA,3,2006-08-01,2387.821
2,WA skill level 3,WA,3,2006-09-01,2384.42
2,WA skill level 3,WA,3,2006-10-01,2473.739
2,WA skill level 3,WA,3,2006-11-01,2625.166
2,WA skill level 3,WA,3,2006-12-01,2359.138
2,WA skill level 3,WA,3,2007-01-01,2676.449
2,WA skill level 3,WA,3,2007-02-01,2734.627
2,WA skill level 3,WA,3,2007-03-01,2783.885
2,WA skill level 3,WA,3,2007-04-01,2903.359
2,WA skill level 3,WA,3,2007-05-01,2989.123
2,WA skill level 3,WA,3,2007-06-01,2894.168
2,WA skill level 3,WA,3,2007-07-01,3001.145
2,WA skill level 3,WA,3,2007-08-01,2968.202
2,WA skill level 3,WA,3,2007-09-01,2969.562
2,WA skill level 3,WA,3,2007-10-01,2935.5
2,WA skill level 3,WA,3,2007-11-01,3253.958
2,WA skill level 3,WA,3,2007-12-01,3278.151
2,WA skill level 3,WA,3,2008-01-01,3397.485
2,WA skill level 3,WA,3,2008-02-01,3361.731
2,WA skill level 3,WA,3,2008-03-01,3346.983
2,WA skill level 3,WA,3,2008-04-01,3575.155
2,WA skill level 3,WA,3,2008-05-01,3292.358
2,WA skill level 3,WA,3,2008-06-01,3548.786
2,WA skill level 3,WA,3,2008-07-01,3582.751
2,WA skill level 3,WA,3,2008-08-01,3521.09
2,WA skill level 3,WA,3,2008-09-01,3371.111
2,WA skill level 3,WA,3,2008-10-01,3327.125
2,WA skill level 3,WA,3,2008-11-01,2979.842
2,WA skill level 3,WA,3,2008-12-01,2739.204
2,WA skill level 3,WA,3,2009-01-01,2409.361
2,WA skill level 3,WA,3,2009-02-01,2298.086
2,WA skill level 3,WA,3,2009-03-01,1999.72
2,WA skill level 3,WA,3,2009-04-01,1990.944
2,WA skill level 3,WA,3,2009-05-01,2087.583
2,WA skill level 3,WA,3,2009-06-01,2008.07
2,WA skill level 3,WA,3,2009-07-01,1751.753
2,WA skill level 3,WA,3,2009-08-01,1969.71
2,WA skill level 3,WA,3,2009-09-01,2014.39
2,WA skill level 3,WA,3,2009-10-01,2037.124
2,WA skill level 3,WA,3,2009-11-01,2036.704
2,WA skill level 3,WA,3,2009-12-01,2263.067
2,WA skill level 3,WA,3,2010-01-01,2492.962
2,WA skill level 3,WA,3,2010-02-01,2610.564
2,WA skill level 3,WA,3,2010-03-01,2769.081
2,WA skill level 3,WA,3,2010-04-01,2746.055
2,WA skill level 3,WA,3,2010-05-01,2851.138
2,WA skill level 3,WA,3,2010-06-01,2838.716
2,WA skill level 3,WA,3,2010-07-01,3044.803
2,WA skill level 3,WA,3,2010-08-01,3069.469
2,WA skill level 3,WA,3,2010-09-01,3110.06
2,WA skill level 3,WA,3,2010-10-01,4076.156
2,WA skill level 3,WA,3,2010-11-01,3989.851
2,WA skill level 3,WA,3,2010-12-01,3175.527
2,WA skill level 3,WA,3,2011-01-01,3578.615
2,WA skill level 3,WA,3,2011-02-01,3519.545
2,WA skill level 3,WA,3,2011-03-01,3689.483
2,WA skill level 3,WA,3,2011-04-01,3616.007
2,WA skill level 3,WA,3,2011-05-01,3508.927
2,WA skill level 3,WA,3,2011-06-01,3570.815
2,WA skill level 3,WA,3,2011-07-01,3764.966
2,WA skill level 3,WA,3,2011-08-01,3747.75
2,WA skill level 3,WA,3,2011-09-01,3759.14
2,WA skill level 3,WA,3,2011-10-01,3746.475
2,WA skill level 3,WA,3,2011-11-01,3848.159
2,WA skill level 3,WA,3,2011-12-01,3902.902
2,WA skill level 3,WA,3,2012-01-01,3754.58
2,WA skill level 3,WA,3,2012-02-01,3988.647
2,WA skill level 3,WA,3,2012-03-01,3888.633
2,WA skill level 3,WA,3,2012-04-01,4105.457
2,WA skill level 3,WA,3,2012-05-01,4122.79
2,WA skill level 3,WA,3,2012-06-01,4041.417
2,WA skill level 3,WA,3,2012-07-01,3807.835
2,WA skill level 3,WA,3,2012-08-01,3800.963
2,WA skill level 3,WA,3,2012-09-01,3601.222
2,WA skill level 3,WA,3,2012-10-01,3385.829
2,WA skill level 3,WA,3,2012-11-01,3158.941
2,WA skill level 3,WA,3,2012-12-01,3143.71
2,WA skill level 3,WA,3,2013-01-01,3091.682
2,WA skill level 3,WA,3,2013-02-01,2972.9
2,WA skill level 3,WA,3,2013-03-01,3017.627
2,WA skill level 3,WA,3,2013-04-01,2879.519
2,WA skill level 3,WA,3,2013-05-01,2863.097
2,WA skill level 3,WA,3,2013-06-01,2671.186
2,WA skill level 3,WA,3,2013-07-01,2576.446
2,WA skill level 3,WA,3,2013-08-01,2598.954
2,WA skill level 3,WA,3,2013-09-01,2619.474
2,WA skill level 3,WA,3,2013-10-01,2699.428
2,WA skill level 3,WA,3,2013-11-01,2820.59
2,WA skill level 3,WA,3,2013-12-01,2944.026
2,WA skill level 3,WA,3,2014-01-01,3215.5
2,WA skill level 3,WA,3,2014-02-01,3200.357
2,WA skill level 3,WA,3,2014-03-01,3151.756
2,WA skill level 3,WA,3,2014-04-01,3196.813
2,WA skill level 3,WA,3,2014-05-01,3153.139
2,WA skill level 3,WA,3,2014-06-01,3459.27
2,WA skill level 3,WA,3,2014-07-01,3361.054
2,WA skill level 3,WA,3,2014-08-01,3355.406
2,WA skill level 3,WA,3,2014-09-01,3415.71
2,WA skill level 3,WA,3,2014-10-01,3486.662
2,WA skill level 3,WA,3,2014-11-01,3170.371
2,WA skill level 3,WA,3,2014-12-01,2712.59
2,WA skill level 3,WA,3,2015-01-01,2995.453
2,WA skill level 3,WA,3,2015-02-01,2890.635
2,WA skill level 3,WA,3,2015-03-01,2858.57
2,WA skill level 3,WA,3,2015-04-01,2620.961
2,WA skill level 3,WA,3,2015-05-01,2592.673
2,WA skill level 3,WA,3,2015-06-01,2746.703
2,WA skill level 3,WA,3,2015-07-01,3044.226
2,WA skill level 3,WA,3,2015-08-01,2881.517
2,WA skill level 3,WA,3,2015-09-01,2799.75
2,WA skill level 3,WA,3,2015-10-01,2952.728
2,WA skill level 3,WA,3,2015-11-01,2949.044
2,WA skill level 3,WA,3,2015-12-01,2718.07
2,WA skill level 3,WA,3,2016-01-01,2501.201
2,WA skill level 3,WA,3,2016-02-01,2427.016
2,WA skill level 3,WA,3,2016-03-01,2322.731
2,WA skill level 3,WA,3,2016-04-01,2394.051
2,WA skill level 3,WA,3,2016-05-01,2399.674
2,WA skill level 3,WA,3,2016-06-01,2306.903
2,WA skill level 3,WA,3,2016-07-01,2298.755
2,WA skill level 3,WA,3,2016-08-01,2272.259
2,WA skill level 3,WA,3,2016-09-01,2234.704
2,WA skill level 3,WA,3,2016-10-01,2241.781
2,WA skill level 3,WA,3,2016-11-01,2295.449
2,WA skill level 3,WA,3,2016-12-01,2356.004
2,WA skill level 3,WA,3,2017-01-01,2376.892
2,WA skill level 3,WA,3,2017-02-01,2536.505
2,WA skill level 3,WA,3,2017-03-01,2609.449
2,WA skill level 3,WA,3,2017-04-01,2604.407
2,WA skill level 3,WA,3,2017-05-01,2534.688
2,WA skill level 3,WA,3,2017-06-01,2683.694
2,WA skill level 3,WA,3,2017-07-01,2664.965
2,WA skill level 3,WA,3,2017-08-01,2652.468
2,WA skill level 3,WA,3,2017-09-01,2763.719
2,WA skill level 3,WA,3,2017-10-01,2787.358
2,WA skill level 3,WA,3,2017-11-01,2901.989
2,WA skill level 3,WA,3,2017-12-01,2847.41
2,WA skill level 3,WA,3,2018-01-01,2919.167
2,WA skill level 3,WA,3,2018-02-01,2958.303
2,WA skill level 3,WA,3,2018-03-01,3168.503
2,WA skill level 3,WA,3,2018-04-01,3276.515
2,WA skill level 3,WA,3,2018-05-01,3316.488
2,WA skill level 3,WA,3,2018-06-01,3087.506
2,WA skill level 3,WA,3,2018-07-01,3196.319
2,WA skill level 3,WA,3,2018-08-01,3211.067
2,WA skill level 3,WA,3,2018-09-01,3207.42
2,WA skill level 3,WA,3,2018-10-01,3122.987
2,WA skill level 3,WA,3,2018-11-01,3133.351
2,WA skill level 3,WA,3,2018-12-01,3173.796
2,WA skill level 3,WA,3,2019-01-01,3250.894
2,WA skill level 3,WA,3,2019-02-01,3320.754
2,WA skill level 3,WA,3,2019-03-01,3195.362
2,WA skill level 3,WA,3,2019-04-01,3175.285
2,WA skill level 3,WA,3,2019-05-01,3230.766
2,WA skill level 3,WA,3,2019-06-01,3129.607
2,WA skill level 3,WA,3,2019-07-01,3062.722
2,WA skill level 3,WA,3,2019-08-01,3016.633
2,WA skill level 3,WA,3,2019-09-01,2953.162
2,WA skill level 3,WA,3,2019-10-01,3021.007
2,WA skill level 3,WA,3,2019-11-01,2936.41
2,WA skill level 3,WA,3,2019-12-01,3057.364
2,WA skill level 3,WA,3,2020-01-01,3246.189
2,WA skill level 3,WA,3,2020-02-01,3034.822
2,WA skill level 3,WA,3,2020-03-01,2404.915
2,WA skill level 3,WA,3,2020-04-01,1667.723
2,WA skill level 3,WA,3,2020-05-01,2165.453
2,WA skill level 3,WA,3,2020-06-01,2917.571
2,WA skill level 3,WA,3,2020-07-01,3333.93
2,WA skill level 3,WA,3,2020-08-01,3608.754
2,WA skill level 3,WA,3,2020-09-01,3839.673
2,WA skill level 3,WA,3,2020-10-01,4161.073
2,WA skill level 3,WA,3,2020-11-01,4227.503
2,WA skill level 3,WA,3,2020-12-01,4250.941
2,WA skill level 3,WA,3,2021-01-01,4537.454
2,WA skill level 3,WA,3,2021-02-01,4433.503
2,WA skill level 3,WA,3,2021-03-01,5298.63
2,WA skill level 3,WA,3,2021-04-01,5059.795
2,WA skill level 3,WA,3,2021-05-01,5057.475
2,WA skill level 3,WA,3,2021-06-01,5063.342
2,WA skill level 3,WA,3,2021-07-01,5053.53
2,WA skill level 3,WA,3,2021-08-01,5086.554
2,WA skill level 3,WA,3,2021-09-01,5335.566
2,WA skill level 3,WA,3,2021-10-01,5112.659
2,WA skill level 3,WA,3,2021-11-01,5335.147
2,WA skill level 3,WA,3,2021-12-01,5449.708
2,WA skill level 3,WA,3,2022-01-01,5816.156
2,WA skill level 3,WA,3,2022-02-01,5953.444
2,WA skill level 3,WA,3,2022-03-01,6052.006
2,WA skill level 3,WA,3,2022-04-01,6080.66
2,WA skill level 3,WA,3,2022-05-01,6018.193
2,WA skill level 3,WA,3,2022-06-01,6160.569
2,WA skill level 3,WA,3,2022-07-01,6020.695
2,WA skill level 3,WA,3,2022-08-01,6067.42
2,WA skill level 3,WA,3,2022-09-01,5701.906
2,WA skill level 3,WA,3,2022-10-01,5710.633
2,WA skill level 3,WA,3,2022-11-01,5692.536
2,WA skill level 3,WA,3,2022-12-01,5855.478
2,WA skill level 3,WA,3,2023-01-01,5826.388
2,WA skill level 3,WA,3,2023-02-01,6049.785
2,WA skill level 3,WA,3,2023-03-01,6075.014
2,WA skill level 3,WA,3,2023-04-01,6626.069
2,WA skill level 3,WA,3,2023-05-01,6365.926
2,WA skill level 3,WA,3,2023-06-01,6049.566
2,WA skill level 3,WA,3,2023-07-01,6014.092
2,WA skill level 3,WA,3,2023-08-01,6033.413
2,WA skill level 3,WA,3,2023-09-01,6064.272
2,WA skill level 3,WA,3,2023-10-01,6146.747
2,WA skill level 3,WA,3,2023-11-01,6401.516
2,WA skill level 3,WA,3,2023-12-01,6283.344
2,WA skill level 3,WA,3,2024-01-01,5791.772
2,WA skill level 3,WA,3,2024-02-01,5986.54
2,WA skill level 3,WA,3,2024-03-01,5865.49
2,WA skill level 3,WA,3,2024-04-01,5638.206
2,WA skill level 3,WA,3,2024-05-01,5947.93
2,WA skill level 3,WA,3,2024-06-01,5546.428
2,WA skill level 3,WA,3,2024-07-01,5454.651
2,WA skill level 3,WA,3,2024-08-01,5481.56
2,WA skill level 3,WA,3,2024-09-01,5537.1
2,WA skill level 3,WA,3,2024-10-01,5492.972
2,WA skill level 3,WA,3,2024-11-01,5216.241
2,WA skill level 3,WA,3,2024-12-01,5143.581
2,WA skill level 3,WA,3,2025-01-01,5263.44
2,WA skill level 3,WA,3,2025-02-01,5255.651
2,WA skill level 3,WA,3,2025-03-01,5237.573
2,WA skill level 3,WA,3,2025-04-01,5605.063
2,WA skill level 3,WA,3,2025-05-01,5297.189
2,WA skill level 3,WA,3,2025-06-01,5295.491
2,WA skill level 3,WA,3,2025-07-01,5333.818
2,WA skill level 3,WA,3,2025-08-01,5112.788
2,WA skill level 3,WA,3,2025-09-01,5104.314
2,WA skill level 3,WA,3,2025-10-01,5122.17
2,WA skill level 3,WA,3,2025-11-01,5103.329
2,WA skill level 3,WA,3,2025-12-01,5272.482
2,WA skill level 3,WA,3,2026-01-01,5316.464
2,WA skill level 3,WA,3,2026-02-01,5201.68
2,WA skill level 3,WA,3,2026-03-01,5639.686
2,WA skill level 3,WA,3,2026-04-01,5446.012
2,WA skill level 3,WA,3,2026-05-01,5361.682
2,WA skill level 3,WA,3,2026-06-01,5494.918
2,WA skill level 3,WA,3,2026-07-01,5540.999
2,WA skill level 4,WA,4,2006-01-01,5080.805
2,WA skill level 4,WA,4,2006-02-01,5246.238
2,WA skill level 4,WA,4,2006-03-01,5365.734
2,WA skill level 4,WA,4,2006-04-01,5410.989
2,WA skill level 4,WA,4,2006-05-01,5535.537
2,WA skill level 4,WA,4,2006-06-01,5949.203
2,WA skill level 4,WA,4,2006-07-01,5777.242
2,WA skill level 4,WA,4,2006-08-01,5817.698
2,WA skill level 4,WA,4,2006-09-01,5824.407
2,WA skill level 4,WA,4,2006-10-01,6064.831
2,WA skill level 4,WA,4,2006-11-01,6230.02
2,WA skill level 4,WA,4,2006-12-01,6319.611
2,WA skill level 4,WA,4,2007-01-01,6624.19
2,WA skill level 4,WA,4,2007-02-01,6845.318
2,WA skill level 4,WA,4,2007-03-01,7134.564
2,WA skill level 4,WA,4,2007-04-01,7319.71
2,WA skill level 4,WA,4,2007-05-01,7335.985
2,WA skill level 4,WA,4,2007-06-01,7259.234
2,WA skill level 4,WA,4,2007-07-01,7484.815
2,WA skill level 4,WA,4,2007-08-01,7611.326
2,WA skill level 4,WA,4,2007-09-01,7732.265
2,WA skill level 4,WA,4,2007-10-01,7526.133
2,WA skill level 4,WA,4,2007-11-01,7937.036
2,WA skill level 4,WA,4,2007-12-01,8251.453
2,WA skill level 4,WA,4,2008-01-01,8198.502
2,WA skill level 4,WA,4,2008-02-01,8229.191
2,WA skill level 4,WA,4,2008-03-01,8217.497
2,WA skill level 4,WA,4,2008-04-01,8322.202
2,WA skill level 4,WA,4,2008-05-01,8207.936
2,WA skill level 4,WA,4,2008-06-01,8081.445
2,WA skill level 4,WA,4,2008-07-01,7734.385
2,WA skill level 4,WA,4,2008-08-01,7291.106
2,WA skill level 4,WA,4,2008-09-01,6923.721
2,WA skill level 4,WA,4,2008-10-01,6455.12
2,WA skill level 4,WA,4,2008-11-01,5424.954
2,WA skill level 4,WA,4,2008-12-01,5096.379
2,WA skill level 4,WA,4,2009-01-01,4646.19
2,WA skill level 4,WA,4,2009-02-01,4242.763
2,WA skill level 4,WA,4,2009-03-01,3845.445
2,WA skill level 4,WA,4,2009-04-01,3741.441
2,WA skill level 4,WA,4,2009-05-01,3623.685
2,WA skill level 4,WA,4,2009-06-01,3696.535
2,WA skill level 4,WA,4,2009-07-01,3500.811
2,WA skill level 4,WA,4,2009-08-01,3938.362
2,WA skill level 4,WA,4,2009-09-01,4126.975
2,WA skill level 4,WA,4,2009-10-01,4240.504
2,WA skill level 4,WA,4,2009-11-01,4638.474
2,WA skill level 4,WA,4,2009-12-01,4797.211
2,WA skill level 4,WA,4,2010-01-01,4966.668
2,WA skill level 4,WA,4,2010-02-01,5272.57
2,WA skill level 4,WA,4,2010-03-01,5289.69
2,WA skill level 4,WA,4,2010-04-01,5314.388
2,WA skill level 4,WA,4,2010-05-01,5579.929
2,WA skill level 4,WA,4,2010-06-01,5725.491
2,WA skill level 4,WA,4,2010-07-01,5761.412
2,WA skill level 4,WA,4,2010-08-01,5956.152
2,WA skill level 4,WA,4,2010-09-01,5965.749
2,WA skill level 4,WA,4,2010-10-01,6850.994
2,WA skill level 4,WA,4,2010-11-01,6706.223
2,WA skill level 4,WA,4,2010-12-01,6653.322
2,WA skill level 4,WA,4,2011-01-01,6644.467
2,WA skill level 4,WA,4,2011-02-01,6427.809
2,WA skill level 4,WA,4,2011-03-01,6647.415
2,WA skill level 4,WA,4,2011-04-01,6803.496
2,WA skill level 4,WA,4,2011-05-01,6649.772
2,WA skill level 4,WA,4,2011-06-01,6841.964
2,WA skill level 4,WA,4,2011-07-01,6962.217
2,WA skill level 4,WA,4,2011-08-01,6867.197
2,WA skill level 4,WA,4,2011-09-01,6850.021
2,WA skill level 4,WA,4,2011-10-01,6451.332
2,WA skill level 4,WA,4,2011-11-01,6881.561
2,WA skill level 4,WA,4,2011-12-01,7352.094
2,WA skill level 4,WA,4,2012-01-01,6899.569
2,WA skill level 4,WA,4,2012-02-01,7049.498
2,WA skill level 4,WA,4,2012-03-01,7179.545
2,WA skill level 4,WA,4,2012-04-01,6958.289
2,WA skill level 4,WA,4,2012-05-01,7055.228
2,WA skill level 4,WA,4,2012-06-01,6590.93
2,WA skill level 4,WA,4,2012-07-01,6543.184
2,WA skill level 4,WA,4,2012-08-01,6147.774
2,WA skill level 4,WA,4,2012-09-01,5910.186
2,WA skill level 4,WA,4,2012-10-01,5223.679
2,WA skill level 4,WA,4,2012-11-01,5132.788
2,WA skill level 4,WA,4,2012-12-01,5189.101
2,WA skill level 4,WA,4,2013-01-01,5103.222
2,WA skill level 4,WA,4,2013-02-01,4980.485
2,WA skill level 4,WA,4,2013-03-01,4983.094
2,WA skill level 4,WA,4,2013-04-01,4825.451
2,WA skill level 4,WA,4,2013-05-01,4564.553
2,WA skill level 4,WA,4,2013-06-01,4216.002
2,WA skill level 4,WA,4,2013-07-01,4257.278
2,WA skill level 4,WA,4,2013-08-01,4273.295
2,WA skill level 4,WA,4,2013-09-01,4299.306
2,WA skill level 4,WA,4,2013-10-01,4349.024
2,WA skill level 4,WA,4,2013-11-01,4260.817
2,WA skill level 4,WA,4,2013-12-01,4110.812
2,WA skill level 4,WA,4,2014-01-01,4665.793
2,WA skill level 4,WA,4,2014-02-01,4485.616
2,WA skill level 4,WA,4,2014-03-01,4367.645
2,WA skill level 4,WA,4,2014-04-01,4399.759
2,WA skill level 4,WA,4,2014-05-01,4399.232
2,WA skill level 4,WA,4,2014-06-01,4501.808
2,WA skill level 4,WA,4,2014-07-01,4391.068
2,WA skill level 4,WA,4,2014-08-01,4680.712
2,WA skill level 4,WA,4,2014-09-01,4462.691
2,WA skill level 4,WA,4,2014-10-01,4584.228
2,WA skill level 4,WA,4,2014-11-01,4398.8
2,WA skill level 4,WA,4,2014-12-01,4247.063
2,WA skill level 4,WA,4,2015-01-01,4422.969
2,WA skill level 4,WA,4,2015-02-01,4293.948
2,WA skill level 4,WA,4,2015-03-01,4088.315
2,WA skill level 4,WA,4,2015-04-01,3879.324
2,WA skill level 4,WA,4,2015-05-01,3620.695
2,WA skill level 4,WA,4,2015-06-01,3964.077
2,WA skill level 4,WA,4,2015-07-01,3951.043
2,WA skill level 4,WA,4,2015-08-01,3814.881
2,WA skill level 4,WA,4,2015-09-01,3876.969
2,WA skill level 4,WA,4,2015-10-01,3733.082
2,WA skill level 4,WA,4,2015-11-01,3716.993
2,WA skill level 4,WA,4,2015-12-01,3563.628
2,WA skill level 4,WA,4,2016-01-01,3392.211
2,WA skill level 4,WA,4,2016-02-01,3226.632
2,WA skill level 4,WA,4,2016-03-01,3200.537
2,WA skill level 4,WA,4,2016-04-01,3179.882
2,WA skill level 4,WA,4,2016-05-01,3191.642
2,WA skill level 4,WA,4,2016-06-01,3307.47
2,WA skill level 4,WA,4,2016-07-01,3295.029
2,WA skill level 4,WA,4,2016-08-01,3246.752
2,WA skill level 4,WA,4,2016-09-01,3233.489
2,WA skill level 4,WA,4,2016-10-01,3246.846
2,WA skill level 4,WA,4,2016-11-01,3333.581
2,WA skill level 4,WA,4,2016-12-01,3475.504
2,WA skill level 4,WA,4,2017-01-01,3398.39
2,WA skill level 4,WA,4,2017-02-01,3420.535
2,WA skill level 4,WA,4,2017-03-01,3585.88
2,WA skill level 4,WA,4,2017-04-01,3757.393
2,WA skill level 4,WA,4,2017-05-01,3669.073
2,WA skill level 4,WA,4,2017-06-01,3691.522
2,WA skill level 4,WA,4,2017-07-01,3544.543
2,WA skill level 4,WA,4,2017-08-01,3576.848
2,WA skill level 4,WA,4,2017-09-01,3672.812
2,WA skill level 4,WA,4,2017-10-01,3744.64
2,WA skill level 4,WA,4,2017-11-01,3843.566
2,WA skill level 4,WA,4,2017-12-01,3817.087
2,WA skill level 4,WA,4,2018-01-01,3911.338
2,WA skill level 4,WA,4,2018-02-01,4094.557
2,WA skill level 4,WA,4,2018-03-01,4126.186
2,WA skill level 4,WA,4,2018-04-01,4336.223
2,WA skill level 4,WA,4,2018-05-01,4174.023
2,WA skill level 4,WA,4,2018-06-01,4032.554
2,WA skill level 4,WA,4,2018-07-01,4040.496
2,WA skill level 4,WA,4,2018-08-01,4021.572
2,WA skill level 4,WA,4,2018-09-01,3958.91
2,WA skill level 4,WA,4,2018-10-01,3940.186
2,WA skill level 4,WA,4,2018-11-01,3971.368
2,WA skill level 4,WA,4,2018-12-01,3934.862
2,WA skill level 4,WA,4,2019-01-01,4009.215
2,WA skill level 4,WA,4,2019-02-01,4082.746
2,WA skill level 4,WA,4,2019-03-01,4175.406
2,WA skill level 4,WA,4,2019-04-01,4199.897
2,WA skill level 4,WA,4,2019-05-01,4200.855
2,WA skill level 4,WA,4,2019-06-01,4063.751
2,WA skill level 4,WA,4,2019-07-01,4199.495
2,WA skill level 4,WA,4,2019-08-01,4115.371
2,WA skill level 4,WA,4,2019-09-01,4210.819
2,WA skill level 4,WA,4,2019-10-01,4154.287
2,WA skill level 4,WA,4,2019-11-01,4176.558
2,WA skill level 4,WA,4,2019-12-01,4162.092
2,WA skill level 4,WA,4,2020-01-01,4339.932
2,WA skill level 4,WA,4,2020-02-01,4289.48
2,WA skill level 4,WA,4,2020-03-01,3381.617
2,WA skill level 4,WA,4,2020-04-01,2395.881
2,WA skill level 4,WA,4,2020-05-01,2989.748
2,WA skill level 4,WA,4,2020-06-01,3897.658
2,WA skill level 4,WA,4,2020-07-01,4388.562
2,WA skill level 4,WA,4,2020-08-01,4754.212
2,WA skill level 4,WA,4,2020-09-01,4913.008
2,WA skill level 4,WA,4,2020-10-01,5306.08
2,WA skill level 4,WA,4,2020-11-01,5451.646
2,WA skill level 4,WA,4,2020-12-01,5683.583
2,WA skill level 4,WA,4,2021-01-01,6054.59
2,WA skill level 4,WA,4,2021-02-01,5780.025
2,WA skill level 4,WA,4,2021-03-01,7202.443
2,WA skill level 4,WA,4,2021-04-01,6839.464
2,WA skill level 4,WA,4,2021-05-01,6908.723
2,WA skill level 4,WA,4,2021-06-01,6972.271
2,WA skill level 4,WA,4,2021-07-01,6943.867
2,WA skill level 4,WA,4,2021-08-01,7273.044
2,WA skill level 4,WA,4,2021-09-01,7788.623
2,WA skill level 4,WA,4,2021-10-01,7405.751
2,WA skill level 4,WA,4,2021-11-01,7696.9
2,WA skill level 4,WA,4,2021-12-01,7898.402
2,WA skill level 4,WA,4,2022-01-01,8277.875
2,WA skill level 4,WA,4,2022-02-01,8291.314
2,WA skill level 4,WA,4,2022-03-01,8473.46
2,WA skill level 4,WA,4,2022-04-01,8449.203
2,WA skill level 4,WA,4,2022-05-01,8945.536
2,WA skill level 4,WA,4,2022-06-01,9125.483
2,WA skill level 4,WA,4,2022-07-01,8863.196
2,WA skill level 4,WA,4,2022-08-01,8772.628
2,WA skill level 4,WA,4,2022-09-01,8231.166
2,WA skill level 4,WA,4,2022-10-01,8548.952
2,WA skill level 4,WA,4,2022-11-01,8109.846
2,WA skill level 4,WA,4,2022-12-01,8058.922
2,WA skill level 4,WA,4,2023-01-01,8172.106
2,WA skill level 4,WA,4,2023-02-01,8634.918
2,WA skill level 4,WA,4,2023-03-01,8670.509
2,WA skill level 4,WA,4,2023-04-01,8823.063
2,WA skill level 4,WA,4,2023-05-01,8481.206
2,WA skill level 4,WA,4,2023-06-01,8407.909
2,WA skill level 4,WA,4,2023-07-01,8461.608
2,WA skill level 4,WA,4,2023-08-01,8361.171
2,WA skill level 4,WA,4,2023-09-01,8274.278
2,WA skill level 4,WA,4,2023-10-01,8264.202
2,WA skill level 4,WA,4,2023-11-01,8435.026
2,WA skill level 4,WA,4,2023-12-01,8624.627
2,WA skill level 4,WA,4,2024-01-01,8174.545
2,WA skill level 4,WA,4,2024-02-01,7921.556
2,WA skill level 4,WA,4,2024-03-01,7877.238
2,WA skill level 4,WA,4,2024-04-01,7767.007
2,WA skill level 4,WA,4,2024-05-01,7812.464
2,WA skill level 4,WA,4,2024-06-01,7368.215
2,WA skill level 4,WA,4,2024-07-01,6902.233
2,WA skill level 4,WA,4,2024-08-01,7023.801
2,WA skill level 4,WA,4,2024-09-01,6975.383
2,WA skill level 4,WA,4,2024-10-01,7262.178
2,WA skill level 4,WA,4,2024-11-01,6880.219
2,WA skill level 4,WA,4,2024-12-01,6687.92
2,WA skill level 4,WA,4,2025-01-01,6923.355
2,WA skill level 4,WA,4,2025-02-01,6764.393
2,WA skill level 4,WA,4,2025-03-01,6740.453
2,WA skill level 4,WA,4,2025-04-01,7160.963
2,WA skill level 4,WA,4,2025-05-01,6836.53
2,WA skill level 4,WA,4,2025-06-01,6883.602
2,WA skill level 4,WA,4,2025-07-01,6743.753
2,WA skill level 4,WA,4,2025-08-01,6427.349
2,WA skill level 4,WA,4,2025-09-01,6877.328
2,WA skill level 4,WA,4,2025-10-01,6803.629
2,WA skill level 4,WA,4,2025-11-01,6929.348
2,WA skill level 4,WA,4,2025-12-01,7043.438
2,WA skill level 4,WA,4,2026-01-01,7082.277
2,WA skill level 4,WA,4,2026-02-01,7086.831
2,WA skill level 4,WA,4,2026-03-01,7243.357
2,WA skill level 4,WA,4,2026-04-01,7036.903
2,WA skill level 4,WA,4,2026-05-01,6995.437
2,WA skill level 4,WA,4,2026-06-01,7155.996
2,WA skill level 4,WA,4,2026-07-01,7463.936
2,WA skill level 5,WA,5,2006-01-01,4042.508
2,WA skill level 5,WA,5,2006-02-01,4206.015
2,WA skill level 5,WA,5,2006-03-01,4525.709
2,WA skill level 5,WA,5,2006-04-01,4255.174
2,WA skill level 5,WA,5,2006-05-01,4389.365
2,WA skill level 5,WA,5,2006-06-01,4253.51
2,WA skill level 5,WA,5,2006-07-01,4142.046
2,WA skill level 5,WA,5,2006-08-01,4443.068
2,WA skill level 5,WA,5,2006-09-01,4440.145
2,WA skill level 5,WA,5,2006-10-01,4415.252
2,WA skill level 5,WA,5,2006-11-01,4584.053
2,WA skill level 5,WA,5,2006-12-01,4586.155
2,WA skill level 5,WA,5,2007-01-01,4469.204
2,WA skill level 5,WA,5,2007-02-01,4517.269
2,WA skill level 5,WA,5,2007-03-01,4453.308
2,WA skill level 5,WA,5,2007-04-01,4489.094
2,WA skill level 5,WA,5,2007-05-01,4528.069
2,WA skill level 5,WA,5,2007-06-01,4755.152
2,WA skill level 5,WA,5,2007-07-01,4842.164
2,WA skill level 5,WA,5,2007-08-01,4768.297
2,WA skill level 5,WA,5,2007-09-01,4753.33
2,WA skill level 5,WA,5,2007-10-01,4542.499
2,WA skill level 5,WA,5,2007-11-01,4796.731
2,WA skill level 5,WA,5,2007-12-01,4822.375
2,WA skill level 5,WA,5,2008-01-01,4852.23
2,WA skill level 5,WA,5,2008-02-01,4947.593
2,WA skill level 5,WA,5,2008-03-01,4925.091
2,WA skill level 5,WA,5,2008-04-01,4898.069
2,WA skill level 5,WA,5,2008-05-01,4875.183
2,WA skill level 5,WA,5,2008-06-01,4806.647
2,WA skill level 5,WA,5,2008-07-01,4585.019
2,WA skill level 5,WA,5,2008-08-01,4239.622
2,WA skill level 5,WA,5,2008-09-01,3918.958
2,WA skill level 5,WA,5,2008-10-01,3749.243
2,WA skill level 5,WA,5,2008-11-01,3354.215
2,WA skill level 5,WA,5,2008-12-01,3196.256
2,WA skill level 5,WA,5,2009-01-01,3059.592
2,WA skill level 5,WA,5,2009-02-01,2659.862
2,WA skill level 5,WA,5,2009-03-01,2638.866
2,WA skill level 5,WA,5,2009-04-01,2594.552
2,WA skill level 5,WA,5,2009-05-01,2582.828
2,WA skill level 5,WA,5,2009-06-01,2311.844
2,WA skill level 5,WA,5,2009-07-01,1804.529
2,WA skill level 5,WA,5,2009-08-01,2231.48
2,WA skill level 5,WA,5,2009-09-01,2483.35
2,WA skill level 5,WA,5,2009-10-01,2615.928
2,WA skill level 5,WA,5,2009-11-01,2793.813
2,WA skill level 5,WA,5,2009-12-01,2933.749
2,WA skill level 5,WA,5,2010-01-01,2951.938
2,WA skill level 5,WA,5,2010-02-01,3233.881
2,WA skill level 5,WA,5,2010-03-01,3021.009
2,WA skill level 5,WA,5,2010-04-01,3084.16
2,WA skill level 5,WA,5,2010-05-01,3170.186
2,WA skill level 5,WA,5,2010-06-01,3231.834
2,WA skill level 5,WA,5,2010-07-01,3429.431
2,WA skill level 5,WA,5,2010-08-01,3705.837
2,WA skill level 5,WA,5,2010-09-01,3481.013
2,WA skill level 5,WA,5,2010-10-01,3753.3
2,WA skill level 5,WA,5,2010-11-01,3491.785
2,WA skill level 5,WA,5,2010-12-01,3253.87
2,WA skill level 5,WA,5,2011-01-01,3292.915
2,WA skill level 5,WA,5,2011-02-01,3362.367
2,WA skill level 5,WA,5,2011-03-01,3484.84
2,WA skill level 5,WA,5,2011-04-01,3481.871
2,WA skill level 5,WA,5,2011-05-01,3490.396
2,WA skill level 5,WA,5,2011-06-01,3879.097
2,WA skill level 5,WA,5,2011-07-01,3575.775
2,WA skill level 5,WA,5,2011-08-01,3582.021
2,WA skill level 5,WA,5,2011-09-01,3656.264
2,WA skill level 5,WA,5,2011-10-01,3426.769
2,WA skill level 5,WA,5,2011-11-01,3611.94
2,WA skill level 5,WA,5,2011-12-01,3605.25
2,WA skill level 5,WA,5,2012-01-01,3211.763
2,WA skill level 5,WA,5,2012-02-01,3472.748
2,WA skill level 5,WA,5,2012-03-01,3433.958
2,WA skill level 5,WA,5,2012-04-01,3343.087
2,WA skill level 5,WA,5,2012-05-01,3207.261
2,WA skill level 5,WA,5,2012-06-01,2941.596
2,WA skill level 5,WA,5,2012-07-01,2901.287
2,WA skill level 5,WA,5,2012-08-01,2802.26
2,WA skill level 5,WA,5,2012-09-01,2556.383
2,WA skill level 5,WA,5,2012-10-01,2554.07
2,WA skill level 5,WA,5,2012-11-01,2339.097
2,WA skill level 5,WA,5,2012-12-01,2350.657
2,WA skill level 5,WA,5,2013-01-01,2311.727
2,WA skill level 5,WA,5,2013-02-01,2124.688
2,WA skill level 5,WA,5,2013-03-01,2251.814
2,WA skill level 5,WA,5,2013-04-01,2130.21
2,WA skill level 5,WA,5,2013-05-01,2120.554
2,WA skill level 5,WA,5,2013-06-01,1991.065
2,WA skill level 5,WA,5,2013-07-01,1967.128
2,WA skill level 5,WA,5,2013-08-01,1943.666
2,WA skill level 5,WA,5,2013-09-01,1972.133
2,WA skill level 5,WA,5,2013-10-01,1934.118
2,WA skill level 5,WA,5,2013-11-01,2011.804
2,WA skill level 5,WA,5,2013-12-01,1959.317
2,WA skill level 5,WA,5,2014-01-01,2051.995
2,WA skill level 5,WA,5,2014-02-01,2025.766
2,WA skill level 5,WA,5,2014-03-01,1997.658
2,WA skill level 5,WA,5,2014-04-01,2012.558
2,WA skill level 5,WA,5,2014-05-01,1948.02
2,WA skill level 5,WA,5,2014-06-01,2225.371
2,WA skill level 5,WA,5,2014-07-01,2215.61
2,WA skill level 5,WA,5,2014-08-01,2323.096
2,WA skill level 5,WA,5,2014-09-01,2276.749
2,WA skill level 5,WA,5,2014-10-01,2418.24
2,WA skill level 5,WA,5,2014-11-01,2138.765
2,WA skill level 5,WA,5,2014-12-01,2131.547
2,WA skill level 5,WA,5,2015-01-01,2123.064
2,WA skill level 5,WA,5,2015-02-01,2211.23
2,WA skill level 5,WA,5,2015-03-01,1963.095
2,WA skill level 5,WA,5,2015-04-01,1938.196
2,WA skill level 5,WA,5,2015-05-01,1787.136
2,WA skill level 5,WA,5,2015-06-01,1754.701
2,WA skill level 5,WA,5,2015-07-01,1669.655
2,WA skill level 5,WA,5,2015-08-01,1660.81
2,WA skill level 5,WA,5,2015-09-01,1761.624
2,WA skill level 5,WA,5,2015-10-01,1679.481
2,WA skill level 5,WA,5,2015-11-01,1719.027
2,WA skill level 5,WA,5,2015-12-01,1688.012
2,WA skill level 5,WA,5,2016-01-01,1652.447
2,WA skill level 5,WA,5,2016-02-01,1462.518
2,WA skill level 5,WA,5,2016-03-01,1574.448
2,WA skill level 5,WA,5,2016-04-01,1530.551
2,WA skill level 5,WA,5,2016-05-01,1597.108
2,WA skill level 5,WA,5,2016-06-01,1632.075
2,WA skill level 5,WA,5,2016-07-01,1503.451
2,WA skill level 5,WA,5,2016-08-01,1394.242
2,WA skill level 5,WA,5,2016-09-01,1360.176
2,WA skill level 5,WA,5,2016-10-01,1397.225
2,WA skill level 5,WA,5,2016-11-01,1237.598
2,WA skill level 5,WA,5,2016-12-01,1344.968
2,WA skill level 5,WA,5,2017-01-01,1327.072
2,WA skill level 5,WA,5,2017-02-01,1384.124
2,WA skill level 5,WA,5,2017-03-01,1418.753
2,WA skill level 5,WA,5,2017-04-01,1450.38
2,WA skill level 5,WA,5,2017-05-01,1482.972
2,WA skill level 5,WA,5,2017-06-01,1470.764
2,WA skill level 5,WA,5,2017-07-01,1497.51
2,WA skill level 5,WA,5,2017-08-01,1477.274
2,WA skill level 5,WA,5,2017-09-01,1470.967
2,WA skill level 5,WA,5,2017-10-01,1493.129
2,WA skill level 5,WA,5,2017-11-01,1583.389
2,WA skill level 5,WA,5,2017-12-01,1587.182
2,WA skill level 5,WA,5,2018-01-01,1563.836
2,WA skill level 5,WA,5,2018-02-01,1596.733
2,WA skill level 5,WA,5,2018-03-01,1645.681
2,WA skill level 5,WA,5,2018-04-01,1601.855
2,WA skill level 5,WA,5,2018-05-01,1604.47
2,WA skill level 5,WA,5,2018-06-01,1641.51
2,WA skill level 5,WA,5,2018-07-01,1651.096
2,WA skill level 5,WA,5,2018-08-01,1660.593
2,WA skill level 5,WA,5,2018-09-01,1589.842
2,WA skill level 5,WA,5,2018-10-01,1539.21
2,WA skill level 5,WA,5,2018-11-01,1442.765
2,WA skill level 5,WA,5,2018-12-01,1448.87
2,WA skill level 5,WA,5,2019-01-01,1500.483
2,WA skill level 5,WA,5,2019-02-01,1571.696
2,WA skill level 5,WA,5,2019-03-01,1508.335
2,WA skill level 5,WA,5,2019-04-01,1637.871
2,WA skill level 5,WA,5,2019-05-01,1522.484
2,WA skill level 5,WA,5,2019-06-01,1541.283
2,WA skill level 5,WA,5,2019-07-01,1467.168
2,WA skill level 5,WA,5,2019-08-01,1409.506
2,WA skill level 5,WA,5,2019-09-01,1430.776
2,WA skill level 5,WA,5,2019-10-01,1402.409
2,WA skill level 5,WA,5,2019-11-01,1477.85
2,WA skill level 5,WA,5,2019-12-01,1544.773
2,WA skill level 5,WA,5,2020-01-01,1540.726
2,WA skill level 5,WA,5,2020-02-01,1527.008
2,WA skill level 5,WA,5,2020-03-01,1275.918
2,WA skill level 5,WA,5,2020-04-01,731.557
2,WA skill level 5,WA,5,2020-05-01,1049.796
2,WA skill level 5,WA,5,2020-06-01,1523.395
2,WA skill level 5,WA,5,2020-07-01,1821.983
2,WA skill level 5,WA,5,2020-08-01,2102.692
2,WA skill level 5,WA,5,2020-09-01,2242.555
2,WA skill level 5,WA,5,2020-10-01,2501.173
2,WA skill level 5,WA,5,2020-11-01,2608.799
2,WA skill level 5,WA,5,2020-12-01,2734.422
2,WA skill level 5,WA,5,2021-01-01,2766.07
2,WA skill level 5,WA,5,2021-02-01,2725.463
2,WA skill level 5,WA,5,2021-03-01,3402.337
2,WA skill level 5,WA,5,2021-04-01,3054.739
2,WA skill level 5,WA,5,2021-05-01,3232.536
2,WA skill level 5,WA,5,2021-06-01,3156.921
2,WA skill level 5,WA,5,2021-07-01,3270.173
2,WA skill level 5,WA,5,2021-08-01,3351.827
2,WA skill level 5,WA,5,2021-09-01,3657.098
2,WA skill level 5,WA,5,2021-10-01,3551.8
2,WA skill level 5,WA,5,2021-11-01,3553.294
2,WA skill level 5,WA,5,2021-12-01,3702.46
2,WA skill level 5,WA,5,2022-01-01,4000.718
2,WA skill level 5,WA,5,2022-02-01,4191.016
2,WA skill level 5,WA,5,2022-03-01,4171.637
2,WA skill level 5,WA,5,2022-04-01,4274.78
2,WA skill level 5,WA,5,2022-05-01,4378.902
2,WA skill level 5,WA,5,2022-06-01,4534.639
2,WA skill level 5,WA,5,2022-07-01,4287.689
2,WA skill level 5,WA,5,2022-08-01,4043.231
2,WA skill level 5,WA,5,2022-09-01,3696.449
2,WA skill level 5,WA,5,2022-10-01,3830.3
2,WA skill level 5,WA,5,2022-11-01,3697.907
2,WA skill level 5,WA,5,2022-12-01,3636.071
2,WA skill level 5,WA,5,2023-01-01,3604.363
2,WA skill level 5,WA,5,2023-02-01,3497.4
2,WA skill level 5,WA,5,2023-03-01,3577.739
2,WA skill level 5,WA,5,2023-04-01,3497.512
2,WA skill level 5,WA,5,2023-05-01,3349.193
2,WA skill level 5,WA,5,2023-06-01,3369.925
2,WA skill level 5,WA,5,2023-07-01,3148.587
2,WA skill level 5,WA,5,2023-08-01,3270.019
2,WA skill level 5,WA,5,2023-09-01,3114.65
2,WA skill level 5,WA,5,2023-10-01,3047.273
2,WA skill level 5,WA,5,2023-11-01,3171.24
2,WA skill level 5,WA,5,2023-12-01,3188.984
2,WA skill level 5,WA,5,2024-01-01,3118.227
2,WA skill level 5,WA,5,2024-02-01,3058.647
2,WA skill level 5,WA,5,2024-03-01,3020.98
2,WA skill level 5,WA,5,2024-04-01,3024.276
2,WA skill level 5,WA,5,2024-05-01,3150.195
2,WA skill level 5,WA,5,2024-06-01,2831.21
2,WA skill level 5,WA,5,2024-07-01,2768.455
2,WA skill level 5,WA,5,2024-08-01,2808.395
2,WA skill level 5,WA,5,2024-09-01,2847.555
2,WA skill level 5,WA,5,2024-10-01,2875.911
2,WA skill level 5,WA,5,2024-11-01,2600.254
2,WA skill level 5,WA,5,2024-12-01,2640.678
2,WA skill level 5,WA,5,2025-01-01,2713.874
2,WA skill level 5,WA,5,2025-02-01,2691.649
2,WA skill level 5,WA,5,2025-03-01,2727.685
2,WA skill level 5,WA,5,2025-04-01,2760.651
2,WA skill level 5,WA,5,2025-05-01,2799
2,WA skill level 5,WA,5,2025-06-01,2707.652
2,WA skill level 5,WA,5,2025-07-01,2755.193
2,WA skill level 5,WA,5,2025-08-01,2650.461
2,WA skill level 5,WA,5,2025-09-01,2741.849
2,WA skill level 5,WA,5,2025-10-01,2743.133
2,WA skill level 5,WA,5,2025-11-01,2785.736
2,WA skill level 5,WA,5,2025-12-01,2761.111
2,WA skill level 5,WA,5,2026-01-01,2899.224
2,WA skill level 5,WA,5,2026-02-01,2891.232
2,WA skill level 5,WA,5,2026-03-01,2812.017
2,WA skill level 5,WA,5,2026-04-01,2818.565
2,WA skill level 5,WA,5,2026-05-01,2817.602
2,WA skill level 5,WA,5,2026-06-01,2690.544
2,WA skill level 5,WA,5,2026-07-01,3087.05
1,TAS TOTAL,TAS,0,2006-01-01,2901.073
1,TAS TOTAL,TAS,0,2006-02-01,2861.108
1,TAS TOTAL,TAS,0,2006-03-01,3277.277
1,TAS TOTAL,TAS,0,2006-04-01,2872.02
1,TAS TOTAL,TAS,0,2006-05-01,2649.396
1,TAS TOTAL,TAS,0,2006-06-01,2984.238
1,TAS TOTAL,TAS,0,2006-07-01,2792.44
1,TAS TOTAL,TAS,0,2006-08-01,2885.662
1,TAS TOTAL,TAS,0,2006-09-01,2605.988
1,TAS TOTAL,TAS,0,2006-10-01,3214.69
1,TAS TOTAL,TAS,0,2006-11-01,2905.051
1,TAS TOTAL,TAS,0,2006-12-01,3484.669
1,TAS TOTAL,TAS,0,2007-01-01,3160.916
1,TAS TOTAL,TAS,0,2007-02-01,3136.451
1,TAS TOTAL,TAS,0,2007-03-01,3213.057
1,TAS TOTAL,TAS,0,2007-04-01,3243.367
1,TAS TOTAL,TAS,0,2007-05-01,3200.047
1,TAS TOTAL,TAS,0,2007-06-01,3139.688
1,TAS TOTAL,TAS,0,2007-07-01,3457.808
1,TAS TOTAL,TAS,0,2007-08-01,3310.045
1,TAS TOTAL,TAS,0,2007-09-01,3261.708
1,TAS TOTAL,TAS,0,2007-10-01,3233.022
1,TAS TOTAL,TAS,0,2007-11-01,3365.668
1,TAS TOTAL,TAS,0,2007-12-01,3196.747
1,TAS TOTAL,TAS,0,2008-01-01,3287.276
1,TAS TOTAL,TAS,0,2008-02-01,3269.985
1,TAS TOTAL,TAS,0,2008-03-01,3368.741
1,TAS TOTAL,TAS,0,2008-04-01,3160.766
1,TAS TOTAL,TAS,0,2008-05-01,3006.18
1,TAS TOTAL,TAS,0,2008-06-01,3109.48
1,TAS TOTAL,TAS,0,2008-07-01,3055.038
1,TAS TOTAL,TAS,0,2008-08-01,2970.363
1,TAS TOTAL,TAS,0,2008-09-01,2871.23
1,TAS TOTAL,TAS,0,2008-10-01,2597.013
1,TAS TOTAL,TAS,0,2008-11-01,2760.189
1,TAS TOTAL,TAS,0,2008-12-01,2473.415
1,TAS TOTAL,TAS,0,2009-01-01,2253.681
1,TAS TOTAL,TAS,0,2009-02-01,2263.467
1,TAS TOTAL,TAS,0,2009-03-01,2070.04
1,TAS TOTAL,TAS,0,2009-04-01,2232.08
1,TAS TOTAL,TAS,0,2009-05-01,2205.074
1,TAS TOTAL,TAS,0,2009-06-01,2152.107
1,TAS TOTAL,TAS,0,2009-07-01,2056.965
1,TAS TOTAL,TAS,0,2009-08-01,2046.812
1,TAS TOTAL,TAS,0,2009-09-01,1999.469
1,TAS TOTAL,TAS,0,2009-10-01,2100.103
1,TAS TOTAL,TAS,0,2009-11-01,2083.962
1,TAS TOTAL,TAS,0,2009-12-01,2163.225
1,TAS TOTAL,TAS,0,2010-01-01,2227.082
1,TAS TOTAL,TAS,0,2010-02-01,2272.075
1,TAS TOTAL,TAS,0,2010-03-01,1964.413
1,TAS TOTAL,TAS,0,2010-04-01,2053.484
1,TAS TOTAL,TAS,0,2010-05-01,2236.925
1,TAS TOTAL,TAS,0,2010-06-01,2341.82
1,TAS TOTAL,TAS,0,2010-07-01,2075.267
1,TAS TOTAL,TAS,0,2010-08-01,1939.664
1,TAS TOTAL,TAS,0,2010-09-01,2213.109
1,TAS TOTAL,TAS,0,2010-10-01,2228.282
1,TAS TOTAL,TAS,0,2010-11-01,2123.531
1,TAS TOTAL,TAS,0,2010-12-01,2196.807
1,TAS TOTAL,TAS,0,2011-01-01,2198.573
1,TAS TOTAL,TAS,0,2011-02-01,2059.455
1,TAS TOTAL,TAS,0,2011-03-01,1978.964
1,TAS TOTAL,TAS,0,2011-04-01,2067.379
1,TAS TOTAL,TAS,0,2011-05-01,2015.063
1,TAS TOTAL,TAS,0,2011-06-01,1946.942
1,TAS TOTAL,TAS,0,2011-07-01,2124.839
1,TAS TOTAL,TAS,0,2011-08-01,1829.455
1,TAS TOTAL,TAS,0,2011-09-01,1811.445
1,TAS TOTAL,TAS,0,2011-10-01,1832.871
1,TAS TOTAL,TAS,0,2011-11-01,1754.365
1,TAS TOTAL,TAS,0,2011-12-01,1737.175
1,TAS TOTAL,TAS,0,2012-01-01,1661.503
1,TAS TOTAL,TAS,0,2012-02-01,1608.258
1,TAS TOTAL,TAS,0,2012-03-01,1659.261
1,TAS TOTAL,TAS,0,2012-04-01,1658.283
1,TAS TOTAL,TAS,0,2012-05-01,1609.6
1,TAS TOTAL,TAS,0,2012-06-01,1536.804
1,TAS TOTAL,TAS,0,2012-07-01,1536.356
1,TAS TOTAL,TAS,0,2012-08-01,1566.332
1,TAS TOTAL,TAS,0,2012-09-01,1541.887
1,TAS TOTAL,TAS,0,2012-10-01,1524.66
1,TAS TOTAL,TAS,0,2012-11-01,1499.356
1,TAS TOTAL,TAS,0,2012-12-01,1454.683
1,TAS TOTAL,TAS,0,2013-01-01,1433.475
1,TAS TOTAL,TAS,0,2013-02-01,1500.421
1,TAS TOTAL,TAS,0,2013-03-01,1528.033
1,TAS TOTAL,TAS,0,2013-04-01,1446.681
1,TAS TOTAL,TAS,0,2013-05-01,1385.325
1,TAS TOTAL,TAS,0,2013-06-01,1638.175
1,TAS TOTAL,TAS,0,2013-07-01,1512.609
1,TAS TOTAL,TAS,0,2013-08-01,1468.566
1,TAS TOTAL,TAS,0,2013-09-01,1479.912
1,TAS TOTAL,TAS,0,2013-10-01,1429.778
1,TAS TOTAL,TAS,0,2013-11-01,1634.658
1,TAS TOTAL,TAS,0,2013-12-01,1477.171
1,TAS TOTAL,TAS,0,2014-01-01,1549.338
1,TAS TOTAL,TAS,0,2014-02-01,1554.426
1,TAS TOTAL,TAS,0,2014-03-01,1547.571
1,TAS TOTAL,TAS,0,2014-04-01,1504.949
1,TAS TOTAL,TAS,0,2014-05-01,1488.42
1,TAS TOTAL,TAS,0,2014-06-01,1553.469
1,TAS TOTAL,TAS,0,2014-07-01,1609.965
1,TAS TOTAL,TAS,0,2014-08-01,1681.378
1,TAS TOTAL,TAS,0,2014-09-01,1677.831
1,TAS TOTAL,TAS,0,2014-10-01,1561.529
1,TAS TOTAL,TAS,0,2014-11-01,1605.93
1,TAS TOTAL,TAS,0,2014-12-01,1585.712
1,TAS TOTAL,TAS,0,2015-01-01,1571.886
1,TAS TOTAL,TAS,0,2015-02-01,1541.346
1,TAS TOTAL,TAS,0,2015-03-01,1485.518
1,TAS TOTAL,TAS,0,2015-04-01,1440.053
1,TAS TOTAL,TAS,0,2015-05-01,1427.762
1,TAS TOTAL,TAS,0,2015-06-01,1421.465
1,TAS TOTAL,TAS,0,2015-07-01,1385.064
1,TAS TOTAL,TAS,0,2015-08-01,1271.181
1,TAS TOTAL,TAS,0,2015-09-01,1590.518
1,TAS TOTAL,TAS,0,2015-10-01,1539.618
1,TAS TOTAL,TAS,0,2015-11-01,1491.856
1,TAS TOTAL,TAS,0,2015-12-01,1483.134
1,TAS TOTAL,TAS,0,2016-01-01,1353.387
1,TAS TOTAL,TAS,0,2016-02-01,1458.761
1,TAS TOTAL,TAS,0,2016-03-01,1458.248
1,TAS TOTAL,TAS,0,2016-04-01,1598.529
1,TAS TOTAL,TAS,0,2016-05-01,1534.599
1,TAS TOTAL,TAS,0,2016-06-01,1719.265
1,TAS TOTAL,TAS,0,2016-07-01,1568.769
1,TAS TOTAL,TAS,0,2016-08-01,1517.891
1,TAS TOTAL,TAS,0,2016-09-01,1461.896
1,TAS TOTAL,TAS,0,2016-10-01,1539.81
1,TAS TOTAL,TAS,0,2016-11-01,1398.494
1,TAS TOTAL,TAS,0,2016-12-01,1403.929
1,TAS TOTAL,TAS,0,2017-01-01,1420.665
1,TAS TOTAL,TAS,0,2017-02-01,1515.809
1,TAS TOTAL,TAS,0,2017-03-01,1546.142
1,TAS TOTAL,TAS,0,2017-04-01,1558.835
1,TAS TOTAL,TAS,0,2017-05-01,1537.082
1,TAS TOTAL,TAS,0,2017-06-01,1603.644
1,TAS TOTAL,TAS,0,2017-07-01,1464.262
1,TAS TOTAL,TAS,0,2017-08-01,1441.111
1,TAS TOTAL,TAS,0,2017-09-01,1470.816
1,TAS TOTAL,TAS,0,2017-10-01,1386.939
1,TAS TOTAL,TAS,0,2017-11-01,1473.913
1,TAS TOTAL,TAS,0,2017-12-01,1483.887
1,TAS TOTAL,TAS,0,2018-01-01,1477.035
1,TAS TOTAL,TAS,0,2018-02-01,1534.331
1,TAS TOTAL,TAS,0,2018-03-01,1648.889
1,TAS TOTAL,TAS,0,2018-04-01,1684.408
1,TAS TOTAL,TAS,0,2018-05-01,1739.56
1,TAS TOTAL,TAS,0,2018-06-01,1664.087
1,TAS TOTAL,TAS,0,2018-07-01,1723.04
1,TAS TOTAL,TAS,0,2018-08-01,1742.938
1,TAS TOTAL,TAS,0,2018-09-01,1709.746
1,TAS TOTAL,TAS,0,2018-10-01,1796.636
1,TAS TOTAL,TAS,0,2018-11-01,1862.47
1,TAS TOTAL,TAS,0,2018-12-01,1995.462
1,TAS TOTAL,TAS,0,2019-01-01,2094.879
1,TAS TOTAL,TAS,0,2019-02-01,2013.433
1,TAS TOTAL,TAS,0,2019-03-01,1878.385
1,TAS TOTAL,TAS,0,2019-04-01,1827.965
1,TAS TOTAL,TAS,0,2019-05-01,1869.662
1,TAS TOTAL,TAS,0,2019-06-01,1748.099
1,TAS TOTAL,TAS,0,2019-07-01,1775.798
1,TAS TOTAL,TAS,0,2019-08-01,1730.642
1,TAS TOTAL,TAS,0,2019-09-01,1785.862
1,TAS TOTAL,TAS,0,2019-10-01,1704.47
1,TAS TOTAL,TAS,0,2019-11-01,1623.077
1,TAS TOTAL,TAS,0,2019-12-01,1902.653
1,TAS TOTAL,TAS,0,2020-01-01,1601.014
1,TAS TOTAL,TAS,0,2020-02-01,1641.332
1,TAS TOTAL,TAS,0,2020-03-01,1066.078
1,TAS TOTAL,TAS,0,2020-04-01,743.848
1,TAS TOTAL,TAS,0,2020-05-01,930.737
1,TAS TOTAL,TAS,0,2020-06-01,1411.259
1,TAS TOTAL,TAS,0,2020-07-01,1575.885
1,TAS TOTAL,TAS,0,2020-08-01,1768.308
1,TAS TOTAL,TAS,0,2020-09-01,1810.985
1,TAS TOTAL,TAS,0,2020-10-01,2052.952
1,TAS TOTAL,TAS,0,2020-11-01,2211.1
1,TAS TOTAL,TAS,0,2020-12-01,2352.371
1,TAS TOTAL,TAS,0,2021-01-01,2263.461
1,TAS TOTAL,TAS,0,2021-02-01,2523.871
1,TAS TOTAL,TAS,0,2021-03-01,2886.343
1,TAS TOTAL,TAS,0,2021-04-01,2855.739
1,TAS TOTAL,TAS,0,2021-05-01,2723.011
1,TAS TOTAL,TAS,0,2021-06-01,2772.51
1,TAS TOTAL,TAS,0,2021-07-01,2864.502
1,TAS TOTAL,TAS,0,2021-08-01,2868.959
1,TAS TOTAL,TAS,0,2021-09-01,3235.006
1,TAS TOTAL,TAS,0,2021-10-01,3046.232
1,TAS TOTAL,TAS,0,2021-11-01,3287.743
1,TAS TOTAL,TAS,0,2021-12-01,3261.481
1,TAS TOTAL,TAS,0,2022-01-01,3186.31
1,TAS TOTAL,TAS,0,2022-02-01,3333.413
1,TAS TOTAL,TAS,0,2022-03-01,3324.413
1,TAS TOTAL,TAS,0,2022-04-01,3484.041
1,TAS TOTAL,TAS,0,2022-05-01,3974.122
1,TAS TOTAL,TAS,0,2022-06-01,4283.661
1,TAS TOTAL,TAS,0,2022-07-01,4166.538
1,TAS TOTAL,TAS,0,2022-08-01,4491.81
1,TAS TOTAL,TAS,0,2022-09-01,3605.084
1,TAS TOTAL,TAS,0,2022-10-01,3850.514
1,TAS TOTAL,TAS,0,2022-11-01,3704.293
1,TAS TOTAL,TAS,0,2022-12-01,3582.382
1,TAS TOTAL,TAS,0,2023-01-01,3794.598
1,TAS TOTAL,TAS,0,2023-02-01,4020.637
1,TAS TOTAL,TAS,0,2023-03-01,4131.793
1,TAS TOTAL,TAS,0,2023-04-01,4260.376
1,TAS TOTAL,TAS,0,2023-05-01,4257.57
1,TAS TOTAL,TAS,0,2023-06-01,4274.957
1,TAS TOTAL,TAS,0,2023-07-01,4244.16
1,TAS TOTAL,TAS,0,2023-08-01,3997.484
1,TAS TOTAL,TAS,0,2023-09-01,4157.562
1,TAS TOTAL,TAS,0,2023-10-01,4072.917
1,TAS TOTAL,TAS,0,2023-11-01,4118.584
1,TAS TOTAL,TAS,0,2023-12-01,4267.756
1,TAS TOTAL,TAS,0,2024-01-01,4529.253
1,TAS TOTAL,TAS,0,2024-02-01,4589.924
1,TAS TOTAL,TAS,0,2024-03-01,4546.723
1,TAS TOTAL,TAS,0,2024-04-01,4226.905
1,TAS TOTAL,TAS,0,2024-05-01,4433.11
1,TAS TOTAL,TAS,0,2024-06-01,3810.762
1,TAS TOTAL,TAS,0,2024-07-01,3665.725
1,TAS TOTAL,TAS,0,2024-08-01,3867.343
1,TAS TOTAL,TAS,0,2024-09-01,3719.387
1,TAS TOTAL,TAS,0,2024-10-01,3718.473
1,TAS TOTAL,TAS,0,2024-11-01,4020.478
1,TAS TOTAL,TAS,0,2024-12-01,3608.712
1,TAS TOTAL,TAS,0,2025-01-01,3436.553
1,TAS TOTAL,TAS,0,2025-02-01,3288.143
1,TAS TOTAL,TAS,0,2025-03-01,3129.281
1,TAS TOTAL,TAS,0,2025-04-01,3410.314
1,TAS TOTAL,TAS,0,2025-05-01,3228.261
1,TAS TOTAL,TAS,0,2025-06-01,3344.951
1,TAS TOTAL,TAS,0,2025-07-01,3398.678
1,TAS TOTAL,TAS,0,2025-08-01,3225.045
1,TAS TOTAL,TAS,0,2025-09-01,3326.523
1,TAS TOTAL,TAS,0,2025-10-01,3300.257
1,TAS TOTAL,TAS,0,2025-11-01,3177.22
1,TAS TOTAL,TAS,0,2025-12-01,3373.675
1,TAS TOTAL,TAS,0,2026-01-01,3423.849
1,TAS TOTAL,TAS,0,2026-02-01,3286.503
1,TAS TOTAL,TAS,0,2026-03-01,3385.24
1,TAS TOTAL,TAS,0,2026-04-01,3358.304
1,TAS TOTAL,TAS,0,2026-05-01,3281.575
1,TAS TOTAL,TAS,0,2026-06-01,3228.229
1,TAS TOTAL,TAS,0,2026-07-01,3339
2,TAS skill level 1,TAS,1,2006-01-01,461.758
2,TAS skill level 1,TAS,1,2006-02-01,463.344
2,TAS skill level 1,TAS,1,2006-03-01,546.079
2,TAS skill level 1,TAS,1,2006-04-01,561.49
2,TAS skill level 1,TAS,1,2006-05-01,423.461
2,TAS skill level 1,TAS,1,2006-06-01,644.635
2,TAS skill level 1,TAS,1,2006-07-01,500.636
2,TAS skill level 1,TAS,1,2006-08-01,496.073
2,TAS skill level 1,TAS,1,2006-09-01,446.595
2,TAS skill level 1,TAS,1,2006-10-01,657.08
2,TAS skill level 1,TAS,1,2006-11-01,549.311
2,TAS skill level 1,TAS,1,2006-12-01,655.155
2,TAS skill level 1,TAS,1,2007-01-01,588.502
2,TAS skill level 1,TAS,1,2007-02-01,590.13
2,TAS skill level 1,TAS,1,2007-03-01,546.379
2,TAS skill level 1,TAS,1,2007-04-01,547.254
2,TAS skill level 1,TAS,1,2007-05-01,548.229
2,TAS skill level 1,TAS,1,2007-06-01,588.923
2,TAS skill level 1,TAS,1,2007-07-01,656.017
2,TAS skill level 1,TAS,1,2007-08-01,645.799
2,TAS skill level 1,TAS,1,2007-09-01,635.126
2,TAS skill level 1,TAS,1,2007-10-01,653.078
2,TAS skill level 1,TAS,1,2007-11-01,807.739
2,TAS skill level 1,TAS,1,2007-12-01,623.766
2,TAS skill level 1,TAS,1,2008-01-01,696.693
2,TAS skill level 1,TAS,1,2008-02-01,706.916
2,TAS skill level 1,TAS,1,2008-03-01,777.965
2,TAS skill level 1,TAS,1,2008-04-01,755.301
2,TAS skill level 1,TAS,1,2008-05-01,722.734
2,TAS skill level 1,TAS,1,2008-06-01,741.9
2,TAS skill level 1,TAS,1,2008-07-01,679.689
2,TAS skill level 1,TAS,1,2008-08-01,702.212
2,TAS skill level 1,TAS,1,2008-09-01,653.76
2,TAS skill level 1,TAS,1,2008-10-01,623.988
2,TAS skill level 1,TAS,1,2008-11-01,741.661
2,TAS skill level 1,TAS,1,2008-12-01,608.853
2,TAS skill level 1,TAS,1,2009-01-01,537.577
2,TAS skill level 1,TAS,1,2009-02-01,507.814
2,TAS skill level 1,TAS,1,2009-03-01,498.223
2,TAS skill level 1,TAS,1,2009-04-01,504.637
2,TAS skill level 1,TAS,1,2009-05-01,544.674
2,TAS skill level 1,TAS,1,2009-06-01,550.514
2,TAS skill level 1,TAS,1,2009-07-01,611.017
2,TAS skill level 1,TAS,1,2009-08-01,624.757
2,TAS skill level 1,TAS,1,2009-09-01,612.596
2,TAS skill level 1,TAS,1,2009-10-01,560.288
2,TAS skill level 1,TAS,1,2009-11-01,526.734
2,TAS skill level 1,TAS,1,2009-12-01,496.013
2,TAS skill level 1,TAS,1,2010-01-01,547.931
2,TAS skill level 1,TAS,1,2010-02-01,574.939
2,TAS skill level 1,TAS,1,2010-03-01,502.119
2,TAS skill level 1,TAS,1,2010-04-01,515.173
2,TAS skill level 1,TAS,1,2010-05-01,521.416
2,TAS skill level 1,TAS,1,2010-06-01,566.24
2,TAS skill level 1,TAS,1,2010-07-01,449.562
2,TAS skill level 1,TAS,1,2010-08-01,440.636
2,TAS skill level 1,TAS,1,2010-09-01,481.716
2,TAS skill level 1,TAS,1,2010-10-01,484.176
2,TAS skill level 1,TAS,1,2010-11-01,545.497
2,TAS skill level 1,TAS,1,2010-12-01,639.537
2,TAS skill level 1,TAS,1,2011-01-01,536.41
2,TAS skill level 1,TAS,1,2011-02-01,526.176
2,TAS skill level 1,TAS,1,2011-03-01,491.022
2,TAS skill level 1,TAS,1,2011-04-01,500.533
2,TAS skill level 1,TAS,1,2011-05-01,486.903
2,TAS skill level 1,TAS,1,2011-06-01,402.286
2,TAS skill level 1,TAS,1,2011-07-01,485.019
2,TAS skill level 1,TAS,1,2011-08-01,381.518
2,TAS skill level 1,TAS,1,2011-09-01,376.595
2,TAS skill level 1,TAS,1,2011-10-01,426.723
2,TAS skill level 1,TAS,1,2011-11-01,385.281
2,TAS skill level 1,TAS,1,2011-12-01,413.307
2,TAS skill level 1,TAS,1,2012-01-01,375.89
2,TAS skill level 1,TAS,1,2012-02-01,385.206
2,TAS skill level 1,TAS,1,2012-03-01,422.433
2,TAS skill level 1,TAS,1,2012-04-01,380.917
2,TAS skill level 1,TAS,1,2012-05-01,406.42
2,TAS skill level 1,TAS,1,2012-06-01,398.253
2,TAS skill level 1,TAS,1,2012-07-01,350.856
2,TAS skill level 1,TAS,1,2012-08-01,393.054
2,TAS skill level 1,TAS,1,2012-09-01,398.328
2,TAS skill level 1,TAS,1,2012-10-01,399.447
2,TAS skill level 1,TAS,1,2012-11-01,364.503
2,TAS skill level 1,TAS,1,2012-12-01,370.695
2,TAS skill level 1,TAS,1,2013-01-01,388.018
2,TAS skill level 1,TAS,1,2013-02-01,371.526
2,TAS skill level 1,TAS,1,2013-03-01,357.646
2,TAS skill level 1,TAS,1,2013-04-01,370.889
2,TAS skill level 1,TAS,1,2013-05-01,347.203
2,TAS skill level 1,TAS,1,2013-06-01,433.824
2,TAS skill level 1,TAS,1,2013-07-01,364.899
2,TAS skill level 1,TAS,1,2013-08-01,376.025
2,TAS skill level 1,TAS,1,2013-09-01,367.665
2,TAS skill level 1,TAS,1,2013-10-01,352.588
2,TAS skill level 1,TAS,1,2013-11-01,433.462
2,TAS skill level 1,TAS,1,2013-12-01,331.55
2,TAS skill level 1,TAS,1,2014-01-01,364.885
2,TAS skill level 1,TAS,1,2014-02-01,371.893
2,TAS skill level 1,TAS,1,2014-03-01,375.351
2,TAS skill level 1,TAS,1,2014-04-01,394.881
2,TAS skill level 1,TAS,1,2014-05-01,370.284
2,TAS skill level 1,TAS,1,2014-06-01,367.258
2,TAS skill level 1,TAS,1,2014-07-01,388.964
2,TAS skill level 1,TAS,1,2014-08-01,387.884
2,TAS skill level 1,TAS,1,2014-09-01,380.402
2,TAS skill level 1,TAS,1,2014-10-01,371.637
2,TAS skill level 1,TAS,1,2014-11-01,403.541
2,TAS skill level 1,TAS,1,2014-12-01,379.307
2,TAS skill level 1,TAS,1,2015-01-01,383.507
2,TAS skill level 1,TAS,1,2015-02-01,372.236
2,TAS skill level 1,TAS,1,2015-03-01,353.629
2,TAS skill level 1,TAS,1,2015-04-01,347.583
2,TAS skill level 1,TAS,1,2015-05-01,347.175
2,TAS skill level 1,TAS,1,2015-06-01,387.532
2,TAS skill level 1,TAS,1,2015-07-01,435.323
2,TAS skill level 1,TAS,1,2015-08-01,394.691
2,TAS skill level 1,TAS,1,2015-09-01,431.339
2,TAS skill level 1,TAS,1,2015-10-01,412.694
2,TAS skill level 1,TAS,1,2015-11-01,407.403
2,TAS skill level 1,TAS,1,2015-12-01,417.911
2,TAS skill level 1,TAS,1,2016-01-01,389.424
2,TAS skill level 1,TAS,1,2016-02-01,407.017
2,TAS skill level 1,TAS,1,2016-03-01,458.463
2,TAS skill level 1,TAS,1,2016-04-01,423.335
2,TAS skill level 1,TAS,1,2016-05-01,465.841
2,TAS skill level 1,TAS,1,2016-06-01,496.549
2,TAS skill level 1,TAS,1,2016-07-01,433.388
2,TAS skill level 1,TAS,1,2016-08-01,438.489
2,TAS skill level 1,TAS,1,2016-09-01,422.68
2,TAS skill level 1,TAS,1,2016-10-01,502.203
2,TAS skill level 1,TAS,1,2016-11-01,399.55
2,TAS skill level 1,TAS,1,2016-12-01,407.306
2,TAS skill level 1,TAS,1,2017-01-01,433.56
2,TAS skill level 1,TAS,1,2017-02-01,447.73
2,TAS skill level 1,TAS,1,2017-03-01,456.752
2,TAS skill level 1,TAS,1,2017-04-01,488.351
2,TAS skill level 1,TAS,1,2017-05-01,447.32
2,TAS skill level 1,TAS,1,2017-06-01,466.716
2,TAS skill level 1,TAS,1,2017-07-01,496.05
2,TAS skill level 1,TAS,1,2017-08-01,492.056
2,TAS skill level 1,TAS,1,2017-09-01,480.478
2,TAS skill level 1,TAS,1,2017-10-01,458.503
2,TAS skill level 1,TAS,1,2017-11-01,498.099
2,TAS skill level 1,TAS,1,2017-12-01,478.433
2,TAS skill level 1,TAS,1,2018-01-01,482.26
2,TAS skill level 1,TAS,1,2018-02-01,513.802
2,TAS skill level 1,TAS,1,2018-03-01,548.096
2,TAS skill level 1,TAS,1,2018-04-01,580.62
2,TAS skill level 1,TAS,1,2018-05-01,630.244
2,TAS skill level 1,TAS,1,2018-06-01,549.974
2,TAS skill level 1,TAS,1,2018-07-01,525.455
2,TAS skill level 1,TAS,1,2018-08-01,562.191
2,TAS skill level 1,TAS,1,2018-09-01,507.186
2,TAS skill level 1,TAS,1,2018-10-01,624.455
2,TAS skill level 1,TAS,1,2018-11-01,619.241
2,TAS skill level 1,TAS,1,2018-12-01,734.009
2,TAS skill level 1,TAS,1,2019-01-01,706.576
2,TAS skill level 1,TAS,1,2019-02-01,699.067
2,TAS skill level 1,TAS,1,2019-03-01,622.704
2,TAS skill level 1,TAS,1,2019-04-01,620.949
2,TAS skill level 1,TAS,1,2019-05-01,625.028
2,TAS skill level 1,TAS,1,2019-06-01,511.069
2,TAS skill level 1,TAS,1,2019-07-01,624.405
2,TAS skill level 1,TAS,1,2019-08-01,589.627
2,TAS skill level 1,TAS,1,2019-09-01,636.22
2,TAS skill level 1,TAS,1,2019-10-01,583.883
2,TAS skill level 1,TAS,1,2019-11-01,618.465
2,TAS skill level 1,TAS,1,2019-12-01,774.883
2,TAS skill level 1,TAS,1,2020-01-01,598.204
2,TAS skill level 1,TAS,1,2020-02-01,628.715
2,TAS skill level 1,TAS,1,2020-03-01,472.091
2,TAS skill level 1,TAS,1,2020-04-01,338.394
2,TAS skill level 1,TAS,1,2020-05-01,366.333
2,TAS skill level 1,TAS,1,2020-06-01,516.901
2,TAS skill level 1,TAS,1,2020-07-01,550.865
2,TAS skill level 1,TAS,1,2020-08-01,624.801
2,TAS skill level 1,TAS,1,2020-09-01,636.397
2,TAS skill level 1,TAS,1,2020-10-01,717.611
2,TAS skill level 1,TAS,1,2020-11-01,730.913
2,TAS skill level 1,TAS,1,2020-12-01,787.118
2,TAS skill level 1,TAS,1,2021-01-01,799.758
2,TAS skill level 1,TAS,1,2021-02-01,828.756
2,TAS skill level 1,TAS,1,2021-03-01,973.162
2,TAS skill level 1,TAS,1,2021-04-01,925.839
2,TAS skill level 1,TAS,1,2021-05-01,921.184
2,TAS skill level 1,TAS,1,2021-06-01,986.444
2,TAS skill level 1,TAS,1,2021-07-01,1065.017
2,TAS skill level 1,TAS,1,2021-08-01,1037.198
2,TAS skill level 1,TAS,1,2021-09-01,1151.007
2,TAS skill level 1,TAS,1,2021-10-01,1141.056
2,TAS skill level 1,TAS,1,2021-11-01,1192.759
2,TAS skill level 1,TAS,1,2021-12-01,1076.563
2,TAS skill level 1,TAS,1,2022-01-01,1067.725
2,TAS skill level 1,TAS,1,2022-02-01,1144.564
2,TAS skill level 1,TAS,1,2022-03-01,1167.619
2,TAS skill level 1,TAS,1,2022-04-01,1177.793
2,TAS skill level 1,TAS,1,2022-05-01,1498.86
2,TAS skill level 1,TAS,1,2022-06-01,1675.201
2,TAS skill level 1,TAS,1,2022-07-01,1576.744
2,TAS skill level 1,TAS,1,2022-08-01,1691.813
2,TAS skill level 1,TAS,1,2022-09-01,1273.155
2,TAS skill level 1,TAS,1,2022-10-01,1393.881
2,TAS skill level 1,TAS,1,2022-11-01,1362.166
2,TAS skill level 1,TAS,1,2022-12-01,1430.35
2,TAS skill level 1,TAS,1,2023-01-01,1416.559
2,TAS skill level 1,TAS,1,2023-02-01,1563.918
2,TAS skill level 1,TAS,1,2023-03-01,1688.985
2,TAS skill level 1,TAS,1,2023-04-01,1654.975
2,TAS skill level 1,TAS,1,2023-05-01,1642.261
2,TAS skill level 1,TAS,1,2023-06-01,1671.338
2,TAS skill level 1,TAS,1,2023-07-01,1690.329
2,TAS skill level 1,TAS,1,2023-08-01,1641.21
2,TAS skill level 1,TAS,1,2023-09-01,1694.684
2,TAS skill level 1,TAS,1,2023-10-01,1692.521
2,TAS skill level 1,TAS,1,2023-11-01,1652.041
2,TAS skill level 1,TAS,1,2023-12-01,1743.975
2,TAS skill level 1,TAS,1,2024-01-01,1989.236
2,TAS skill level 1,TAS,1,2024-02-01,2000.824
2,TAS skill level 1,TAS,1,2024-03-01,1854.729
2,TAS skill level 1,TAS,1,2024-04-01,1842.931
2,TAS skill level 1,TAS,1,2024-05-01,1804.139
2,TAS skill level 1,TAS,1,2024-06-01,1461.747
2,TAS skill level 1,TAS,1,2024-07-01,1453.607
2,TAS skill level 1,TAS,1,2024-08-01,1551.338
2,TAS skill level 1,TAS,1,2024-09-01,1462.428
2,TAS skill level 1,TAS,1,2024-10-01,1484.455
2,TAS skill level 1,TAS,1,2024-11-01,1788.315
2,TAS skill level 1,TAS,1,2024-12-01,1433.587
2,TAS skill level 1,TAS,1,2025-01-01,1354.389
2,TAS skill level 1,TAS,1,2025-02-01,1217.398
2,TAS skill level 1,TAS,1,2025-03-01,1212.298
2,TAS skill level 1,TAS,1,2025-04-01,1314.426
2,TAS skill level 1,TAS,1,2025-05-01,1207.697
2,TAS skill level 1,TAS,1,2025-06-01,1298.216
2,TAS skill level 1,TAS,1,2025-07-01,1275.37
2,TAS skill level 1,TAS,1,2025-08-01,1193.607
2,TAS skill level 1,TAS,1,2025-09-01,1246.68
2,TAS skill level 1,TAS,1,2025-10-01,1273.193
2,TAS skill level 1,TAS,1,2025-11-01,1170.341
2,TAS skill level 1,TAS,1,2025-12-01,1299.217
2,TAS skill level 1,TAS,1,2026-01-01,1293.459
2,TAS skill level 1,TAS,1,2026-02-01,1284.703
2,TAS skill level 1,TAS,1,2026-03-01,1331.221
2,TAS skill level 1,TAS,1,2026-04-01,1261.825
2,TAS skill level 1,TAS,1,2026-05-01,1256.164
2,TAS skill level 1,TAS,1,2026-06-01,1284.96
2,TAS skill level 1,TAS,1,2026-07-01,1301.691
2,TAS skill level 2,TAS,2,2006-01-01,205.441
2,TAS skill level 2,TAS,2,2006-02-01,185.805
2,TAS skill level 2,TAS,2,2006-03-01,209.201
2,TAS skill level 2,TAS,2,2006-04-01,204.097
2,TAS skill level 2,TAS,2,2006-05-01,213.018
2,TAS skill level 2,TAS,2,2006-06-01,215.517
2,TAS skill level 2,TAS,2,2006-07-01,204.756
2,TAS skill level 2,TAS,2,2006-08-01,196.048
2,TAS skill level 2,TAS,2,2006-09-01,175.113
2,TAS skill level 2,TAS,2,2006-10-01,218.037
2,TAS skill level 2,TAS,2,2006-11-01,194.193
2,TAS skill level 2,TAS,2,2006-12-01,238.228
2,TAS skill level 2,TAS,2,2007-01-01,226.886
2,TAS skill level 2,TAS,2,2007-02-01,216.654
2,TAS skill level 2,TAS,2,2007-03-01,229.801
2,TAS skill level 2,TAS,2,2007-04-01,229.1
2,TAS skill level 2,TAS,2,2007-05-01,241.144
2,TAS skill level 2,TAS,2,2007-06-01,219.03
2,TAS skill level 2,TAS,2,2007-07-01,258.551
2,TAS skill level 2,TAS,2,2007-08-01,256.648
2,TAS skill level 2,TAS,2,2007-09-01,255.236
2,TAS skill level 2,TAS,2,2007-10-01,225.548
2,TAS skill level 2,TAS,2,2007-11-01,260.01
2,TAS skill level 2,TAS,2,2007-12-01,231.763
2,TAS skill level 2,TAS,2,2008-01-01,222.62
2,TAS skill level 2,TAS,2,2008-02-01,283.263
2,TAS skill level 2,TAS,2,2008-03-01,270.438
2,TAS skill level 2,TAS,2,2008-04-01,252.551
2,TAS skill level 2,TAS,2,2008-05-01,236.591
2,TAS skill level 2,TAS,2,2008-06-01,235.924
2,TAS skill level 2,TAS,2,2008-07-01,218.524
2,TAS skill level 2,TAS,2,2008-08-01,237.069
2,TAS skill level 2,TAS,2,2008-09-01,236.535
2,TAS skill level 2,TAS,2,2008-10-01,198.452
2,TAS skill level 2,TAS,2,2008-11-01,211.659
2,TAS skill level 2,TAS,2,2008-12-01,203.364
2,TAS skill level 2,TAS,2,2009-01-01,204.492
2,TAS skill level 2,TAS,2,2009-02-01,200.087
2,TAS skill level 2,TAS,2,2009-03-01,166.393
2,TAS skill level 2,TAS,2,2009-04-01,179.082
2,TAS skill level 2,TAS,2,2009-05-01,151.549
2,TAS skill level 2,TAS,2,2009-06-01,193.653
2,TAS skill level 2,TAS,2,2009-07-01,195.082
2,TAS skill level 2,TAS,2,2009-08-01,193.024
2,TAS skill level 2,TAS,2,2009-09-01,178.68
2,TAS skill level 2,TAS,2,2009-10-01,217.608
2,TAS skill level 2,TAS,2,2009-11-01,186.854
2,TAS skill level 2,TAS,2,2009-12-01,252.964
2,TAS skill level 2,TAS,2,2010-01-01,205.751
2,TAS skill level 2,TAS,2,2010-02-01,208.777
2,TAS skill level 2,TAS,2,2010-03-01,222.063
2,TAS skill level 2,TAS,2,2010-04-01,221.106
2,TAS skill level 2,TAS,2,2010-05-01,254.643
2,TAS skill level 2,TAS,2,2010-06-01,220.97
2,TAS skill level 2,TAS,2,2010-07-01,200.935
2,TAS skill level 2,TAS,2,2010-08-01,176.592
2,TAS skill level 2,TAS,2,2010-09-01,206.257
2,TAS skill level 2,TAS,2,2010-10-01,221.182
2,TAS skill level 2,TAS,2,2010-11-01,229.346
2,TAS skill level 2,TAS,2,2010-12-01,214.764
2,TAS skill level 2,TAS,2,2011-01-01,233.205
2,TAS skill level 2,TAS,2,2011-02-01,199.27
2,TAS skill level 2,TAS,2,2011-03-01,212.089
2,TAS skill level 2,TAS,2,2011-04-01,214.424
2,TAS skill level 2,TAS,2,2011-05-01,210.367
2,TAS skill level 2,TAS,2,2011-06-01,198.677
2,TAS skill level 2,TAS,2,2011-07-01,226.578
2,TAS skill level 2,TAS,2,2011-08-01,180.776
2,TAS skill level 2,TAS,2,2011-09-01,211.19
2,TAS skill level 2,TAS,2,2011-10-01,189.036
2,TAS skill level 2,TAS,2,2011-11-01,183.111
2,TAS skill level 2,TAS,2,2011-12-01,195.735
2,TAS skill level 2,TAS,2,2012-01-01,175.429
2,TAS skill level 2,TAS,2,2012-02-01,170.37
2,TAS skill level 2,TAS,2,2012-03-01,160.389
2,TAS skill level 2,TAS,2,2012-04-01,171.289
2,TAS skill level 2,TAS,2,2012-05-01,175.993
2,TAS skill level 2,TAS,2,2012-06-01,126.463
2,TAS skill level 2,TAS,2,2012-07-01,149.888
2,TAS skill level 2,TAS,2,2012-08-01,163.288
2,TAS skill level 2,TAS,2,2012-09-01,154.201
2,TAS skill level 2,TAS,2,2012-10-01,156.025
2,TAS skill level 2,TAS,2,2012-11-01,140.69
2,TAS skill level 2,TAS,2,2012-12-01,130.096
2,TAS skill level 2,TAS,2,2013-01-01,135.617
2,TAS skill level 2,TAS,2,2013-02-01,144.155
2,TAS skill level 2,TAS,2,2013-03-01,172.721
2,TAS skill level 2,TAS,2,2013-04-01,149.267
2,TAS skill level 2,TAS,2,2013-05-01,154.39
2,TAS skill level 2,TAS,2,2013-06-01,172.693
2,TAS skill level 2,TAS,2,2013-07-01,150.337
2,TAS skill level 2,TAS,2,2013-08-01,159.886
2,TAS skill level 2,TAS,2,2013-09-01,169.552
2,TAS skill level 2,TAS,2,2013-10-01,165.252
2,TAS skill level 2,TAS,2,2013-11-01,175.957
2,TAS skill level 2,TAS,2,2013-12-01,158.624
2,TAS skill level 2,TAS,2,2014-01-01,172.423
2,TAS skill level 2,TAS,2,2014-02-01,183.052
2,TAS skill level 2,TAS,2,2014-03-01,172.239
2,TAS skill level 2,TAS,2,2014-04-01,168.447
2,TAS skill level 2,TAS,2,2014-05-01,171.93
2,TAS skill level 2,TAS,2,2014-06-01,179.976
2,TAS skill level 2,TAS,2,2014-07-01,174.833
2,TAS skill level 2,TAS,2,2014-08-01,188.07
2,TAS skill level 2,TAS,2,2014-09-01,163.625
2,TAS skill level 2,TAS,2,2014-10-01,171.768
2,TAS skill level 2,TAS,2,2014-11-01,202.857
2,TAS skill level 2,TAS,2,2014-12-01,203.771
2,TAS skill level 2,TAS,2,2015-01-01,218.685
2,TAS skill level 2,TAS,2,2015-02-01,184.976
2,TAS skill level 2,TAS,2,2015-03-01,182.252
2,TAS skill level 2,TAS,2,2015-04-01,166.791
2,TAS skill level 2,TAS,2,2015-05-01,164.924
2,TAS skill level 2,TAS,2,2015-06-01,148.206
2,TAS skill level 2,TAS,2,2015-07-01,188.718
2,TAS skill level 2,TAS,2,2015-08-01,179.089
2,TAS skill level 2,TAS,2,2015-09-01,194.82
2,TAS skill level 2,TAS,2,2015-10-01,186.229
2,TAS skill level 2,TAS,2,2015-11-01,169.712
2,TAS skill level 2,TAS,2,2015-12-01,178.538
2,TAS skill level 2,TAS,2,2016-01-01,168.538
2,TAS skill level 2,TAS,2,2016-02-01,188.578
2,TAS skill level 2,TAS,2,2016-03-01,141.764
2,TAS skill level 2,TAS,2,2016-04-01,186.952
2,TAS skill level 2,TAS,2,2016-05-01,178.711
2,TAS skill level 2,TAS,2,2016-06-01,187.647
2,TAS skill level 2,TAS,2,2016-07-01,174.204
2,TAS skill level 2,TAS,2,2016-08-01,170.679
2,TAS skill level 2,TAS,2,2016-09-01,138.264
2,TAS skill level 2,TAS,2,2016-10-01,158.468
2,TAS skill level 2,TAS,2,2016-11-01,172.063
2,TAS skill level 2,TAS,2,2016-12-01,155.14
2,TAS skill level 2,TAS,2,2017-01-01,152.386
2,TAS skill level 2,TAS,2,2017-02-01,165.936
2,TAS skill level 2,TAS,2,2017-03-01,171.007
2,TAS skill level 2,TAS,2,2017-04-01,172.462
2,TAS skill level 2,TAS,2,2017-05-01,184.188
2,TAS skill level 2,TAS,2,2017-06-01,186.887
2,TAS skill level 2,TAS,2,2017-07-01,174.862
2,TAS skill level 2,TAS,2,2017-08-01,190.496
2,TAS skill level 2,TAS,2,2017-09-01,200.05
2,TAS skill level 2,TAS,2,2017-10-01,181.114
2,TAS skill level 2,TAS,2,2017-11-01,167.31
2,TAS skill level 2,TAS,2,2017-12-01,188.431
2,TAS skill level 2,TAS,2,2018-01-01,203.442
2,TAS skill level 2,TAS,2,2018-02-01,193.563
2,TAS skill level 2,TAS,2,2018-03-01,219.222
2,TAS skill level 2,TAS,2,2018-04-01,226.648
2,TAS skill level 2,TAS,2,2018-05-01,219.944
2,TAS skill level 2,TAS,2,2018-06-01,180.314
2,TAS skill level 2,TAS,2,2018-07-01,233.917
2,TAS skill level 2,TAS,2,2018-08-01,224.273
2,TAS skill level 2,TAS,2,2018-09-01,207.411
2,TAS skill level 2,TAS,2,2018-10-01,242.964
2,TAS skill level 2,TAS,2,2018-11-01,243.589
2,TAS skill level 2,TAS,2,2018-12-01,255.581
2,TAS skill level 2,TAS,2,2019-01-01,310.547
2,TAS skill level 2,TAS,2,2019-02-01,234.205
2,TAS skill level 2,TAS,2,2019-03-01,235.333
2,TAS skill level 2,TAS,2,2019-04-01,225.913
2,TAS skill level 2,TAS,2,2019-05-01,240.345
2,TAS skill level 2,TAS,2,2019-06-01,206.833
2,TAS skill level 2,TAS,2,2019-07-01,204.533
2,TAS skill level 2,TAS,2,2019-08-01,194.962
2,TAS skill level 2,TAS,2,2019-09-01,193.886
2,TAS skill level 2,TAS,2,2019-10-01,203.769
2,TAS skill level 2,TAS,2,2019-11-01,206.271
2,TAS skill level 2,TAS,2,2019-12-01,238.854
2,TAS skill level 2,TAS,2,2020-01-01,182.571
2,TAS skill level 2,TAS,2,2020-02-01,215.914
2,TAS skill level 2,TAS,2,2020-03-01,113.496
2,TAS skill level 2,TAS,2,2020-04-01,64.527
2,TAS skill level 2,TAS,2,2020-05-01,85.044
2,TAS skill level 2,TAS,2,2020-06-01,152.506
2,TAS skill level 2,TAS,2,2020-07-01,170.253
2,TAS skill level 2,TAS,2,2020-08-01,171.688
2,TAS skill level 2,TAS,2,2020-09-01,203.587
2,TAS skill level 2,TAS,2,2020-10-01,217.7
2,TAS skill level 2,TAS,2,2020-11-01,221.213
2,TAS skill level 2,TAS,2,2020-12-01,252.002
2,TAS skill level 2,TAS,2,2021-01-01,240.554
2,TAS skill level 2,TAS,2,2021-02-01,283.989
2,TAS skill level 2,TAS,2,2021-03-01,311.846
2,TAS skill level 2,TAS,2,2021-04-01,318.509
2,TAS skill level 2,TAS,2,2021-05-01,313.445
2,TAS skill level 2,TAS,2,2021-06-01,295.783
2,TAS skill level 2,TAS,2,2021-07-01,305.736
2,TAS skill level 2,TAS,2,2021-08-01,329.994
2,TAS skill level 2,TAS,2,2021-09-01,351.11
2,TAS skill level 2,TAS,2,2021-10-01,316.827
2,TAS skill level 2,TAS,2,2021-11-01,365.015
2,TAS skill level 2,TAS,2,2021-12-01,349.371
2,TAS skill level 2,TAS,2,2022-01-01,347.44
2,TAS skill level 2,TAS,2,2022-02-01,370.902
2,TAS skill level 2,TAS,2,2022-03-01,391.645
2,TAS skill level 2,TAS,2,2022-04-01,397.829
2,TAS skill level 2,TAS,2,2022-05-01,422.732
2,TAS skill level 2,TAS,2,2022-06-01,470.262
2,TAS skill level 2,TAS,2,2022-07-01,455.59
2,TAS skill level 2,TAS,2,2022-08-01,525.571
2,TAS skill level 2,TAS,2,2022-09-01,388.358
2,TAS skill level 2,TAS,2,2022-10-01,411.067
2,TAS skill level 2,TAS,2,2022-11-01,346.913
2,TAS skill level 2,TAS,2,2022-12-01,316.352
2,TAS skill level 2,TAS,2,2023-01-01,398.446
2,TAS skill level 2,TAS,2,2023-02-01,401.355
2,TAS skill level 2,TAS,2,2023-03-01,424.575
2,TAS skill level 2,TAS,2,2023-04-01,434.409
2,TAS skill level 2,TAS,2,2023-05-01,403.446
2,TAS skill level 2,TAS,2,2023-06-01,431.067
2,TAS skill level 2,TAS,2,2023-07-01,423.958
2,TAS skill level 2,TAS,2,2023-08-01,402.972
2,TAS skill level 2,TAS,2,2023-09-01,425.715
2,TAS skill level 2,TAS,2,2023-10-01,436.264
2,TAS skill level 2,TAS,2,2023-11-01,435.836
2,TAS skill level 2,TAS,2,2023-12-01,409.925
2,TAS skill level 2,TAS,2,2024-01-01,443.984
2,TAS skill level 2,TAS,2,2024-02-01,472.22
2,TAS skill level 2,TAS,2,2024-03-01,522.262
2,TAS skill level 2,TAS,2,2024-04-01,419.571
2,TAS skill level 2,TAS,2,2024-05-01,454.924
2,TAS skill level 2,TAS,2,2024-06-01,407.1
2,TAS skill level 2,TAS,2,2024-07-01,383.225
2,TAS skill level 2,TAS,2,2024-08-01,428.502
2,TAS skill level 2,TAS,2,2024-09-01,405.263
2,TAS skill level 2,TAS,2,2024-10-01,378.317
2,TAS skill level 2,TAS,2,2024-11-01,365.633
2,TAS skill level 2,TAS,2,2024-12-01,376.11
2,TAS skill level 2,TAS,2,2025-01-01,394.604
2,TAS skill level 2,TAS,2,2025-02-01,365.172
2,TAS skill level 2,TAS,2,2025-03-01,343.498
2,TAS skill level 2,TAS,2,2025-04-01,363.981
2,TAS skill level 2,TAS,2,2025-05-01,335.617
2,TAS skill level 2,TAS,2,2025-06-01,351.853
2,TAS skill level 2,TAS,2,2025-07-01,350.49
2,TAS skill level 2,TAS,2,2025-08-01,348.646
2,TAS skill level 2,TAS,2,2025-09-01,342.28
2,TAS skill level 2,TAS,2,2025-10-01,344.988
2,TAS skill level 2,TAS,2,2025-11-01,392.383
2,TAS skill level 2,TAS,2,2025-12-01,377.711
2,TAS skill level 2,TAS,2,2026-01-01,348.027
2,TAS skill level 2,TAS,2,2026-02-01,340.543
2,TAS skill level 2,TAS,2,2026-03-01,335.946
2,TAS skill level 2,TAS,2,2026-04-01,351.116
2,TAS skill level 2,TAS,2,2026-05-01,352.957
2,TAS skill level 2,TAS,2,2026-06-01,322.552
2,TAS skill level 2,TAS,2,2026-07-01,364.517
2,TAS skill level 3,TAS,3,2006-01-01,374.194
2,TAS skill level 3,TAS,3,2006-02-01,362.353
2,TAS skill level 3,TAS,3,2006-03-01,380.733
2,TAS skill level 3,TAS,3,2006-04-01,336.335
2,TAS skill level 3,TAS,3,2006-05-01,325.385
2,TAS skill level 3,TAS,3,2006-06-01,355.857
2,TAS skill level 3,TAS,3,2006-07-01,258.933
2,TAS skill level 3,TAS,3,2006-08-01,329.403
2,TAS skill level 3,TAS,3,2006-09-01,306.49
2,TAS skill level 3,TAS,3,2006-10-01,396.811
2,TAS skill level 3,TAS,3,2006-11-01,359.047
2,TAS skill level 3,TAS,3,2006-12-01,448.081
2,TAS skill level 3,TAS,3,2007-01-01,386.979
2,TAS skill level 3,TAS,3,2007-02-01,399.78
2,TAS skill level 3,TAS,3,2007-03-01,414.479
2,TAS skill level 3,TAS,3,2007-04-01,462.829
2,TAS skill level 3,TAS,3,2007-05-01,404.395
2,TAS skill level 3,TAS,3,2007-06-01,402.321
2,TAS skill level 3,TAS,3,2007-07-01,425.147
2,TAS skill level 3,TAS,3,2007-08-01,403.444
2,TAS skill level 3,TAS,3,2007-09-01,384.637
2,TAS skill level 3,TAS,3,2007-10-01,365.799
2,TAS skill level 3,TAS,3,2007-11-01,396.538
2,TAS skill level 3,TAS,3,2007-12-01,392.161
2,TAS skill level 3,TAS,3,2008-01-01,410.644
2,TAS skill level 3,TAS,3,2008-02-01,406.569
2,TAS skill level 3,TAS,3,2008-03-01,404.668
2,TAS skill level 3,TAS,3,2008-04-01,377.928
2,TAS skill level 3,TAS,3,2008-05-01,362.41
2,TAS skill level 3,TAS,3,2008-06-01,368.513
2,TAS skill level 3,TAS,3,2008-07-01,363.736
2,TAS skill level 3,TAS,3,2008-08-01,346.099
2,TAS skill level 3,TAS,3,2008-09-01,372.767
2,TAS skill level 3,TAS,3,2008-10-01,305.636
2,TAS skill level 3,TAS,3,2008-11-01,363.399
2,TAS skill level 3,TAS,3,2008-12-01,276.5
2,TAS skill level 3,TAS,3,2009-01-01,230.775
2,TAS skill level 3,TAS,3,2009-02-01,214.809
2,TAS skill level 3,TAS,3,2009-03-01,211.988
2,TAS skill level 3,TAS,3,2009-04-01,288.365
2,TAS skill level 3,TAS,3,2009-05-01,245.819
2,TAS skill level 3,TAS,3,2009-06-01,234.736
2,TAS skill level 3,TAS,3,2009-07-01,279.576
2,TAS skill level 3,TAS,3,2009-08-01,279.846
2,TAS skill level 3,TAS,3,2009-09-01,276.747
2,TAS skill level 3,TAS,3,2009-10-01,297.627
2,TAS skill level 3,TAS,3,2009-11-01,301.511
2,TAS skill level 3,TAS,3,2009-12-01,320.393
2,TAS skill level 3,TAS,3,2010-01-01,341.14
2,TAS skill level 3,TAS,3,2010-02-01,347.95
2,TAS skill level 3,TAS,3,2010-03-01,354.811
2,TAS skill level 3,TAS,3,2010-04-01,325.884
2,TAS skill level 3,TAS,3,2010-05-01,357.943
2,TAS skill level 3,TAS,3,2010-06-01,359.507
2,TAS skill level 3,TAS,3,2010-07-01,299.571
2,TAS skill level 3,TAS,3,2010-08-01,303.535
2,TAS skill level 3,TAS,3,2010-09-01,339.182
2,TAS skill level 3,TAS,3,2010-10-01,331.201
2,TAS skill level 3,TAS,3,2010-11-01,317.07
2,TAS skill level 3,TAS,3,2010-12-01,267.97
2,TAS skill level 3,TAS,3,2011-01-01,312.356
2,TAS skill level 3,TAS,3,2011-02-01,311.513
2,TAS skill level 3,TAS,3,2011-03-01,275.055
2,TAS skill level 3,TAS,3,2011-04-01,287.165
2,TAS skill level 3,TAS,3,2011-05-01,323.157
2,TAS skill level 3,TAS,3,2011-06-01,288.516
2,TAS skill level 3,TAS,3,2011-07-01,268.439
2,TAS skill level 3,TAS,3,2011-08-01,302.502
2,TAS skill level 3,TAS,3,2011-09-01,266.503
2,TAS skill level 3,TAS,3,2011-10-01,283.008
2,TAS skill level 3,TAS,3,2011-11-01,255.592
2,TAS skill level 3,TAS,3,2011-12-01,263.829
2,TAS skill level 3,TAS,3,2012-01-01,260.594
2,TAS skill level 3,TAS,3,2012-02-01,237.207
2,TAS skill level 3,TAS,3,2012-03-01,248.859
2,TAS skill level 3,TAS,3,2012-04-01,260.28
2,TAS skill level 3,TAS,3,2012-05-01,201.539
2,TAS skill level 3,TAS,3,2012-06-01,235.537
2,TAS skill level 3,TAS,3,2012-07-01,223.618
2,TAS skill level 3,TAS,3,2012-08-01,198.996
2,TAS skill level 3,TAS,3,2012-09-01,198.989
2,TAS skill level 3,TAS,3,2012-10-01,196.591
2,TAS skill level 3,TAS,3,2012-11-01,208.687
2,TAS skill level 3,TAS,3,2012-12-01,193.778
2,TAS skill level 3,TAS,3,2013-01-01,184.868
2,TAS skill level 3,TAS,3,2013-02-01,201.641
2,TAS skill level 3,TAS,3,2013-03-01,220.153
2,TAS skill level 3,TAS,3,2013-04-01,179.386
2,TAS skill level 3,TAS,3,2013-05-01,181.63
2,TAS skill level 3,TAS,3,2013-06-01,179.165
2,TAS skill level 3,TAS,3,2013-07-01,199.562
2,TAS skill level 3,TAS,3,2013-08-01,198.8
2,TAS skill level 3,TAS,3,2013-09-01,197.246
2,TAS skill level 3,TAS,3,2013-10-01,206.176
2,TAS skill level 3,TAS,3,2013-11-01,237.117
2,TAS skill level 3,TAS,3,2013-12-01,213.087
2,TAS skill level 3,TAS,3,2014-01-01,213.323
2,TAS skill level 3,TAS,3,2014-02-01,218.05
2,TAS skill level 3,TAS,3,2014-03-01,218.738
2,TAS skill level 3,TAS,3,2014-04-01,218.176
2,TAS skill level 3,TAS,3,2014-05-01,191.13
2,TAS skill level 3,TAS,3,2014-06-01,224.697
2,TAS skill level 3,TAS,3,2014-07-01,227.178
2,TAS skill level 3,TAS,3,2014-08-01,245.832
2,TAS skill level 3,TAS,3,2014-09-01,245.417
2,TAS skill level 3,TAS,3,2014-10-01,220.889
2,TAS skill level 3,TAS,3,2014-11-01,228.587
2,TAS skill level 3,TAS,3,2014-12-01,212.916
2,TAS skill level 3,TAS,3,2015-01-01,244.43
2,TAS skill level 3,TAS,3,2015-02-01,231.31
2,TAS skill level 3,TAS,3,2015-03-01,212.123
2,TAS skill level 3,TAS,3,2015-04-01,210.751
2,TAS skill level 3,TAS,3,2015-05-01,212.543
2,TAS skill level 3,TAS,3,2015-06-01,188.985
2,TAS skill level 3,TAS,3,2015-07-01,195.714
2,TAS skill level 3,TAS,3,2015-08-01,156.44
2,TAS skill level 3,TAS,3,2015-09-01,223.892
2,TAS skill level 3,TAS,3,2015-10-01,209.929
2,TAS skill level 3,TAS,3,2015-11-01,179.968
2,TAS skill level 3,TAS,3,2015-12-01,200.392
2,TAS skill level 3,TAS,3,2016-01-01,158.975
2,TAS skill level 3,TAS,3,2016-02-01,171.444
2,TAS skill level 3,TAS,3,2016-03-01,196.665
2,TAS skill level 3,TAS,3,2016-04-01,188.575
2,TAS skill level 3,TAS,3,2016-05-01,183.465
2,TAS skill level 3,TAS,3,2016-06-01,202.931
2,TAS skill level 3,TAS,3,2016-07-01,184.153
2,TAS skill level 3,TAS,3,2016-08-01,184.337
2,TAS skill level 3,TAS,3,2016-09-01,178.578
2,TAS skill level 3,TAS,3,2016-10-01,178.412
2,TAS skill level 3,TAS,3,2016-11-01,171.933
2,TAS skill level 3,TAS,3,2016-12-01,192.923
2,TAS skill level 3,TAS,3,2017-01-01,190
2,TAS skill level 3,TAS,3,2017-02-01,203.538
2,TAS skill level 3,TAS,3,2017-03-01,204.555
2,TAS skill level 3,TAS,3,2017-04-01,203.281
2,TAS skill level 3,TAS,3,2017-05-01,221.676
2,TAS skill level 3,TAS,3,2017-06-01,205.342
2,TAS skill level 3,TAS,3,2017-07-01,199.436
2,TAS skill level 3,TAS,3,2017-08-01,161.12
2,TAS skill level 3,TAS,3,2017-09-01,196.497
2,TAS skill level 3,TAS,3,2017-10-01,203.14
2,TAS skill level 3,TAS,3,2017-11-01,220.513
2,TAS skill level 3,TAS,3,2017-12-01,215.877
2,TAS skill level 3,TAS,3,2018-01-01,196.289
2,TAS skill level 3,TAS,3,2018-02-01,222.997
2,TAS skill level 3,TAS,3,2018-03-01,205.81
2,TAS skill level 3,TAS,3,2018-04-01,249.12
2,TAS skill level 3,TAS,3,2018-05-01,240.692
2,TAS skill level 3,TAS,3,2018-06-01,234.078
2,TAS skill level 3,TAS,3,2018-07-01,249.571
2,TAS skill level 3,TAS,3,2018-08-01,230.177
2,TAS skill level 3,TAS,3,2018-09-01,267.667
2,TAS skill level 3,TAS,3,2018-10-01,236.61
2,TAS skill level 3,TAS,3,2018-11-01,243.157
2,TAS skill level 3,TAS,3,2018-12-01,221.427
2,TAS skill level 3,TAS,3,2019-01-01,289.655
2,TAS skill level 3,TAS,3,2019-02-01,258.536
2,TAS skill level 3,TAS,3,2019-03-01,297.27
2,TAS skill level 3,TAS,3,2019-04-01,258.164
2,TAS skill level 3,TAS,3,2019-05-01,260.404
2,TAS skill level 3,TAS,3,2019-06-01,273.075
2,TAS skill level 3,TAS,3,2019-07-01,240.518
2,TAS skill level 3,TAS,3,2019-08-01,247.423
2,TAS skill level 3,TAS,3,2019-09-01,231.505
2,TAS skill level 3,TAS,3,2019-10-01,235.084
2,TAS skill level 3,TAS,3,2019-11-01,215.578
2,TAS skill level 3,TAS,3,2019-12-01,230.798
2,TAS skill level 3,TAS,3,2020-01-01,216.409
2,TAS skill level 3,TAS,3,2020-02-01,210.237
2,TAS skill level 3,TAS,3,2020-03-01,130.647
2,TAS skill level 3,TAS,3,2020-04-01,62.417
2,TAS skill level 3,TAS,3,2020-05-01,113.912
2,TAS skill level 3,TAS,3,2020-06-01,168.963
2,TAS skill level 3,TAS,3,2020-07-01,225.317
2,TAS skill level 3,TAS,3,2020-08-01,247.285
2,TAS skill level 3,TAS,3,2020-09-01,245.107
2,TAS skill level 3,TAS,3,2020-10-01,291.975
2,TAS skill level 3,TAS,3,2020-11-01,307.262
2,TAS skill level 3,TAS,3,2020-12-01,314.85
2,TAS skill level 3,TAS,3,2021-01-01,319.282
2,TAS skill level 3,TAS,3,2021-02-01,356.706
2,TAS skill level 3,TAS,3,2021-03-01,414.117
2,TAS skill level 3,TAS,3,2021-04-01,377.67
2,TAS skill level 3,TAS,3,2021-05-01,384.249
2,TAS skill level 3,TAS,3,2021-06-01,366.657
2,TAS skill level 3,TAS,3,2021-07-01,383.526
2,TAS skill level 3,TAS,3,2021-08-01,383.525
2,TAS skill level 3,TAS,3,2021-09-01,483.544
2,TAS skill level 3,TAS,3,2021-10-01,390.307
2,TAS skill level 3,TAS,3,2021-11-01,431.936
2,TAS skill level 3,TAS,3,2021-12-01,406.245
2,TAS skill level 3,TAS,3,2022-01-01,425.922
2,TAS skill level 3,TAS,3,2022-02-01,425.349
2,TAS skill level 3,TAS,3,2022-03-01,447.179
2,TAS skill level 3,TAS,3,2022-04-01,473.319
2,TAS skill level 3,TAS,3,2022-05-01,474.968
2,TAS skill level 3,TAS,3,2022-06-01,511.3
2,TAS skill level 3,TAS,3,2022-07-01,476.216
2,TAS skill level 3,TAS,3,2022-08-01,555.728
2,TAS skill level 3,TAS,3,2022-09-01,467.25
2,TAS skill level 3,TAS,3,2022-10-01,446.077
2,TAS skill level 3,TAS,3,2022-11-01,436.149
2,TAS skill level 3,TAS,3,2022-12-01,436.478
2,TAS skill level 3,TAS,3,2023-01-01,426.289
2,TAS skill level 3,TAS,3,2023-02-01,514.053
2,TAS skill level 3,TAS,3,2023-03-01,500.188
2,TAS skill level 3,TAS,3,2023-04-01,516.159
2,TAS skill level 3,TAS,3,2023-05-01,507.868
2,TAS skill level 3,TAS,3,2023-06-01,516.383
2,TAS skill level 3,TAS,3,2023-07-01,512.71
2,TAS skill level 3,TAS,3,2023-08-01,461.826
2,TAS skill level 3,TAS,3,2023-09-01,506.503
2,TAS skill level 3,TAS,3,2023-10-01,462.087
2,TAS skill level 3,TAS,3,2023-11-01,508.479
2,TAS skill level 3,TAS,3,2023-12-01,516.278
2,TAS skill level 3,TAS,3,2024-01-01,505.45
2,TAS skill level 3,TAS,3,2024-02-01,491.649
2,TAS skill level 3,TAS,3,2024-03-01,486.389
2,TAS skill level 3,TAS,3,2024-04-01,492.76
2,TAS skill level 3,TAS,3,2024-05-01,501.901
2,TAS skill level 3,TAS,3,2024-06-01,486.598
2,TAS skill level 3,TAS,3,2024-07-01,408.472
2,TAS skill level 3,TAS,3,2024-08-01,428.836
2,TAS skill level 3,TAS,3,2024-09-01,420.432
2,TAS skill level 3,TAS,3,2024-10-01,439.583
2,TAS skill level 3,TAS,3,2024-11-01,424.963
2,TAS skill level 3,TAS,3,2024-12-01,437.167
2,TAS skill level 3,TAS,3,2025-01-01,435.994
2,TAS skill level 3,TAS,3,2025-02-01,400.99
2,TAS skill level 3,TAS,3,2025-03-01,368.93
2,TAS skill level 3,TAS,3,2025-04-01,364.99
2,TAS skill level 3,TAS,3,2025-05-01,372.937
2,TAS skill level 3,TAS,3,2025-06-01,349.441
2,TAS skill level 3,TAS,3,2025-07-01,385.839
2,TAS skill level 3,TAS,3,2025-08-01,360.156
2,TAS skill level 3,TAS,3,2025-09-01,388.928
2,TAS skill level 3,TAS,3,2025-10-01,399.573
2,TAS skill level 3,TAS,3,2025-11-01,360.556
2,TAS skill level 3,TAS,3,2025-12-01,379.691
2,TAS skill level 3,TAS,3,2026-01-01,382.268
2,TAS skill level 3,TAS,3,2026-02-01,382.834
2,TAS skill level 3,TAS,3,2026-03-01,402.826
2,TAS skill level 3,TAS,3,2026-04-01,408.68
2,TAS skill level 3,TAS,3,2026-05-01,327.52
2,TAS skill level 3,TAS,3,2026-06-01,387.156
2,TAS skill level 3,TAS,3,2026-07-01,398.456
2,TAS skill level 4,TAS,4,2006-01-01,809.844
2,TAS skill level 4,TAS,4,2006-02-01,798.749
2,TAS skill level 4,TAS,4,2006-03-01,934.138
2,TAS skill level 4,TAS,4,2006-04-01,789.088
2,TAS skill level 4,TAS,4,2006-05-01,682.802
2,TAS skill level 4,TAS,4,2006-06-01,791.327
2,TAS skill level 4,TAS,4,2006-07-01,798.33
2,TAS skill level 4,TAS,4,2006-08-01,852.886
2,TAS skill level 4,TAS,4,2006-09-01,724.071
2,TAS skill level 4,TAS,4,2006-10-01,869.791
2,TAS skill level 4,TAS,4,2006-11-01,838.979
2,TAS skill level 4,TAS,4,2006-12-01,902.458
2,TAS skill level 4,TAS,4,2007-01-01,868.378
2,TAS skill level 4,TAS,4,2007-02-01,860.197
2,TAS skill level 4,TAS,4,2007-03-01,928.147
2,TAS skill level 4,TAS,4,2007-04-01,937.544
2,TAS skill level 4,TAS,4,2007-05-01,937.773
2,TAS skill level 4,TAS,4,2007-06-01,903.046
2,TAS skill level 4,TAS,4,2007-07-01,990.995
2,TAS skill level 4,TAS,4,2007-08-01,917.78
2,TAS skill level 4,TAS,4,2007-09-01,926.871
2,TAS skill level 4,TAS,4,2007-10-01,956.108
2,TAS skill level 4,TAS,4,2007-11-01,924.924
2,TAS skill level 4,TAS,4,2007-12-01,855.764
2,TAS skill level 4,TAS,4,2008-01-01,917.986
2,TAS skill level 4,TAS,4,2008-02-01,886.904
2,TAS skill level 4,TAS,4,2008-03-01,915.172
2,TAS skill level 4,TAS,4,2008-04-01,841.091
2,TAS skill level 4,TAS,4,2008-05-01,782.405
2,TAS skill level 4,TAS,4,2008-06-01,813.834
2,TAS skill level 4,TAS,4,2008-07-01,803.535
2,TAS skill level 4,TAS,4,2008-08-01,803.815
2,TAS skill level 4,TAS,4,2008-09-01,747.332
2,TAS skill level 4,TAS,4,2008-10-01,681.488
2,TAS skill level 4,TAS,4,2008-11-01,728.663
2,TAS skill level 4,TAS,4,2008-12-01,676.67
2,TAS skill level 4,TAS,4,2009-01-01,607.348
2,TAS skill level 4,TAS,4,2009-02-01,631.653
2,TAS skill level 4,TAS,4,2009-03-01,545.418
2,TAS skill level 4,TAS,4,2009-04-01,597.044
2,TAS skill level 4,TAS,4,2009-05-01,588.756
2,TAS skill level 4,TAS,4,2009-06-01,561.811
2,TAS skill level 4,TAS,4,2009-07-01,503.428
2,TAS skill level 4,TAS,4,2009-08-01,517.646
2,TAS skill level 4,TAS,4,2009-09-01,508.546
2,TAS skill level 4,TAS,4,2009-10-01,521.181
2,TAS skill level 4,TAS,4,2009-11-01,573.774
2,TAS skill level 4,TAS,4,2009-12-01,564.977
2,TAS skill level 4,TAS,4,2010-01-01,560.031
2,TAS skill level 4,TAS,4,2010-02-01,622.565
2,TAS skill level 4,TAS,4,2010-03-01,487.726
2,TAS skill level 4,TAS,4,2010-04-01,549.972
2,TAS skill level 4,TAS,4,2010-05-01,603.28
2,TAS skill level 4,TAS,4,2010-06-01,592.322
2,TAS skill level 4,TAS,4,2010-07-01,554.633
2,TAS skill level 4,TAS,4,2010-08-01,518.266
2,TAS skill level 4,TAS,4,2010-09-01,599.253
2,TAS skill level 4,TAS,4,2010-10-01,650.541
2,TAS skill level 4,TAS,4,2010-11-01,556.355
2,TAS skill level 4,TAS,4,2010-12-01,584.216
2,TAS skill level 4,TAS,4,2011-01-01,608.906
2,TAS skill level 4,TAS,4,2011-02-01,561.471
2,TAS skill level 4,TAS,4,2011-03-01,517.499
2,TAS skill level 4,TAS,4,2011-04-01,558.478
2,TAS skill level 4,TAS,4,2011-05-01,505.895
2,TAS skill level 4,TAS,4,2011-06-01,525.047
2,TAS skill level 4,TAS,4,2011-07-01,610.776
2,TAS skill level 4,TAS,4,2011-08-01,491.016
2,TAS skill level 4,TAS,4,2011-09-01,495.559
2,TAS skill level 4,TAS,4,2011-10-01,502.954
2,TAS skill level 4,TAS,4,2011-11-01,465.143
2,TAS skill level 4,TAS,4,2011-12-01,447.163
2,TAS skill level 4,TAS,4,2012-01-01,458.783
2,TAS skill level 4,TAS,4,2012-02-01,421.217
2,TAS skill level 4,TAS,4,2012-03-01,441.454
2,TAS skill level 4,TAS,4,2012-04-01,447.806
2,TAS skill level 4,TAS,4,2012-05-01,464.325
2,TAS skill level 4,TAS,4,2012-06-01,370.71
2,TAS skill level 4,TAS,4,2012-07-01,442.159
2,TAS skill level 4,TAS,4,2012-08-01,434.905
2,TAS skill level 4,TAS,4,2012-09-01,434.895
2,TAS skill level 4,TAS,4,2012-10-01,399.679
2,TAS skill level 4,TAS,4,2012-11-01,400.234
2,TAS skill level 4,TAS,4,2012-12-01,419.72
2,TAS skill level 4,TAS,4,2013-01-01,391.804
2,TAS skill level 4,TAS,4,2013-02-01,435.725
2,TAS skill level 4,TAS,4,2013-03-01,461.096
2,TAS skill level 4,TAS,4,2013-04-01,417.656
2,TAS skill level 4,TAS,4,2013-05-01,369.276
2,TAS skill level 4,TAS,4,2013-06-01,408.29
2,TAS skill level 4,TAS,4,2013-07-01,441.67
2,TAS skill level 4,TAS,4,2013-08-01,422.879
2,TAS skill level 4,TAS,4,2013-09-01,415.947
2,TAS skill level 4,TAS,4,2013-10-01,419.076
2,TAS skill level 4,TAS,4,2013-11-01,452.827
2,TAS skill level 4,TAS,4,2013-12-01,454.034
2,TAS skill level 4,TAS,4,2014-01-01,436.473
2,TAS skill level 4,TAS,4,2014-02-01,406.721
2,TAS skill level 4,TAS,4,2014-03-01,442.637
2,TAS skill level 4,TAS,4,2014-04-01,406.651
2,TAS skill level 4,TAS,4,2014-05-01,432.535
2,TAS skill level 4,TAS,4,2014-06-01,415.082
2,TAS skill level 4,TAS,4,2014-07-01,438.866
2,TAS skill level 4,TAS,4,2014-08-01,466.596
2,TAS skill level 4,TAS,4,2014-09-01,476.314
2,TAS skill level 4,TAS,4,2014-10-01,430.844
2,TAS skill level 4,TAS,4,2014-11-01,400.413
2,TAS skill level 4,TAS,4,2014-12-01,403.144
2,TAS skill level 4,TAS,4,2015-01-01,404.155
2,TAS skill level 4,TAS,4,2015-02-01,422.43
2,TAS skill level 4,TAS,4,2015-03-01,415.391
2,TAS skill level 4,TAS,4,2015-04-01,422.35
2,TAS skill level 4,TAS,4,2015-05-01,400.291
2,TAS skill level 4,TAS,4,2015-06-01,397.884
2,TAS skill level 4,TAS,4,2015-07-01,348.697
2,TAS skill level 4,TAS,4,2015-08-01,331.285
2,TAS skill level 4,TAS,4,2015-09-01,399.842
2,TAS skill level 4,TAS,4,2015-10-01,421.63
2,TAS skill level 4,TAS,4,2015-11-01,409.777
2,TAS skill level 4,TAS,4,2015-12-01,377.557
2,TAS skill level 4,TAS,4,2016-01-01,383.82
2,TAS skill level 4,TAS,4,2016-02-01,395.391
2,TAS skill level 4,TAS,4,2016-03-01,392.55
2,TAS skill level 4,TAS,4,2016-04-01,526.071
2,TAS skill level 4,TAS,4,2016-05-01,384.761
2,TAS skill level 4,TAS,4,2016-06-01,449.749
2,TAS skill level 4,TAS,4,2016-07-01,430.52
2,TAS skill level 4,TAS,4,2016-08-01,429.645
2,TAS skill level 4,TAS,4,2016-09-01,419.824
2,TAS skill level 4,TAS,4,2016-10-01,436.567
2,TAS skill level 4,TAS,4,2016-11-01,371.167
2,TAS skill level 4,TAS,4,2016-12-01,342.888
2,TAS skill level 4,TAS,4,2017-01-01,406.85
2,TAS skill level 4,TAS,4,2017-02-01,419.843
2,TAS skill level 4,TAS,4,2017-03-01,424.223
2,TAS skill level 4,TAS,4,2017-04-01,424.973
2,TAS skill level 4,TAS,4,2017-05-01,400.949
2,TAS skill level 4,TAS,4,2017-06-01,427.421
2,TAS skill level 4,TAS,4,2017-07-01,386.159
2,TAS skill level 4,TAS,4,2017-08-01,372.181
2,TAS skill level 4,TAS,4,2017-09-01,364.425
2,TAS skill level 4,TAS,4,2017-10-01,374.724
2,TAS skill level 4,TAS,4,2017-11-01,376.169
2,TAS skill level 4,TAS,4,2017-12-01,381.258
2,TAS skill level 4,TAS,4,2018-01-01,411.507
2,TAS skill level 4,TAS,4,2018-02-01,403.852
2,TAS skill level 4,TAS,4,2018-03-01,448.77
2,TAS skill level 4,TAS,4,2018-04-01,423.184
2,TAS skill level 4,TAS,4,2018-05-01,432.408
2,TAS skill level 4,TAS,4,2018-06-01,433.359
2,TAS skill level 4,TAS,4,2018-07-01,470.587
2,TAS skill level 4,TAS,4,2018-08-01,473.018
2,TAS skill level 4,TAS,4,2018-09-01,443.993
2,TAS skill level 4,TAS,4,2018-10-01,453.378
2,TAS skill level 4,TAS,4,2018-11-01,507.168
2,TAS skill level 4,TAS,4,2018-12-01,512.734
2,TAS skill level 4,TAS,4,2019-01-01,566.983
2,TAS skill level 4,TAS,4,2019-02-01,557.274
2,TAS skill level 4,TAS,4,2019-03-01,503.538
2,TAS skill level 4,TAS,4,2019-04-01,469.87
2,TAS skill level 4,TAS,4,2019-05-01,499.317
2,TAS skill level 4,TAS,4,2019-06-01,476.27
2,TAS skill level 4,TAS,4,2019-07-01,474.858
2,TAS skill level 4,TAS,4,2019-08-01,463.993
2,TAS skill level 4,TAS,4,2019-09-01,488.93
2,TAS skill level 4,TAS,4,2019-10-01,489.072
2,TAS skill level 4,TAS,4,2019-11-01,413.759
2,TAS skill level 4,TAS,4,2019-12-01,441.185
2,TAS skill level 4,TAS,4,2020-01-01,422.408
2,TAS skill level 4,TAS,4,2020-02-01,422.23
2,TAS skill level 4,TAS,4,2020-03-01,240.885
2,TAS skill level 4,TAS,4,2020-04-01,190.474
2,TAS skill level 4,TAS,4,2020-05-01,250.948
2,TAS skill level 4,TAS,4,2020-06-01,399.494
2,TAS skill level 4,TAS,4,2020-07-01,415.875
2,TAS skill level 4,TAS,4,2020-08-01,477.255
2,TAS skill level 4,TAS,4,2020-09-01,493.968
2,TAS skill level 4,TAS,4,2020-10-01,554.967
2,TAS skill level 4,TAS,4,2020-11-01,642.074
2,TAS skill level 4,TAS,4,2020-12-01,654.657
2,TAS skill level 4,TAS,4,2021-01-01,580.832
2,TAS skill level 4,TAS,4,2021-02-01,682.362
2,TAS skill level 4,TAS,4,2021-03-01,780.494
2,TAS skill level 4,TAS,4,2021-04-01,814.59
2,TAS skill level 4,TAS,4,2021-05-01,726.762
2,TAS skill level 4,TAS,4,2021-06-01,729.241
2,TAS skill level 4,TAS,4,2021-07-01,738.201
2,TAS skill level 4,TAS,4,2021-08-01,741.488
2,TAS skill level 4,TAS,4,2021-09-01,831.771
2,TAS skill level 4,TAS,4,2021-10-01,779.723
2,TAS skill level 4,TAS,4,2021-11-01,891.083
2,TAS skill level 4,TAS,4,2021-12-01,873.949
2,TAS skill level 4,TAS,4,2022-01-01,813.973
2,TAS skill level 4,TAS,4,2022-02-01,886.538
2,TAS skill level 4,TAS,4,2022-03-01,869.006
2,TAS skill level 4,TAS,4,2022-04-01,944.689
2,TAS skill level 4,TAS,4,2022-05-01,1018.564
2,TAS skill level 4,TAS,4,2022-06-01,1096.719
2,TAS skill level 4,TAS,4,2022-07-01,1117.543
2,TAS skill level 4,TAS,4,2022-08-01,1134.274
2,TAS skill level 4,TAS,4,2022-09-01,926.009
2,TAS skill level 4,TAS,4,2022-10-01,1006.835
2,TAS skill level 4,TAS,4,2022-11-01,1037.565
2,TAS skill level 4,TAS,4,2022-12-01,837.229
2,TAS skill level 4,TAS,4,2023-01-01,980.074
2,TAS skill level 4,TAS,4,2023-02-01,1033.874
2,TAS skill level 4,TAS,4,2023-03-01,1049.866
2,TAS skill level 4,TAS,4,2023-04-01,1093.005
2,TAS skill level 4,TAS,4,2023-05-01,1146.818
2,TAS skill level 4,TAS,4,2023-06-01,1112.972
2,TAS skill level 4,TAS,4,2023-07-01,1123.316
2,TAS skill level 4,TAS,4,2023-08-01,1001.739
2,TAS skill level 4,TAS,4,2023-09-01,1068.898
2,TAS skill level 4,TAS,4,2023-10-01,1010.702
2,TAS skill level 4,TAS,4,2023-11-01,1041.793
2,TAS skill level 4,TAS,4,2023-12-01,1064.926
2,TAS skill level 4,TAS,4,2024-01-01,1116.083
2,TAS skill level 4,TAS,4,2024-02-01,1188.787
2,TAS skill level 4,TAS,4,2024-03-01,1198.778
2,TAS skill level 4,TAS,4,2024-04-01,1068.031
2,TAS skill level 4,TAS,4,2024-05-01,1159.093
2,TAS skill level 4,TAS,4,2024-06-01,982.565
2,TAS skill level 4,TAS,4,2024-07-01,990.677
2,TAS skill level 4,TAS,4,2024-08-01,1026.103
2,TAS skill level 4,TAS,4,2024-09-01,986.877
2,TAS skill level 4,TAS,4,2024-10-01,981.576
2,TAS skill level 4,TAS,4,2024-11-01,945.002
2,TAS skill level 4,TAS,4,2024-12-01,900.724
2,TAS skill level 4,TAS,4,2025-01-01,859.994
2,TAS skill level 4,TAS,4,2025-02-01,890.301
2,TAS skill level 4,TAS,4,2025-03-01,809.07
2,TAS skill level 4,TAS,4,2025-04-01,954.384
2,TAS skill level 4,TAS,4,2025-05-01,869.231
2,TAS skill level 4,TAS,4,2025-06-01,876.486
2,TAS skill level 4,TAS,4,2025-07-01,911.692
2,TAS skill level 4,TAS,4,2025-08-01,860.163
2,TAS skill level 4,TAS,4,2025-09-01,890.518
2,TAS skill level 4,TAS,4,2025-10-01,863.385
2,TAS skill level 4,TAS,4,2025-11-01,808.999
2,TAS skill level 4,TAS,4,2025-12-01,898.227
2,TAS skill level 4,TAS,4,2026-01-01,948.957
2,TAS skill level 4,TAS,4,2026-02-01,855.798
2,TAS skill level 4,TAS,4,2026-03-01,923.163
2,TAS skill level 4,TAS,4,2026-04-01,941.846
2,TAS skill level 4,TAS,4,2026-05-01,852.84
2,TAS skill level 4,TAS,4,2026-06-01,830.549
2,TAS skill level 4,TAS,4,2026-07-01,823.35
2,TAS skill level 5,TAS,5,2006-01-01,1035.622
2,TAS skill level 5,TAS,5,2006-02-01,1031.497
2,TAS skill level 5,TAS,5,2006-03-01,1199.964
2,TAS skill level 5,TAS,5,2006-04-01,998.919
2,TAS skill level 5,TAS,5,2006-05-01,1022.379
2,TAS skill level 5,TAS,5,2006-06-01,994.066
2,TAS skill level 5,TAS,5,2006-07-01,1022.697
2,TAS skill level 5,TAS,5,2006-08-01,1014.365
2,TAS skill level 5,TAS,5,2006-09-01,968.427
2,TAS skill level 5,TAS,5,2006-10-01,1055.073
2,TAS skill level 5,TAS,5,2006-11-01,1015.642
2,TAS skill level 5,TAS,5,2006-12-01,1173.99
2,TAS skill level 5,TAS,5,2007-01-01,1082.735
2,TAS skill level 5,TAS,5,2007-02-01,1062.839
2,TAS skill level 5,TAS,5,2007-03-01,1083.094
2,TAS skill level 5,TAS,5,2007-04-01,1096.8
2,TAS skill level 5,TAS,5,2007-05-01,1079.062
2,TAS skill level 5,TAS,5,2007-06-01,1042.076
2,TAS skill level 5,TAS,5,2007-07-01,1072.014
2,TAS skill level 5,TAS,5,2007-08-01,1100.805
2,TAS skill level 5,TAS,5,2007-09-01,1080.42
2,TAS skill level 5,TAS,5,2007-10-01,1023.99
2,TAS skill level 5,TAS,5,2007-11-01,1032.419
2,TAS skill level 5,TAS,5,2007-12-01,1056.772
2,TAS skill level 5,TAS,5,2008-01-01,1030.998
2,TAS skill level 5,TAS,5,2008-02-01,991.136
2,TAS skill level 5,TAS,5,2008-03-01,1012.689
2,TAS skill level 5,TAS,5,2008-04-01,936.211
2,TAS skill level 5,TAS,5,2008-05-01,908.039
2,TAS skill level 5,TAS,5,2008-06-01,938.556
2,TAS skill level 5,TAS,5,2008-07-01,922.218
2,TAS skill level 5,TAS,5,2008-08-01,893.592
2,TAS skill level 5,TAS,5,2008-09-01,851.419
2,TAS skill level 5,TAS,5,2008-10-01,788.342
2,TAS skill level 5,TAS,5,2008-11-01,774.117
2,TAS skill level 5,TAS,5,2008-12-01,693.441
2,TAS skill level 5,TAS,5,2009-01-01,676.404
2,TAS skill level 5,TAS,5,2009-02-01,715.589
2,TAS skill level 5,TAS,5,2009-03-01,646.483
2,TAS skill level 5,TAS,5,2009-04-01,667.078
2,TAS skill level 5,TAS,5,2009-05-01,690.743
2,TAS skill level 5,TAS,5,2009-06-01,573.038
2,TAS skill level 5,TAS,5,2009-07-01,395.55
2,TAS skill level 5,TAS,5,2009-08-01,442.263
2,TAS skill level 5,TAS,5,2009-09-01,422.147
2,TAS skill level 5,TAS,5,2009-10-01,510.074
2,TAS skill level 5,TAS,5,2009-11-01,527.556
2,TAS skill level 5,TAS,5,2009-12-01,534.557
2,TAS skill level 5,TAS,5,2010-01-01,577.742
2,TAS skill level 5,TAS,5,2010-02-01,527.555
2,TAS skill level 5,TAS,5,2010-03-01,419.922
2,TAS skill level 5,TAS,5,2010-04-01,439.65
2,TAS skill level 5,TAS,5,2010-05-01,525.767
2,TAS skill level 5,TAS,5,2010-06-01,544.473
2,TAS skill level 5,TAS,5,2010-07-01,523.004
2,TAS skill level 5,TAS,5,2010-08-01,514.366
2,TAS skill level 5,TAS,5,2010-09-01,582.365
2,TAS skill level 5,TAS,5,2010-10-01,542.775
2,TAS skill level 5,TAS,5,2010-11-01,490.094
2,TAS skill level 5,TAS,5,2010-12-01,506.5
2,TAS skill level 5,TAS,5,2011-01-01,522.813
2,TAS skill level 5,TAS,5,2011-02-01,466.224
2,TAS skill level 5,TAS,5,2011-03-01,499.226
2,TAS skill level 5,TAS,5,2011-04-01,502.8
2,TAS skill level 5,TAS,5,2011-05-01,512.746
2,TAS skill level 5,TAS,5,2011-06-01,473.573
2,TAS skill level 5,TAS,5,2011-07-01,494.274
2,TAS skill level 5,TAS,5,2011-08-01,495.281
2,TAS skill level 5,TAS,5,2011-09-01,456.459
2,TAS skill level 5,TAS,5,2011-10-01,438.37
2,TAS skill level 5,TAS,5,2011-11-01,453.073
2,TAS skill level 5,TAS,5,2011-12-01,432.384
2,TAS skill level 5,TAS,5,2012-01-01,398.359
2,TAS skill level 5,TAS,5,2012-02-01,397.583
2,TAS skill level 5,TAS,5,2012-03-01,404.836
2,TAS skill level 5,TAS,5,2012-04-01,401.193
2,TAS skill level 5,TAS,5,2012-05-01,377.074
2,TAS skill level 5,TAS,5,2012-06-01,350.161
2,TAS skill level 5,TAS,5,2012-07-01,352.581
2,TAS skill level 5,TAS,5,2012-08-01,395.467
2,TAS skill level 5,TAS,5,2012-09-01,360.304
2,TAS skill level 5,TAS,5,2012-10-01,380.651
2,TAS skill level 5,TAS,5,2012-11-01,367.98
2,TAS skill level 5,TAS,5,2012-12-01,348.106
2,TAS skill level 5,TAS,5,2013-01-01,350.876
2,TAS skill level 5,TAS,5,2013-02-01,343.64
2,TAS skill level 5,TAS,5,2013-03-01,333.843
2,TAS skill level 5,TAS,5,2013-04-01,332.392
2,TAS skill level 5,TAS,5,2013-05-01,342.419
2,TAS skill level 5,TAS,5,2013-06-01,377.977
2,TAS skill level 5,TAS,5,2013-07-01,349.815
2,TAS skill level 5,TAS,5,2013-08-01,326.769
2,TAS skill level 5,TAS,5,2013-09-01,333.91
2,TAS skill level 5,TAS,5,2013-10-01,298.834
2,TAS skill level 5,TAS,5,2013-11-01,321.259
2,TAS skill level 5,TAS,5,2013-12-01,313.365
2,TAS skill level 5,TAS,5,2014-01-01,378.356
2,TAS skill level 5,TAS,5,2014-02-01,370.593
2,TAS skill level 5,TAS,5,2014-03-01,357.729
2,TAS skill level 5,TAS,5,2014-04-01,330.858
2,TAS skill level 5,TAS,5,2014-05-01,328.369
2,TAS skill level 5,TAS,5,2014-06-01,313.183
2,TAS skill level 5,TAS,5,2014-07-01,371.19
2,TAS skill level 5,TAS,5,2014-08-01,400.441
2,TAS skill level 5,TAS,5,2014-09-01,406.439
2,TAS skill level 5,TAS,5,2014-10-01,376.629
2,TAS skill level 5,TAS,5,2014-11-01,354.418
2,TAS skill level 5,TAS,5,2014-12-01,376.021
2,TAS skill level 5,TAS,5,2015-01-01,341.979
2,TAS skill level 5,TAS,5,2015-02-01,327.599
2,TAS skill level 5,TAS,5,2015-03-01,332.979
2,TAS skill level 5,TAS,5,2015-04-01,324.706
2,TAS skill level 5,TAS,5,2015-05-01,298.463
2,TAS skill level 5,TAS,5,2015-06-01,256.883
2,TAS skill level 5,TAS,5,2015-07-01,202.041
2,TAS skill level 5,TAS,5,2015-08-01,211.222
2,TAS skill level 5,TAS,5,2015-09-01,327.372
2,TAS skill level 5,TAS,5,2015-10-01,325.917
2,TAS skill level 5,TAS,5,2015-11-01,312.255
2,TAS skill level 5,TAS,5,2015-12-01,292.158
2,TAS skill level 5,TAS,5,2016-01-01,274.949
2,TAS skill level 5,TAS,5,2016-02-01,299.872
2,TAS skill level 5,TAS,5,2016-03-01,273.02
2,TAS skill level 5,TAS,5,2016-04-01,303.885
2,TAS skill level 5,TAS,5,2016-05-01,330.166
2,TAS skill level 5,TAS,5,2016-06-01,341.792
2,TAS skill level 5,TAS,5,2016-07-01,333.453
2,TAS skill level 5,TAS,5,2016-08-01,294.043
2,TAS skill level 5,TAS,5,2016-09-01,279.774
2,TAS skill level 5,TAS,5,2016-10-01,292.632
2,TAS skill level 5,TAS,5,2016-11-01,274.034
2,TAS skill level 5,TAS,5,2016-12-01,285.917
2,TAS skill level 5,TAS,5,2017-01-01,271.078
2,TAS skill level 5,TAS,5,2017-02-01,280.821
2,TAS skill level 5,TAS,5,2017-03-01,292.169
2,TAS skill level 5,TAS,5,2017-04-01,290.024
2,TAS skill level 5,TAS,5,2017-05-01,294.481
2,TAS skill level 5,TAS,5,2017-06-01,277.245
2,TAS skill level 5,TAS,5,2017-07-01,199.247
2,TAS skill level 5,TAS,5,2017-08-01,222.365
2,TAS skill level 5,TAS,5,2017-09-01,208.027
2,TAS skill level 5,TAS,5,2017-10-01,193.378
2,TAS skill level 5,TAS,5,2017-11-01,210.878
2,TAS skill level 5,TAS,5,2017-12-01,194.051
2,TAS skill level 5,TAS,5,2018-01-01,219.331
2,TAS skill level 5,TAS,5,2018-02-01,204.618
2,TAS skill level 5,TAS,5,2018-03-01,241.632
2,TAS skill level 5,TAS,5,2018-04-01,212.31
2,TAS skill level 5,TAS,5,2018-05-01,219.869
2,TAS skill level 5,TAS,5,2018-06-01,221.718
2,TAS skill level 5,TAS,5,2018-07-01,238.436
2,TAS skill level 5,TAS,5,2018-08-01,242.466
2,TAS skill level 5,TAS,5,2018-09-01,266.559
2,TAS skill level 5,TAS,5,2018-10-01,262.815
2,TAS skill level 5,TAS,5,2018-11-01,252.758
2,TAS skill level 5,TAS,5,2018-12-01,247.379
2,TAS skill level 5,TAS,5,2019-01-01,259.695
2,TAS skill level 5,TAS,5,2019-02-01,260.719
2,TAS skill level 5,TAS,5,2019-03-01,240.096
2,TAS skill level 5,TAS,5,2019-04-01,252.128
2,TAS skill level 5,TAS,5,2019-05-01,239.661
2,TAS skill level 5,TAS,5,2019-06-01,248.139
2,TAS skill level 5,TAS,5,2019-07-01,238.109
2,TAS skill level 5,TAS,5,2019-08-01,228.629
2,TAS skill level 5,TAS,5,2019-09-01,225.439
2,TAS skill level 5,TAS,5,2019-10-01,207.963
2,TAS skill level 5,TAS,5,2019-11-01,180.93
2,TAS skill level 5,TAS,5,2019-12-01,195.609
2,TAS skill level 5,TAS,5,2020-01-01,191.359
2,TAS skill level 5,TAS,5,2020-02-01,163.992
2,TAS skill level 5,TAS,5,2020-03-01,134.19
2,TAS skill level 5,TAS,5,2020-04-01,78.86
2,TAS skill level 5,TAS,5,2020-05-01,107.034
2,TAS skill level 5,TAS,5,2020-06-01,152.713
2,TAS skill level 5,TAS,5,2020-07-01,216.928
2,TAS skill level 5,TAS,5,2020-08-01,241.18
2,TAS skill level 5,TAS,5,2020-09-01,236.078
2,TAS skill level 5,TAS,5,2020-10-01,275.346
2,TAS skill level 5,TAS,5,2020-11-01,326.044
2,TAS skill level 5,TAS,5,2020-12-01,321.797
2,TAS skill level 5,TAS,5,2021-01-01,309.7
2,TAS skill level 5,TAS,5,2021-02-01,354.367
2,TAS skill level 5,TAS,5,2021-03-01,457.027
2,TAS skill level 5,TAS,5,2021-04-01,408.318
2,TAS skill level 5,TAS,5,2021-05-01,372.5
2,TAS skill level 5,TAS,5,2021-06-01,388.966
2,TAS skill level 5,TAS,5,2021-07-01,389.348
2,TAS skill level 5,TAS,5,2021-08-01,375.106
2,TAS skill level 5,TAS,5,2021-09-01,418.152
2,TAS skill level 5,TAS,5,2021-10-01,411.507
2,TAS skill level 5,TAS,5,2021-11-01,440.204
2,TAS skill level 5,TAS,5,2021-12-01,499.409
2,TAS skill level 5,TAS,5,2022-01-01,493.232
2,TAS skill level 5,TAS,5,2022-02-01,490.685
2,TAS skill level 5,TAS,5,2022-03-01,507.698
2,TAS skill level 5,TAS,5,2022-04-01,498.81
2,TAS skill level 5,TAS,5,2022-05-01,544.005
2,TAS skill level 5,TAS,5,2022-06-01,528.065
2,TAS skill level 5,TAS,5,2022-07-01,547.403
2,TAS skill level 5,TAS,5,2022-08-01,586.644
2,TAS skill level 5,TAS,5,2022-09-01,546.822
2,TAS skill level 5,TAS,5,2022-10-01,572.064
2,TAS skill level 5,TAS,5,2022-11-01,531.389
2,TAS skill level 5,TAS,5,2022-12-01,513.135
2,TAS skill level 5,TAS,5,2023-01-01,535.918
2,TAS skill level 5,TAS,5,2023-02-01,517.641
2,TAS skill level 5,TAS,5,2023-03-01,528.232
2,TAS skill level 5,TAS,5,2023-04-01,575.13
2,TAS skill level 5,TAS,5,2023-05-01,547.48
2,TAS skill level 5,TAS,5,2023-06-01,556.216
2,TAS skill level 5,TAS,5,2023-07-01,498.928
2,TAS skill level 5,TAS,5,2023-08-01,487.472
2,TAS skill level 5,TAS,5,2023-09-01,454.975
2,TAS skill level 5,TAS,5,2023-10-01,464.506
2,TAS skill level 5,TAS,5,2023-11-01,481.601
2,TAS skill level 5,TAS,5,2023-12-01,460.021
2,TAS skill level 5,TAS,5,2024-01-01,500.398
2,TAS skill level 5,TAS,5,2024-02-01,483.795
2,TAS skill level 5,TAS,5,2024-03-01,502.029
2,TAS skill level 5,TAS,5,2024-04-01,457.722
2,TAS skill level 5,TAS,5,2024-05-01,472.002
2,TAS skill level 5,TAS,5,2024-06-01,459.411
2,TAS skill level 5,TAS,5,2024-07-01,443.028
2,TAS skill level 5,TAS,5,2024-08-01,429.609
2,TAS skill level 5,TAS,5,2024-09-01,432.571
2,TAS skill level 5,TAS,5,2024-10-01,437.425
2,TAS skill level 5,TAS,5,2024-11-01,489.313
2,TAS skill level 5,TAS,5,2024-12-01,425.112
2,TAS skill level 5,TAS,5,2025-01-01,413.59
2,TAS skill level 5,TAS,5,2025-02-01,428.296
2,TAS skill level 5,TAS,5,2025-03-01,426.778
2,TAS skill level 5,TAS,5,2025-04-01,438.043
2,TAS skill level 5,TAS,5,2025-05-01,419.716
2,TAS skill level 5,TAS,5,2025-06-01,435.865
2,TAS skill level 5,TAS,5,2025-07-01,481.666
2,TAS skill level 5,TAS,5,2025-08-01,449.757
2,TAS skill level 5,TAS,5,2025-09-01,460.658
2,TAS skill level 5,TAS,5,2025-10-01,416.854
2,TAS skill level 5,TAS,5,2025-11-01,423.604
2,TAS skill level 5,TAS,5,2025-12-01,410.063
2,TAS skill level 5,TAS,5,2026-01-01,483.3
2,TAS skill level 5,TAS,5,2026-02-01,438.722
2,TAS skill level 5,TAS,5,2026-03-01,414.266
2,TAS skill level 5,TAS,5,2026-04-01,426.485
2,TAS skill level 5,TAS,5,2026-05-01,443.704
2,TAS skill level 5,TAS,5,2026-06-01,371.449
2,TAS skill level 5,TAS,5,2026-07-01,434.884
1,NT TOTAL,NT,0,2006-01-01,2584.151
1,NT TOTAL,NT,0,2006-02-01,2422.031
1,NT TOTAL,NT,0,2006-03-01,2475.303
1,NT TOTAL,NT,0,2006-04-01,2620.218
1,NT TOTAL,NT,0,2006-05-01,2739.504
1,NT TOTAL,NT,0,2006-06-01,3299.591
1,NT TOTAL,NT,0,2006-07-01,2895.24
1,NT TOTAL,NT,0,2006-08-01,2925.935
1,NT TOTAL,NT,0,2006-09-01,2778.92
1,NT TOTAL,NT,0,2006-10-01,2966.734
1,NT TOTAL,NT,0,2006-11-01,2790.251
1,NT TOTAL,NT,0,2006-12-01,2891.841
1,NT TOTAL,NT,0,2007-01-01,2995.406
1,NT TOTAL,NT,0,2007-02-01,3190.592
1,NT TOTAL,NT,0,2007-03-01,3251.14
1,NT TOTAL,NT,0,2007-04-01,3311.844
1,NT TOTAL,NT,0,2007-05-01,3313.636
1,NT TOTAL,NT,0,2007-06-01,3367.288
1,NT TOTAL,NT,0,2007-07-01,3543.67
1,NT TOTAL,NT,0,2007-08-01,3394.453
1,NT TOTAL,NT,0,2007-09-01,3555.929
1,NT TOTAL,NT,0,2007-10-01,3591.081
1,NT TOTAL,NT,0,2007-11-01,3892.324
1,NT TOTAL,NT,0,2007-12-01,3781.19
1,NT TOTAL,NT,0,2008-01-01,3803.811
1,NT TOTAL,NT,0,2008-02-01,3800.652
1,NT TOTAL,NT,0,2008-03-01,3707.466
1,NT TOTAL,NT,0,2008-04-01,3816.62
1,NT TOTAL,NT,0,2008-05-01,3794.815
1,NT TOTAL,NT,0,2008-06-01,4058.398
1,NT TOTAL,NT,0,2008-07-01,3366.709
1,NT TOTAL,NT,0,2008-08-01,3670.41
1,NT TOTAL,NT,0,2008-09-01,3699.49
1,NT TOTAL,NT,0,2008-10-01,3502.595
1,NT TOTAL,NT,0,2008-11-01,3966.246
1,NT TOTAL,NT,0,2008-12-01,3442.204
1,NT TOTAL,NT,0,2009-01-01,3159.709
1,NT TOTAL,NT,0,2009-02-01,2936.129
1,NT TOTAL,NT,0,2009-03-01,3176.597
1,NT TOTAL,NT,0,2009-04-01,3129.73
1,NT TOTAL,NT,0,2009-05-01,2935.872
1,NT TOTAL,NT,0,2009-06-01,2603.714
1,NT TOTAL,NT,0,2009-07-01,3056.202
1,NT TOTAL,NT,0,2009-08-01,3300.381
1,NT TOTAL,NT,0,2009-09-01,3290.552
1,NT TOTAL,NT,0,2009-10-01,3413.607
1,NT TOTAL,NT,0,2009-11-01,3354.814
1,NT TOTAL,NT,0,2009-12-01,3348.693
1,NT TOTAL,NT,0,2010-01-01,3582.785
1,NT TOTAL,NT,0,2010-02-01,3692.02
1,NT TOTAL,NT,0,2010-03-01,3104.828
1,NT TOTAL,NT,0,2010-04-01,3273.211
1,NT TOTAL,NT,0,2010-05-01,3660.624
1,NT TOTAL,NT,0,2010-06-01,3642.863
1,NT TOTAL,NT,0,2010-07-01,3226.455
1,NT TOTAL,NT,0,2010-08-01,3309.086
1,NT TOTAL,NT,0,2010-09-01,3181.217
1,NT TOTAL,NT,0,2010-10-01,3305.711
1,NT TOTAL,NT,0,2010-11-01,3232.369
1,NT TOTAL,NT,0,2010-12-01,3135.72
1,NT TOTAL,NT,0,2011-01-01,3105.427
1,NT TOTAL,NT,0,2011-02-01,3070.916
1,NT TOTAL,NT,0,2011-03-01,3364.571
1,NT TOTAL,NT,0,2011-04-01,3620.758
1,NT TOTAL,NT,0,2011-05-01,3547.747
1,NT TOTAL,NT,0,2011-06-01,3584.17
1,NT TOTAL,NT,0,2011-07-01,3757.465
1,NT TOTAL,NT,0,2011-08-01,3461.009
1,NT TOTAL,NT,0,2011-09-01,3529.177
1,NT TOTAL,NT,0,2011-10-01,3272.527
1,NT TOTAL,NT,0,2011-11-01,3358.108
1,NT TOTAL,NT,0,2011-12-01,3561.912
1,NT TOTAL,NT,0,2012-01-01,3472.436
1,NT TOTAL,NT,0,2012-02-01,3714.687
1,NT TOTAL,NT,0,2012-03-01,3449.865
1,NT TOTAL,NT,0,2012-04-01,3330.16
1,NT TOTAL,NT,0,2012-05-01,3059.05
1,NT TOTAL,NT,0,2012-06-01,3053.41
1,NT TOTAL,NT,0,2012-07-01,3158.407
1,NT TOTAL,NT,0,2012-08-01,3042.956
1,NT TOTAL,NT,0,2012-09-01,3243.239
1,NT TOTAL,NT,0,2012-10-01,3125.574
1,NT TOTAL,NT,0,2012-11-01,3077.901
1,NT TOTAL,NT,0,2012-12-01,3052.823
1,NT TOTAL,NT,0,2013-01-01,2906.462
1,NT TOTAL,NT,0,2013-02-01,2659.924
1,NT TOTAL,NT,0,2013-03-01,2742.753
1,NT TOTAL,NT,0,2013-04-01,2517.502
1,NT TOTAL,NT,0,2013-05-01,2557.495
1,NT TOTAL,NT,0,2013-06-01,2463.365
1,NT TOTAL,NT,0,2013-07-01,2429.368
1,NT TOTAL,NT,0,2013-08-01,2570.384
1,NT TOTAL,NT,0,2013-09-01,2593.336
1,NT TOTAL,NT,0,2013-10-01,2594.19
1,NT TOTAL,NT,0,2013-11-01,2626.103
1,NT TOTAL,NT,0,2013-12-01,2049.426
1,NT TOTAL,NT,0,2014-01-01,2204.38
1,NT TOTAL,NT,0,2014-02-01,2565.297
1,NT TOTAL,NT,0,2014-03-01,2485.679
1,NT TOTAL,NT,0,2014-04-01,2516.32
1,NT TOTAL,NT,0,2014-05-01,2594.311
1,NT TOTAL,NT,0,2014-06-01,2496.884
1,NT TOTAL,NT,0,2014-07-01,2342.966
1,NT TOTAL,NT,0,2014-08-01,2668.207
1,NT TOTAL,NT,0,2014-09-01,2232.36
1,NT TOTAL,NT,0,2014-10-01,2257.982
1,NT TOTAL,NT,0,2014-11-01,2367.432
1,NT TOTAL,NT,0,2014-12-01,2216.416
1,NT TOTAL,NT,0,2015-01-01,2197.54
1,NT TOTAL,NT,0,2015-02-01,2211.228
1,NT TOTAL,NT,0,2015-03-01,2027.976
1,NT TOTAL,NT,0,2015-04-01,1987.425
1,NT TOTAL,NT,0,2015-05-01,1901.096
1,NT TOTAL,NT,0,2015-06-01,2076.274
1,NT TOTAL,NT,0,2015-07-01,1999.05
1,NT TOTAL,NT,0,2015-08-01,1972.285
1,NT TOTAL,NT,0,2015-09-01,1910.621
1,NT TOTAL,NT,0,2015-10-01,1961.136
1,NT TOTAL,NT,0,2015-11-01,1956.21
1,NT TOTAL,NT,0,2015-12-01,1950.431
1,NT TOTAL,NT,0,2016-01-01,2128.788
1,NT TOTAL,NT,0,2016-02-01,1959.912
1,NT TOTAL,NT,0,2016-03-01,1965.664
1,NT TOTAL,NT,0,2016-04-01,1957.25
1,NT TOTAL,NT,0,2016-05-01,2090.281
1,NT TOTAL,NT,0,2016-06-01,2195.722
1,NT TOTAL,NT,0,2016-07-01,1989.994
1,NT TOTAL,NT,0,2016-08-01,1736.873
1,NT TOTAL,NT,0,2016-09-01,1769.648
1,NT TOTAL,NT,0,2016-10-01,1724.567
1,NT TOTAL,NT,0,2016-11-01,1639.884
1,NT TOTAL,NT,0,2016-12-01,1646.786
1,NT TOTAL,NT,0,2017-01-01,1586.253
1,NT TOTAL,NT,0,2017-02-01,1687.655
1,NT TOTAL,NT,0,2017-03-01,1793.815
1,NT TOTAL,NT,0,2017-04-01,1809.537
1,NT TOTAL,NT,0,2017-05-01,1757.684
1,NT TOTAL,NT,0,2017-06-01,1753.717
1,NT TOTAL,NT,0,2017-07-01,1891.374
1,NT TOTAL,NT,0,2017-08-01,2042.464
1,NT TOTAL,NT,0,2017-09-01,2036.7
1,NT TOTAL,NT,0,2017-10-01,1977.439
1,NT TOTAL,NT,0,2017-11-01,1961.5
1,NT TOTAL,NT,0,2017-12-01,1687.401
1,NT TOTAL,NT,0,2018-01-01,1998.351
1,NT TOTAL,NT,0,2018-02-01,1873.022
1,NT TOTAL,NT,0,2018-03-01,1971.885
1,NT TOTAL,NT,0,2018-04-01,1987.969
1,NT TOTAL,NT,0,2018-05-01,2034.157
1,NT TOTAL,NT,0,2018-06-01,1990.332
1,NT TOTAL,NT,0,2018-07-01,1824.339
1,NT TOTAL,NT,0,2018-08-01,1850.049
1,NT TOTAL,NT,0,2018-09-01,1805.737
1,NT TOTAL,NT,0,2018-10-01,1829.833
1,NT TOTAL,NT,0,2018-11-01,1846.196
1,NT TOTAL,NT,0,2018-12-01,1833.623
1,NT TOTAL,NT,0,2019-01-01,1819.632
1,NT TOTAL,NT,0,2019-02-01,1803.776
1,NT TOTAL,NT,0,2019-03-01,1696.155
1,NT TOTAL,NT,0,2019-04-01,1739.838
1,NT TOTAL,NT,0,2019-05-01,1641.893
1,NT TOTAL,NT,0,2019-06-01,1620.582
1,NT TOTAL,NT,0,2019-07-01,1781.404
1,NT TOTAL,NT,0,2019-08-01,1642.758
1,NT TOTAL,NT,0,2019-09-01,1588.284
1,NT TOTAL,NT,0,2019-10-01,1587.503
1,NT TOTAL,NT,0,2019-11-01,1574.705
1,NT TOTAL,NT,0,2019-12-01,1693.838
1,NT TOTAL,NT,0,2020-01-01,1728.659
1,NT TOTAL,NT,0,2020-02-01,1636.366
1,NT TOTAL,NT,0,2020-03-01,1262.395
1,NT TOTAL,NT,0,2020-04-01,838.919
1,NT TOTAL,NT,0,2020-05-01,1096.357
1,NT TOTAL,NT,0,2020-06-01,1490.391
1,NT TOTAL,NT,0,2020-07-01,1512.178
1,NT TOTAL,NT,0,2020-08-01,1630.729
1,NT TOTAL,NT,0,2020-09-01,1856.341
1,NT TOTAL,NT,0,2020-10-01,1900.665
1,NT TOTAL,NT,0,2020-11-01,1929.046
1,NT TOTAL,NT,0,2020-12-01,2093.752
1,NT TOTAL,NT,0,2021-01-01,2190.143
1,NT TOTAL,NT,0,2021-02-01,2432.378
1,NT TOTAL,NT,0,2021-03-01,2570.993
1,NT TOTAL,NT,0,2021-04-01,2562.512
1,NT TOTAL,NT,0,2021-05-01,2614.639
1,NT TOTAL,NT,0,2021-06-01,2630.568
1,NT TOTAL,NT,0,2021-07-01,2587.147
1,NT TOTAL,NT,0,2021-08-01,2603.943
1,NT TOTAL,NT,0,2021-09-01,2766.363
1,NT TOTAL,NT,0,2021-10-01,2767.45
1,NT TOTAL,NT,0,2021-11-01,2952.001
1,NT TOTAL,NT,0,2021-12-01,2910.681
1,NT TOTAL,NT,0,2022-01-01,2853.178
1,NT TOTAL,NT,0,2022-02-01,2824.173
1,NT TOTAL,NT,0,2022-03-01,3083.86
1,NT TOTAL,NT,0,2022-04-01,3217.258
1,NT TOTAL,NT,0,2022-05-01,3184.038
1,NT TOTAL,NT,0,2022-06-01,3190.225
1,NT TOTAL,NT,0,2022-07-01,2873.095
1,NT TOTAL,NT,0,2022-08-01,3111.482
1,NT TOTAL,NT,0,2022-09-01,2907.813
1,NT TOTAL,NT,0,2022-10-01,2926.347
1,NT TOTAL,NT,0,2022-11-01,2980.946
1,NT TOTAL,NT,0,2022-12-01,3046.386
1,NT TOTAL,NT,0,2023-01-01,3007.833
1,NT TOTAL,NT,0,2023-02-01,3364.477
1,NT TOTAL,NT,0,2023-03-01,3175.248
1,NT TOTAL,NT,0,2023-04-01,3087.338
1,NT TOTAL,NT,0,2023-05-01,3368.225
1,NT TOTAL,NT,0,2023-06-01,3334.999
1,NT TOTAL,NT,0,2023-07-01,3390.686
1,NT TOTAL,NT,0,2023-08-01,3454.837
1,NT TOTAL,NT,0,2023-09-01,3346.785
1,NT TOTAL,NT,0,2023-10-01,3385.51
1,NT TOTAL,NT,0,2023-11-01,3371.012
1,NT TOTAL,NT,0,2023-12-01,3300.162
1,NT TOTAL,NT,0,2024-01-01,3364.019
1,NT TOTAL,NT,0,2024-02-01,3388.674
1,NT TOTAL,NT,0,2024-03-01,3277.307
1,NT TOTAL,NT,0,2024-04-01,3194.062
1,NT TOTAL,NT,0,2024-05-01,3248.806
1,NT TOTAL,NT,0,2024-06-01,3023.072
1,NT TOTAL,NT,0,2024-07-01,3211.195
1,NT TOTAL,NT,0,2024-08-01,3144.911
1,NT TOTAL,NT,0,2024-09-01,3255.29
1,NT TOTAL,NT,0,2024-10-01,3223.522
1,NT TOTAL,NT,0,2024-11-01,3237.09
1,NT TOTAL,NT,0,2024-12-01,3104.976
1,NT TOTAL,NT,0,2025-01-01,3229.807
1,NT TOTAL,NT,0,2025-02-01,3049.53
1,NT TOTAL,NT,0,2025-03-01,2957.077
1,NT TOTAL,NT,0,2025-04-01,3061.187
1,NT TOTAL,NT,0,2025-05-01,2902.672
1,NT TOTAL,NT,0,2025-06-01,2984.45
1,NT TOTAL,NT,0,2025-07-01,3095.676
1,NT TOTAL,NT,0,2025-08-01,2873.801
1,NT TOTAL,NT,0,2025-09-01,2841.593
1,NT TOTAL,NT,0,2025-10-01,2924.749
1,NT TOTAL,NT,0,2025-11-01,2734.675
1,NT TOTAL,NT,0,2025-12-01,2839.097
1,NT TOTAL,NT,0,2026-01-01,2854.748
1,NT TOTAL,NT,0,2026-02-01,2824.79
1,NT TOTAL,NT,0,2026-03-01,2905.359
1,NT TOTAL,NT,0,2026-04-01,3023.824
1,NT TOTAL,NT,0,2026-05-01,2690.505
1,NT TOTAL,NT,0,2026-06-01,2728.098
1,NT TOTAL,NT,0,2026-07-01,2686.144
2,NT skill level 1,NT,1,2006-01-01,517.817
2,NT skill level 1,NT,1,2006-02-01,485.112
2,NT skill level 1,NT,1,2006-03-01,474.742
2,NT skill level 1,NT,1,2006-04-01,517.091
2,NT skill level 1,NT,1,2006-05-01,491.327
2,NT skill level 1,NT,1,2006-06-01,623.735
2,NT skill level 1,NT,1,2006-07-01,517.263
2,NT skill level 1,NT,1,2006-08-01,550.237
2,NT skill level 1,NT,1,2006-09-01,544.702
2,NT skill level 1,NT,1,2006-10-01,504.404
2,NT skill level 1,NT,1,2006-11-01,525.454
2,NT skill level 1,NT,1,2006-12-01,528.442
2,NT skill level 1,NT,1,2007-01-01,587.086
2,NT skill level 1,NT,1,2007-02-01,751.892
2,NT skill level 1,NT,1,2007-03-01,690.237
2,NT skill level 1,NT,1,2007-04-01,738.064
2,NT skill level 1,NT,1,2007-05-01,717.26
2,NT skill level 1,NT,1,2007-06-01,688.744
2,NT skill level 1,NT,1,2007-07-01,738.913
2,NT skill level 1,NT,1,2007-08-01,665.979
2,NT skill level 1,NT,1,2007-09-01,693.787
2,NT skill level 1,NT,1,2007-10-01,766.033
2,NT skill level 1,NT,1,2007-11-01,795.084
2,NT skill level 1,NT,1,2007-12-01,786.037
2,NT skill level 1,NT,1,2008-01-01,819.301
2,NT skill level 1,NT,1,2008-02-01,789.747
2,NT skill level 1,NT,1,2008-03-01,831.482
2,NT skill level 1,NT,1,2008-04-01,908.484
2,NT skill level 1,NT,1,2008-05-01,950.967
2,NT skill level 1,NT,1,2008-06-01,998.893
2,NT skill level 1,NT,1,2008-07-01,859.116
2,NT skill level 1,NT,1,2008-08-01,1016.397
2,NT skill level 1,NT,1,2008-09-01,1012.481
2,NT skill level 1,NT,1,2008-10-01,1017.622
2,NT skill level 1,NT,1,2008-11-01,1195.592
2,NT skill level 1,NT,1,2008-12-01,1046.943
2,NT skill level 1,NT,1,2009-01-01,923.076
2,NT skill level 1,NT,1,2009-02-01,895.081
2,NT skill level 1,NT,1,2009-03-01,922.979
2,NT skill level 1,NT,1,2009-04-01,795.851
2,NT skill level 1,NT,1,2009-05-01,800.94
2,NT skill level 1,NT,1,2009-06-01,585.563
2,NT skill level 1,NT,1,2009-07-01,915.898
2,NT skill level 1,NT,1,2009-08-01,992.455
2,NT skill level 1,NT,1,2009-09-01,1011.42
2,NT skill level 1,NT,1,2009-10-01,1019.034
2,NT skill level 1,NT,1,2009-11-01,968.01
2,NT skill level 1,NT,1,2009-12-01,919.817
2,NT skill level 1,NT,1,2010-01-01,1015.532
2,NT skill level 1,NT,1,2010-02-01,1031.428
2,NT skill level 1,NT,1,2010-03-01,872.176
2,NT skill level 1,NT,1,2010-04-01,902.102
2,NT skill level 1,NT,1,2010-05-01,1065.56
2,NT skill level 1,NT,1,2010-06-01,938.266
2,NT skill level 1,NT,1,2010-07-01,768.675
2,NT skill level 1,NT,1,2010-08-01,797.499
2,NT skill level 1,NT,1,2010-09-01,762.062
2,NT skill level 1,NT,1,2010-10-01,792
2,NT skill level 1,NT,1,2010-11-01,731.424
2,NT skill level 1,NT,1,2010-12-01,717.263
2,NT skill level 1,NT,1,2011-01-01,775.316
2,NT skill level 1,NT,1,2011-02-01,741.567
2,NT skill level 1,NT,1,2011-03-01,876.72
2,NT skill level 1,NT,1,2011-04-01,1021.188
2,NT skill level 1,NT,1,2011-05-01,946.541
2,NT skill level 1,NT,1,2011-06-01,942.086
2,NT skill level 1,NT,1,2011-07-01,1037.889
2,NT skill level 1,NT,1,2011-08-01,881.316
2,NT skill level 1,NT,1,2011-09-01,964.838
2,NT skill level 1,NT,1,2011-10-01,875.157
2,NT skill level 1,NT,1,2011-11-01,919.714
2,NT skill level 1,NT,1,2011-12-01,1037.822
2,NT skill level 1,NT,1,2012-01-01,945.638
2,NT skill level 1,NT,1,2012-02-01,1034.915
2,NT skill level 1,NT,1,2012-03-01,1014.69
2,NT skill level 1,NT,1,2012-04-01,977.885
2,NT skill level 1,NT,1,2012-05-01,902.772
2,NT skill level 1,NT,1,2012-06-01,824.848
2,NT skill level 1,NT,1,2012-07-01,921.299
2,NT skill level 1,NT,1,2012-08-01,857.003
2,NT skill level 1,NT,1,2012-09-01,855.115
2,NT skill level 1,NT,1,2012-10-01,910.088
2,NT skill level 1,NT,1,2012-11-01,870.819
2,NT skill level 1,NT,1,2012-12-01,884.171
2,NT skill level 1,NT,1,2013-01-01,786.116
2,NT skill level 1,NT,1,2013-02-01,776.006
2,NT skill level 1,NT,1,2013-03-01,730.728
2,NT skill level 1,NT,1,2013-04-01,687.348
2,NT skill level 1,NT,1,2013-05-01,662.981
2,NT skill level 1,NT,1,2013-06-01,671.887
2,NT skill level 1,NT,1,2013-07-01,633.93
2,NT skill level 1,NT,1,2013-08-01,674.202
2,NT skill level 1,NT,1,2013-09-01,699.67
2,NT skill level 1,NT,1,2013-10-01,669.397
2,NT skill level 1,NT,1,2013-11-01,720.29
2,NT skill level 1,NT,1,2013-12-01,574.973
2,NT skill level 1,NT,1,2014-01-01,632.051
2,NT skill level 1,NT,1,2014-02-01,684.445
2,NT skill level 1,NT,1,2014-03-01,667.807
2,NT skill level 1,NT,1,2014-04-01,682.396
2,NT skill level 1,NT,1,2014-05-01,717.216
2,NT skill level 1,NT,1,2014-06-01,699.409
2,NT skill level 1,NT,1,2014-07-01,674.641
2,NT skill level 1,NT,1,2014-08-01,736.781
2,NT skill level 1,NT,1,2014-09-01,679.774
2,NT skill level 1,NT,1,2014-10-01,675.188
2,NT skill level 1,NT,1,2014-11-01,698.81
2,NT skill level 1,NT,1,2014-12-01,673.681
2,NT skill level 1,NT,1,2015-01-01,727.299
2,NT skill level 1,NT,1,2015-02-01,691.233
2,NT skill level 1,NT,1,2015-03-01,640.365
2,NT skill level 1,NT,1,2015-04-01,599.068
2,NT skill level 1,NT,1,2015-05-01,592.766
2,NT skill level 1,NT,1,2015-06-01,592.469
2,NT skill level 1,NT,1,2015-07-01,644.382
2,NT skill level 1,NT,1,2015-08-01,649.493
2,NT skill level 1,NT,1,2015-09-01,626.83
2,NT skill level 1,NT,1,2015-10-01,629.206
2,NT skill level 1,NT,1,2015-11-01,668.654
2,NT skill level 1,NT,1,2015-12-01,658.306
2,NT skill level 1,NT,1,2016-01-01,656.539
2,NT skill level 1,NT,1,2016-02-01,636.784
2,NT skill level 1,NT,1,2016-03-01,673.781
2,NT skill level 1,NT,1,2016-04-01,648.252
2,NT skill level 1,NT,1,2016-05-01,745.145
2,NT skill level 1,NT,1,2016-06-01,703.893
2,NT skill level 1,NT,1,2016-07-01,654.785
2,NT skill level 1,NT,1,2016-08-01,609.923
2,NT skill level 1,NT,1,2016-09-01,564.599
2,NT skill level 1,NT,1,2016-10-01,565.92
2,NT skill level 1,NT,1,2016-11-01,541.05
2,NT skill level 1,NT,1,2016-12-01,580.298
2,NT skill level 1,NT,1,2017-01-01,560.644
2,NT skill level 1,NT,1,2017-02-01,589.559
2,NT skill level 1,NT,1,2017-03-01,590.713
2,NT skill level 1,NT,1,2017-04-01,637.859
2,NT skill level 1,NT,1,2017-05-01,639.897
2,NT skill level 1,NT,1,2017-06-01,645.469
2,NT skill level 1,NT,1,2017-07-01,624.219
2,NT skill level 1,NT,1,2017-08-01,637.428
2,NT skill level 1,NT,1,2017-09-01,656.676
2,NT skill level 1,NT,1,2017-10-01,625.105
2,NT skill level 1,NT,1,2017-11-01,651.363
2,NT skill level 1,NT,1,2017-12-01,596.084
2,NT skill level 1,NT,1,2018-01-01,666.913
2,NT skill level 1,NT,1,2018-02-01,597.077
2,NT skill level 1,NT,1,2018-03-01,620.75
2,NT skill level 1,NT,1,2018-04-01,666.982
2,NT skill level 1,NT,1,2018-05-01,688.413
2,NT skill level 1,NT,1,2018-06-01,659.758
2,NT skill level 1,NT,1,2018-07-01,680.649
2,NT skill level 1,NT,1,2018-08-01,637.261
2,NT skill level 1,NT,1,2018-09-01,607.85
2,NT skill level 1,NT,1,2018-10-01,659.979
2,NT skill level 1,NT,1,2018-11-01,619.907
2,NT skill level 1,NT,1,2018-12-01,590.993
2,NT skill level 1,NT,1,2019-01-01,654.244
2,NT skill level 1,NT,1,2019-02-01,599.38
2,NT skill level 1,NT,1,2019-03-01,585.222
2,NT skill level 1,NT,1,2019-04-01,616.33
2,NT skill level 1,NT,1,2019-05-01,598.996
2,NT skill level 1,NT,1,2019-06-01,535.938
2,NT skill level 1,NT,1,2019-07-01,651.987
2,NT skill level 1,NT,1,2019-08-01,580.46
2,NT skill level 1,NT,1,2019-09-01,624.201
2,NT skill level 1,NT,1,2019-10-01,636.128
2,NT skill level 1,NT,1,2019-11-01,645.334
2,NT skill level 1,NT,1,2019-12-01,646.676
2,NT skill level 1,NT,1,2020-01-01,649.523
2,NT skill level 1,NT,1,2020-02-01,594.61
2,NT skill level 1,NT,1,2020-03-01,540.26
2,NT skill level 1,NT,1,2020-04-01,381.575
2,NT skill level 1,NT,1,2020-05-01,506.636
2,NT skill level 1,NT,1,2020-06-01,583.797
2,NT skill level 1,NT,1,2020-07-01,539.304
2,NT skill level 1,NT,1,2020-08-01,592.283
2,NT skill level 1,NT,1,2020-09-01,688.907
2,NT skill level 1,NT,1,2020-10-01,662.292
2,NT skill level 1,NT,1,2020-11-01,631.942
2,NT skill level 1,NT,1,2020-12-01,793.023
2,NT skill level 1,NT,1,2021-01-01,711.581
2,NT skill level 1,NT,1,2021-02-01,807.206
2,NT skill level 1,NT,1,2021-03-01,856.684
2,NT skill level 1,NT,1,2021-04-01,798.913
2,NT skill level 1,NT,1,2021-05-01,867.017
2,NT skill level 1,NT,1,2021-06-01,833.899
2,NT skill level 1,NT,1,2021-07-01,884.77
2,NT skill level 1,NT,1,2021-08-01,920.211
2,NT skill level 1,NT,1,2021-09-01,968.992
2,NT skill level 1,NT,1,2021-10-01,885.977
2,NT skill level 1,NT,1,2021-11-01,978.058
2,NT skill level 1,NT,1,2021-12-01,1028.024
2,NT skill level 1,NT,1,2022-01-01,970.203
2,NT skill level 1,NT,1,2022-02-01,929.519
2,NT skill level 1,NT,1,2022-03-01,1066.064
2,NT skill level 1,NT,1,2022-04-01,1115.544
2,NT skill level 1,NT,1,2022-05-01,1070.707
2,NT skill level 1,NT,1,2022-06-01,1072.235
2,NT skill level 1,NT,1,2022-07-01,992.967
2,NT skill level 1,NT,1,2022-08-01,1104.927
2,NT skill level 1,NT,1,2022-09-01,1037.665
2,NT skill level 1,NT,1,2022-10-01,1079.266
2,NT skill level 1,NT,1,2022-11-01,1119.676
2,NT skill level 1,NT,1,2022-12-01,1137.996
2,NT skill level 1,NT,1,2023-01-01,1097.002
2,NT skill level 1,NT,1,2023-02-01,1329.6
2,NT skill level 1,NT,1,2023-03-01,1194.179
2,NT skill level 1,NT,1,2023-04-01,1171.439
2,NT skill level 1,NT,1,2023-05-01,1387.315
2,NT skill level 1,NT,1,2023-06-01,1389.787
2,NT skill level 1,NT,1,2023-07-01,1390.121
2,NT skill level 1,NT,1,2023-08-01,1427.852
2,NT skill level 1,NT,1,2023-09-01,1385.612
2,NT skill level 1,NT,1,2023-10-01,1491.19
2,NT skill level 1,NT,1,2023-11-01,1348.369
2,NT skill level 1,NT,1,2023-12-01,1298.704
2,NT skill level 1,NT,1,2024-01-01,1287.939
2,NT skill level 1,NT,1,2024-02-01,1306.262
2,NT skill level 1,NT,1,2024-03-01,1268.592
2,NT skill level 1,NT,1,2024-04-01,1223.148
2,NT skill level 1,NT,1,2024-05-01,1247.086
2,NT skill level 1,NT,1,2024-06-01,1162.391
2,NT skill level 1,NT,1,2024-07-01,1259.667
2,NT skill level 1,NT,1,2024-08-01,1224.362
2,NT skill level 1,NT,1,2024-09-01,1247.613
2,NT skill level 1,NT,1,2024-10-01,1230.584
2,NT skill level 1,NT,1,2024-11-01,1275.739
2,NT skill level 1,NT,1,2024-12-01,1190.765
2,NT skill level 1,NT,1,2025-01-01,1230.921
2,NT skill level 1,NT,1,2025-02-01,1162.781
2,NT skill level 1,NT,1,2025-03-01,1141.027
2,NT skill level 1,NT,1,2025-04-01,1165.52
2,NT skill level 1,NT,1,2025-05-01,1110.534
2,NT skill level 1,NT,1,2025-06-01,1163.503
2,NT skill level 1,NT,1,2025-07-01,1177.988
2,NT skill level 1,NT,1,2025-08-01,1097.367
2,NT skill level 1,NT,1,2025-09-01,1051.481
2,NT skill level 1,NT,1,2025-10-01,1111.007
2,NT skill level 1,NT,1,2025-11-01,1031.787
2,NT skill level 1,NT,1,2025-12-01,1021.163
2,NT skill level 1,NT,1,2026-01-01,1097.25
2,NT skill level 1,NT,1,2026-02-01,1045.287
2,NT skill level 1,NT,1,2026-03-01,1124.675
2,NT skill level 1,NT,1,2026-04-01,1225.836
2,NT skill level 1,NT,1,2026-05-01,1005.885
2,NT skill level 1,NT,1,2026-06-01,1021.404
2,NT skill level 1,NT,1,2026-07-01,966.832
2,NT skill level 2,NT,2,2006-01-01,245.444
2,NT skill level 2,NT,2,2006-02-01,227.022
2,NT skill level 2,NT,2,2006-03-01,234.884
2,NT skill level 2,NT,2,2006-04-01,268.114
2,NT skill level 2,NT,2,2006-05-01,224.438
2,NT skill level 2,NT,2,2006-06-01,326.092
2,NT skill level 2,NT,2,2006-07-01,289.736
2,NT skill level 2,NT,2,2006-08-01,266.145
2,NT skill level 2,NT,2,2006-09-01,283.57
2,NT skill level 2,NT,2,2006-10-01,284.899
2,NT skill level 2,NT,2,2006-11-01,276.821
2,NT skill level 2,NT,2,2006-12-01,293.345
2,NT skill level 2,NT,2,2007-01-01,303.317
2,NT skill level 2,NT,2,2007-02-01,301.174
2,NT skill level 2,NT,2,2007-03-01,335.626
2,NT skill level 2,NT,2,2007-04-01,312.997
2,NT skill level 2,NT,2,2007-05-01,325.916
2,NT skill level 2,NT,2,2007-06-01,310.593
2,NT skill level 2,NT,2,2007-07-01,345.374
2,NT skill level 2,NT,2,2007-08-01,337.546
2,NT skill level 2,NT,2,2007-09-01,334.268
2,NT skill level 2,NT,2,2007-10-01,346.956
2,NT skill level 2,NT,2,2007-11-01,378.565
2,NT skill level 2,NT,2,2007-12-01,381.688
2,NT skill level 2,NT,2,2008-01-01,353.033
2,NT skill level 2,NT,2,2008-02-01,381.162
2,NT skill level 2,NT,2,2008-03-01,365.351
2,NT skill level 2,NT,2,2008-04-01,346.939
2,NT skill level 2,NT,2,2008-05-01,381.939
2,NT skill level 2,NT,2,2008-06-01,371.639
2,NT skill level 2,NT,2,2008-07-01,352.025
2,NT skill level 2,NT,2,2008-08-01,386.004
2,NT skill level 2,NT,2,2008-09-01,384.387
2,NT skill level 2,NT,2,2008-10-01,418.49
2,NT skill level 2,NT,2,2008-11-01,498.686
2,NT skill level 2,NT,2,2008-12-01,371.449
2,NT skill level 2,NT,2,2009-01-01,330.64
2,NT skill level 2,NT,2,2009-02-01,369.557
2,NT skill level 2,NT,2,2009-03-01,482.734
2,NT skill level 2,NT,2,2009-04-01,406.405
2,NT skill level 2,NT,2,2009-05-01,353.809
2,NT skill level 2,NT,2,2009-06-01,274.114
2,NT skill level 2,NT,2,2009-07-01,401.09
2,NT skill level 2,NT,2,2009-08-01,423.086
2,NT skill level 2,NT,2,2009-09-01,438.409
2,NT skill level 2,NT,2,2009-10-01,428.61
2,NT skill level 2,NT,2,2009-11-01,383.209
2,NT skill level 2,NT,2,2009-12-01,421.413
2,NT skill level 2,NT,2,2010-01-01,413.839
2,NT skill level 2,NT,2,2010-02-01,416.969
2,NT skill level 2,NT,2,2010-03-01,395.022
2,NT skill level 2,NT,2,2010-04-01,398.227
2,NT skill level 2,NT,2,2010-05-01,416.622
2,NT skill level 2,NT,2,2010-06-01,431.905
2,NT skill level 2,NT,2,2010-07-01,372.725
2,NT skill level 2,NT,2,2010-08-01,383.083
2,NT skill level 2,NT,2,2010-09-01,356.404
2,NT skill level 2,NT,2,2010-10-01,361.161
2,NT skill level 2,NT,2,2010-11-01,477.17
2,NT skill level 2,NT,2,2010-12-01,370.515
2,NT skill level 2,NT,2,2011-01-01,368.042
2,NT skill level 2,NT,2,2011-02-01,395.039
2,NT skill level 2,NT,2,2011-03-01,396.411
2,NT skill level 2,NT,2,2011-04-01,420.958
2,NT skill level 2,NT,2,2011-05-01,430.258
2,NT skill level 2,NT,2,2011-06-01,431.156
2,NT skill level 2,NT,2,2011-07-01,453.543
2,NT skill level 2,NT,2,2011-08-01,404.008
2,NT skill level 2,NT,2,2011-09-01,407.289
2,NT skill level 2,NT,2,2011-10-01,360.24
2,NT skill level 2,NT,2,2011-11-01,381.302
2,NT skill level 2,NT,2,2011-12-01,395.078
2,NT skill level 2,NT,2,2012-01-01,426.889
2,NT skill level 2,NT,2,2012-02-01,415.913
2,NT skill level 2,NT,2,2012-03-01,407.347
2,NT skill level 2,NT,2,2012-04-01,420.392
2,NT skill level 2,NT,2,2012-05-01,377.53
2,NT skill level 2,NT,2,2012-06-01,382.754
2,NT skill level 2,NT,2,2012-07-01,363.775
2,NT skill level 2,NT,2,2012-08-01,336.927
2,NT skill level 2,NT,2,2012-09-01,396.537
2,NT skill level 2,NT,2,2012-10-01,348.846
2,NT skill level 2,NT,2,2012-11-01,375.666
2,NT skill level 2,NT,2,2012-12-01,377.082
2,NT skill level 2,NT,2,2013-01-01,337.306
2,NT skill level 2,NT,2,2013-02-01,267.495
2,NT skill level 2,NT,2,2013-03-01,314.544
2,NT skill level 2,NT,2,2013-04-01,298.277
2,NT skill level 2,NT,2,2013-05-01,347.049
2,NT skill level 2,NT,2,2013-06-01,262.56
2,NT skill level 2,NT,2,2013-07-01,305.714
2,NT skill level 2,NT,2,2013-08-01,328.617
2,NT skill level 2,NT,2,2013-09-01,320.413
2,NT skill level 2,NT,2,2013-10-01,333.302
2,NT skill level 2,NT,2,2013-11-01,311.865
2,NT skill level 2,NT,2,2013-12-01,301.055
2,NT skill level 2,NT,2,2014-01-01,287.392
2,NT skill level 2,NT,2,2014-02-01,344.528
2,NT skill level 2,NT,2,2014-03-01,349.622
2,NT skill level 2,NT,2,2014-04-01,303.938
2,NT skill level 2,NT,2,2014-05-01,318.168
2,NT skill level 2,NT,2,2014-06-01,307.062
2,NT skill level 2,NT,2,2014-07-01,312.394
2,NT skill level 2,NT,2,2014-08-01,353.363
2,NT skill level 2,NT,2,2014-09-01,276.369
2,NT skill level 2,NT,2,2014-10-01,319.429
2,NT skill level 2,NT,2,2014-11-01,326.302
2,NT skill level 2,NT,2,2014-12-01,299.236
2,NT skill level 2,NT,2,2015-01-01,312.904
2,NT skill level 2,NT,2,2015-02-01,282.945
2,NT skill level 2,NT,2,2015-03-01,271.814
2,NT skill level 2,NT,2,2015-04-01,286.726
2,NT skill level 2,NT,2,2015-05-01,285.183
2,NT skill level 2,NT,2,2015-06-01,304.599
2,NT skill level 2,NT,2,2015-07-01,271.436
2,NT skill level 2,NT,2,2015-08-01,285.997
2,NT skill level 2,NT,2,2015-09-01,243.423
2,NT skill level 2,NT,2,2015-10-01,275.783
2,NT skill level 2,NT,2,2015-11-01,268.013
2,NT skill level 2,NT,2,2015-12-01,293.876
2,NT skill level 2,NT,2,2016-01-01,287.859
2,NT skill level 2,NT,2,2016-02-01,289.504
2,NT skill level 2,NT,2,2016-03-01,271.606
2,NT skill level 2,NT,2,2016-04-01,265.203
2,NT skill level 2,NT,2,2016-05-01,262.912
2,NT skill level 2,NT,2,2016-06-01,254.493
2,NT skill level 2,NT,2,2016-07-01,271.437
2,NT skill level 2,NT,2,2016-08-01,217.467
2,NT skill level 2,NT,2,2016-09-01,256.531
2,NT skill level 2,NT,2,2016-10-01,228.396
2,NT skill level 2,NT,2,2016-11-01,191.71
2,NT skill level 2,NT,2,2016-12-01,188.742
2,NT skill level 2,NT,2,2017-01-01,169.691
2,NT skill level 2,NT,2,2017-02-01,199.618
2,NT skill level 2,NT,2,2017-03-01,239.547
2,NT skill level 2,NT,2,2017-04-01,247.304
2,NT skill level 2,NT,2,2017-05-01,244.783
2,NT skill level 2,NT,2,2017-06-01,208.81
2,NT skill level 2,NT,2,2017-07-01,248.828
2,NT skill level 2,NT,2,2017-08-01,250.967
2,NT skill level 2,NT,2,2017-09-01,232.533
2,NT skill level 2,NT,2,2017-10-01,220.836
2,NT skill level 2,NT,2,2017-11-01,259.002
2,NT skill level 2,NT,2,2017-12-01,197.403
2,NT skill level 2,NT,2,2018-01-01,253.715
2,NT skill level 2,NT,2,2018-02-01,222.514
2,NT skill level 2,NT,2,2018-03-01,238.453
2,NT skill level 2,NT,2,2018-04-01,233.969
2,NT skill level 2,NT,2,2018-05-01,247.895
2,NT skill level 2,NT,2,2018-06-01,252.224
2,NT skill level 2,NT,2,2018-07-01,233.719
2,NT skill level 2,NT,2,2018-08-01,221.172
2,NT skill level 2,NT,2,2018-09-01,238.619
2,NT skill level 2,NT,2,2018-10-01,253.98
2,NT skill level 2,NT,2,2018-11-01,242.736
2,NT skill level 2,NT,2,2018-12-01,245.318
2,NT skill level 2,NT,2,2019-01-01,230.275
2,NT skill level 2,NT,2,2019-02-01,244.683
2,NT skill level 2,NT,2,2019-03-01,207.436
2,NT skill level 2,NT,2,2019-04-01,226.077
2,NT skill level 2,NT,2,2019-05-01,213.17
2,NT skill level 2,NT,2,2019-06-01,209.927
2,NT skill level 2,NT,2,2019-07-01,215.413
2,NT skill level 2,NT,2,2019-08-01,219.397
2,NT skill level 2,NT,2,2019-09-01,209.657
2,NT skill level 2,NT,2,2019-10-01,198.84
2,NT skill level 2,NT,2,2019-11-01,189.859
2,NT skill level 2,NT,2,2019-12-01,222.027
2,NT skill level 2,NT,2,2020-01-01,248.737
2,NT skill level 2,NT,2,2020-02-01,191.762
2,NT skill level 2,NT,2,2020-03-01,152.499
2,NT skill level 2,NT,2,2020-04-01,86.027
2,NT skill level 2,NT,2,2020-05-01,123.478
2,NT skill level 2,NT,2,2020-06-01,152.991
2,NT skill level 2,NT,2,2020-07-01,179.529
2,NT skill level 2,NT,2,2020-08-01,212
2,NT skill level 2,NT,2,2020-09-01,237.187
2,NT skill level 2,NT,2,2020-10-01,254.899
2,NT skill level 2,NT,2,2020-11-01,256.844
2,NT skill level 2,NT,2,2020-12-01,221.055
2,NT skill level 2,NT,2,2021-01-01,275.806
2,NT skill level 2,NT,2,2021-02-01,273.709
2,NT skill level 2,NT,2,2021-03-01,328.337
2,NT skill level 2,NT,2,2021-04-01,313.986
2,NT skill level 2,NT,2,2021-05-01,332.256
2,NT skill level 2,NT,2,2021-06-01,349.95
2,NT skill level 2,NT,2,2021-07-01,313.96
2,NT skill level 2,NT,2,2021-08-01,304.011
2,NT skill level 2,NT,2,2021-09-01,316.077
2,NT skill level 2,NT,2,2021-10-01,326.17
2,NT skill level 2,NT,2,2021-11-01,345.789
2,NT skill level 2,NT,2,2021-12-01,347.992
2,NT skill level 2,NT,2,2022-01-01,314.025
2,NT skill level 2,NT,2,2022-02-01,306.459
2,NT skill level 2,NT,2,2022-03-01,354.523
2,NT skill level 2,NT,2,2022-04-01,392.726
2,NT skill level 2,NT,2,2022-05-01,357.496
2,NT skill level 2,NT,2,2022-06-01,368.869
2,NT skill level 2,NT,2,2022-07-01,338.175
2,NT skill level 2,NT,2,2022-08-01,353.152
2,NT skill level 2,NT,2,2022-09-01,341.61
2,NT skill level 2,NT,2,2022-10-01,306.163
2,NT skill level 2,NT,2,2022-11-01,340.784
2,NT skill level 2,NT,2,2022-12-01,333.359
2,NT skill level 2,NT,2,2023-01-01,336.812
2,NT skill level 2,NT,2,2023-02-01,421.142
2,NT skill level 2,NT,2,2023-03-01,352.023
2,NT skill level 2,NT,2,2023-04-01,343.301
2,NT skill level 2,NT,2,2023-05-01,400.614
2,NT skill level 2,NT,2,2023-06-01,357.466
2,NT skill level 2,NT,2,2023-07-01,356.973
2,NT skill level 2,NT,2,2023-08-01,386.043
2,NT skill level 2,NT,2,2023-09-01,359.423
2,NT skill level 2,NT,2,2023-10-01,373.452
2,NT skill level 2,NT,2,2023-11-01,386.493
2,NT skill level 2,NT,2,2023-12-01,390.657
2,NT skill level 2,NT,2,2024-01-01,407.238
2,NT skill level 2,NT,2,2024-02-01,396.785
2,NT skill level 2,NT,2,2024-03-01,388.528
2,NT skill level 2,NT,2,2024-04-01,398.23
2,NT skill level 2,NT,2,2024-05-01,381.393
2,NT skill level 2,NT,2,2024-06-01,366.933
2,NT skill level 2,NT,2,2024-07-01,383.954
2,NT skill level 2,NT,2,2024-08-01,354.482
2,NT skill level 2,NT,2,2024-09-01,371.351
2,NT skill level 2,NT,2,2024-10-01,372.906
2,NT skill level 2,NT,2,2024-11-01,328.617
2,NT skill level 2,NT,2,2024-12-01,321.671
2,NT skill level 2,NT,2,2025-01-01,356.59
2,NT skill level 2,NT,2,2025-02-01,315.166
2,NT skill level 2,NT,2,2025-03-01,327.99
2,NT skill level 2,NT,2,2025-04-01,381.188
2,NT skill level 2,NT,2,2025-05-01,347.081
2,NT skill level 2,NT,2,2025-06-01,318.515
2,NT skill level 2,NT,2,2025-07-01,355.821
2,NT skill level 2,NT,2,2025-08-01,325.568
2,NT skill level 2,NT,2,2025-09-01,323.175
2,NT skill level 2,NT,2,2025-10-01,338.757
2,NT skill level 2,NT,2,2025-11-01,338.053
2,NT skill level 2,NT,2,2025-12-01,338.211
2,NT skill level 2,NT,2,2026-01-01,328.951
2,NT skill level 2,NT,2,2026-02-01,355.341
2,NT skill level 2,NT,2,2026-03-01,343.716
2,NT skill level 2,NT,2,2026-04-01,322.271
2,NT skill level 2,NT,2,2026-05-01,293.111
2,NT skill level 2,NT,2,2026-06-01,326.769
2,NT skill level 2,NT,2,2026-07-01,312.181
2,NT skill level 3,NT,3,2006-01-01,413.338
2,NT skill level 3,NT,3,2006-02-01,441.157
2,NT skill level 3,NT,3,2006-03-01,450.364
2,NT skill level 3,NT,3,2006-04-01,462.346
2,NT skill level 3,NT,3,2006-05-01,504.364
2,NT skill level 3,NT,3,2006-06-01,538.346
2,NT skill level 3,NT,3,2006-07-01,510.074
2,NT skill level 3,NT,3,2006-08-01,487.402
2,NT skill level 3,NT,3,2006-09-01,456.032
2,NT skill level 3,NT,3,2006-10-01,482.184
2,NT skill level 3,NT,3,2006-11-01,419.55
2,NT skill level 3,NT,3,2006-12-01,497.714
2,NT skill level 3,NT,3,2007-01-01,480.442
2,NT skill level 3,NT,3,2007-02-01,522.236
2,NT skill level 3,NT,3,2007-03-01,543.856
2,NT skill level 3,NT,3,2007-04-01,542.199
2,NT skill level 3,NT,3,2007-05-01,505.563
2,NT skill level 3,NT,3,2007-06-01,509.492
2,NT skill level 3,NT,3,2007-07-01,586.793
2,NT skill level 3,NT,3,2007-08-01,588.369
2,NT skill level 3,NT,3,2007-09-01,569.004
2,NT skill level 3,NT,3,2007-10-01,592.187
2,NT skill level 3,NT,3,2007-11-01,614.111
2,NT skill level 3,NT,3,2007-12-01,646.61
2,NT skill level 3,NT,3,2008-01-01,644.017
2,NT skill level 3,NT,3,2008-02-01,600.4
2,NT skill level 3,NT,3,2008-03-01,600.803
2,NT skill level 3,NT,3,2008-04-01,657.25
2,NT skill level 3,NT,3,2008-05-01,627.499
2,NT skill level 3,NT,3,2008-06-01,627.593
2,NT skill level 3,NT,3,2008-07-01,555.303
2,NT skill level 3,NT,3,2008-08-01,535.765
2,NT skill level 3,NT,3,2008-09-01,589.873
2,NT skill level 3,NT,3,2008-10-01,531.726
2,NT skill level 3,NT,3,2008-11-01,618.661
2,NT skill level 3,NT,3,2008-12-01,521.743
2,NT skill level 3,NT,3,2009-01-01,531.392
2,NT skill level 3,NT,3,2009-02-01,405.303
2,NT skill level 3,NT,3,2009-03-01,470.413
2,NT skill level 3,NT,3,2009-04-01,455.461
2,NT skill level 3,NT,3,2009-05-01,456.491
2,NT skill level 3,NT,3,2009-06-01,471.625
2,NT skill level 3,NT,3,2009-07-01,502.814
2,NT skill level 3,NT,3,2009-08-01,548.08
2,NT skill level 3,NT,3,2009-09-01,518.597
2,NT skill level 3,NT,3,2009-10-01,542.128
2,NT skill level 3,NT,3,2009-11-01,556.529
2,NT skill level 3,NT,3,2009-12-01,522.959
2,NT skill level 3,NT,3,2010-01-01,559.316
2,NT skill level 3,NT,3,2010-02-01,683.218
2,NT skill level 3,NT,3,2010-03-01,544.07
2,NT skill level 3,NT,3,2010-04-01,576.007
2,NT skill level 3,NT,3,2010-05-01,689.053
2,NT skill level 3,NT,3,2010-06-01,686.178
2,NT skill level 3,NT,3,2010-07-01,584.928
2,NT skill level 3,NT,3,2010-08-01,576.965
2,NT skill level 3,NT,3,2010-09-01,592.921
2,NT skill level 3,NT,3,2010-10-01,626.885
2,NT skill level 3,NT,3,2010-11-01,602.881
2,NT skill level 3,NT,3,2010-12-01,598.141
2,NT skill level 3,NT,3,2011-01-01,532.312
2,NT skill level 3,NT,3,2011-02-01,547.799
2,NT skill level 3,NT,3,2011-03-01,611.145
2,NT skill level 3,NT,3,2011-04-01,653.031
2,NT skill level 3,NT,3,2011-05-01,610.566
2,NT skill level 3,NT,3,2011-06-01,635.665
2,NT skill level 3,NT,3,2011-07-01,667.505
2,NT skill level 3,NT,3,2011-08-01,651.8
2,NT skill level 3,NT,3,2011-09-01,622.648
2,NT skill level 3,NT,3,2011-10-01,602.256
2,NT skill level 3,NT,3,2011-11-01,565.325
2,NT skill level 3,NT,3,2011-12-01,598.465
2,NT skill level 3,NT,3,2012-01-01,586.54
2,NT skill level 3,NT,3,2012-02-01,626.852
2,NT skill level 3,NT,3,2012-03-01,553.233
2,NT skill level 3,NT,3,2012-04-01,529.024
2,NT skill level 3,NT,3,2012-05-01,500.842
2,NT skill level 3,NT,3,2012-06-01,467.914
2,NT skill level 3,NT,3,2012-07-01,526.94
2,NT skill level 3,NT,3,2012-08-01,510.381
2,NT skill level 3,NT,3,2012-09-01,612.634
2,NT skill level 3,NT,3,2012-10-01,512.537
2,NT skill level 3,NT,3,2012-11-01,516.604
2,NT skill level 3,NT,3,2012-12-01,521.292
2,NT skill level 3,NT,3,2013-01-01,549.829
2,NT skill level 3,NT,3,2013-02-01,493.27
2,NT skill level 3,NT,3,2013-03-01,539.924
2,NT skill level 3,NT,3,2013-04-01,481.942
2,NT skill level 3,NT,3,2013-05-01,484.818
2,NT skill level 3,NT,3,2013-06-01,452.726
2,NT skill level 3,NT,3,2013-07-01,429.376
2,NT skill level 3,NT,3,2013-08-01,430.074
2,NT skill level 3,NT,3,2013-09-01,485.906
2,NT skill level 3,NT,3,2013-10-01,465.822
2,NT skill level 3,NT,3,2013-11-01,502.82
2,NT skill level 3,NT,3,2013-12-01,383.634
2,NT skill level 3,NT,3,2014-01-01,373.513
2,NT skill level 3,NT,3,2014-02-01,557.89
2,NT skill level 3,NT,3,2014-03-01,459.317
2,NT skill level 3,NT,3,2014-04-01,473.126
2,NT skill level 3,NT,3,2014-05-01,506.119
2,NT skill level 3,NT,3,2014-06-01,447.521
2,NT skill level 3,NT,3,2014-07-01,426.37
2,NT skill level 3,NT,3,2014-08-01,510.176
2,NT skill level 3,NT,3,2014-09-01,415.529
2,NT skill level 3,NT,3,2014-10-01,416.961
2,NT skill level 3,NT,3,2014-11-01,426.66
2,NT skill level 3,NT,3,2014-12-01,399.819
2,NT skill level 3,NT,3,2015-01-01,350.252
2,NT skill level 3,NT,3,2015-02-01,386.309
2,NT skill level 3,NT,3,2015-03-01,355.823
2,NT skill level 3,NT,3,2015-04-01,333.744
2,NT skill level 3,NT,3,2015-05-01,294.597
2,NT skill level 3,NT,3,2015-06-01,354.611
2,NT skill level 3,NT,3,2015-07-01,381.56
2,NT skill level 3,NT,3,2015-08-01,344.068
2,NT skill level 3,NT,3,2015-09-01,316.203
2,NT skill level 3,NT,3,2015-10-01,332.085
2,NT skill level 3,NT,3,2015-11-01,331.636
2,NT skill level 3,NT,3,2015-12-01,335.29
2,NT skill level 3,NT,3,2016-01-01,393.925
2,NT skill level 3,NT,3,2016-02-01,339.669
2,NT skill level 3,NT,3,2016-03-01,349.15
2,NT skill level 3,NT,3,2016-04-01,353.875
2,NT skill level 3,NT,3,2016-05-01,421.213
2,NT skill level 3,NT,3,2016-06-01,398.672
2,NT skill level 3,NT,3,2016-07-01,386.045
2,NT skill level 3,NT,3,2016-08-01,308.633
2,NT skill level 3,NT,3,2016-09-01,311.252
2,NT skill level 3,NT,3,2016-10-01,316.893
2,NT skill level 3,NT,3,2016-11-01,291.413
2,NT skill level 3,NT,3,2016-12-01,309.393
2,NT skill level 3,NT,3,2017-01-01,290.95
2,NT skill level 3,NT,3,2017-02-01,324.541
2,NT skill level 3,NT,3,2017-03-01,313.816
2,NT skill level 3,NT,3,2017-04-01,331.515
2,NT skill level 3,NT,3,2017-05-01,319.487
2,NT skill level 3,NT,3,2017-06-01,315.263
2,NT skill level 3,NT,3,2017-07-01,337.415
2,NT skill level 3,NT,3,2017-08-01,378.187
2,NT skill level 3,NT,3,2017-09-01,404.532
2,NT skill level 3,NT,3,2017-10-01,388.296
2,NT skill level 3,NT,3,2017-11-01,367.947
2,NT skill level 3,NT,3,2017-12-01,309.57
2,NT skill level 3,NT,3,2018-01-01,375.771
2,NT skill level 3,NT,3,2018-02-01,372.977
2,NT skill level 3,NT,3,2018-03-01,376.492
2,NT skill level 3,NT,3,2018-04-01,367.451
2,NT skill level 3,NT,3,2018-05-01,365.25
2,NT skill level 3,NT,3,2018-06-01,350.357
2,NT skill level 3,NT,3,2018-07-01,328.282
2,NT skill level 3,NT,3,2018-08-01,344.184
2,NT skill level 3,NT,3,2018-09-01,303.359
2,NT skill level 3,NT,3,2018-10-01,334.321
2,NT skill level 3,NT,3,2018-11-01,355.64
2,NT skill level 3,NT,3,2018-12-01,324.824
2,NT skill level 3,NT,3,2019-01-01,324.423
2,NT skill level 3,NT,3,2019-02-01,282.209
2,NT skill level 3,NT,3,2019-03-01,291.797
2,NT skill level 3,NT,3,2019-04-01,310.489
2,NT skill level 3,NT,3,2019-05-01,292.341
2,NT skill level 3,NT,3,2019-06-01,257.395
2,NT skill level 3,NT,3,2019-07-01,347.134
2,NT skill level 3,NT,3,2019-08-01,291.847
2,NT skill level 3,NT,3,2019-09-01,291.359
2,NT skill level 3,NT,3,2019-10-01,245.838
2,NT skill level 3,NT,3,2019-11-01,240.696
2,NT skill level 3,NT,3,2019-12-01,300.051
2,NT skill level 3,NT,3,2020-01-01,246.337
2,NT skill level 3,NT,3,2020-02-01,302.5
2,NT skill level 3,NT,3,2020-03-01,180.8
2,NT skill level 3,NT,3,2020-04-01,143.729
2,NT skill level 3,NT,3,2020-05-01,180.48
2,NT skill level 3,NT,3,2020-06-01,227.941
2,NT skill level 3,NT,3,2020-07-01,261.574
2,NT skill level 3,NT,3,2020-08-01,269.251
2,NT skill level 3,NT,3,2020-09-01,314.508
2,NT skill level 3,NT,3,2020-10-01,322.742
2,NT skill level 3,NT,3,2020-11-01,331.066
2,NT skill level 3,NT,3,2020-12-01,375.815
2,NT skill level 3,NT,3,2021-01-01,396.573
2,NT skill level 3,NT,3,2021-02-01,444.342
2,NT skill level 3,NT,3,2021-03-01,449.656
2,NT skill level 3,NT,3,2021-04-01,462.098
2,NT skill level 3,NT,3,2021-05-01,453.581
2,NT skill level 3,NT,3,2021-06-01,461.159
2,NT skill level 3,NT,3,2021-07-01,463.263
2,NT skill level 3,NT,3,2021-08-01,455.997
2,NT skill level 3,NT,3,2021-09-01,479.035
2,NT skill level 3,NT,3,2021-10-01,503.045
2,NT skill level 3,NT,3,2021-11-01,522.356
2,NT skill level 3,NT,3,2021-12-01,511.825
2,NT skill level 3,NT,3,2022-01-01,488.42
2,NT skill level 3,NT,3,2022-02-01,501.974
2,NT skill level 3,NT,3,2022-03-01,559.313
2,NT skill level 3,NT,3,2022-04-01,533.207
2,NT skill level 3,NT,3,2022-05-01,594.388
2,NT skill level 3,NT,3,2022-06-01,569.859
2,NT skill level 3,NT,3,2022-07-01,494.067
2,NT skill level 3,NT,3,2022-08-01,545.332
2,NT skill level 3,NT,3,2022-09-01,466.247
2,NT skill level 3,NT,3,2022-10-01,516.823
2,NT skill level 3,NT,3,2022-11-01,521.317
2,NT skill level 3,NT,3,2022-12-01,502.193
2,NT skill level 3,NT,3,2023-01-01,502.606
2,NT skill level 3,NT,3,2023-02-01,499.872
2,NT skill level 3,NT,3,2023-03-01,519.364
2,NT skill level 3,NT,3,2023-04-01,521.107
2,NT skill level 3,NT,3,2023-05-01,499.832
2,NT skill level 3,NT,3,2023-06-01,501.198
2,NT skill level 3,NT,3,2023-07-01,502.104
2,NT skill level 3,NT,3,2023-08-01,515.745
2,NT skill level 3,NT,3,2023-09-01,514.211
2,NT skill level 3,NT,3,2023-10-01,472.827
2,NT skill level 3,NT,3,2023-11-01,547.848
2,NT skill level 3,NT,3,2023-12-01,541.489
2,NT skill level 3,NT,3,2024-01-01,523.882
2,NT skill level 3,NT,3,2024-02-01,518.181
2,NT skill level 3,NT,3,2024-03-01,478.044
2,NT skill level 3,NT,3,2024-04-01,488.283
2,NT skill level 3,NT,3,2024-05-01,527.899
2,NT skill level 3,NT,3,2024-06-01,485.911
2,NT skill level 3,NT,3,2024-07-01,482.633
2,NT skill level 3,NT,3,2024-08-01,498.461
2,NT skill level 3,NT,3,2024-09-01,499.7
2,NT skill level 3,NT,3,2024-10-01,505.796
2,NT skill level 3,NT,3,2024-11-01,490.164
2,NT skill level 3,NT,3,2024-12-01,503.38
2,NT skill level 3,NT,3,2025-01-01,575.098
2,NT skill level 3,NT,3,2025-02-01,515.987
2,NT skill level 3,NT,3,2025-03-01,474.404
2,NT skill level 3,NT,3,2025-04-01,460.012
2,NT skill level 3,NT,3,2025-05-01,460.076
2,NT skill level 3,NT,3,2025-06-01,448.364
2,NT skill level 3,NT,3,2025-07-01,482.352
2,NT skill level 3,NT,3,2025-08-01,451.343
2,NT skill level 3,NT,3,2025-09-01,449.251
2,NT skill level 3,NT,3,2025-10-01,489.663
2,NT skill level 3,NT,3,2025-11-01,411.892
2,NT skill level 3,NT,3,2025-12-01,422.192
2,NT skill level 3,NT,3,2026-01-01,424.038
2,NT skill level 3,NT,3,2026-02-01,426.921
2,NT skill level 3,NT,3,2026-03-01,453.787
2,NT skill level 3,NT,3,2026-04-01,462.974
2,NT skill level 3,NT,3,2026-05-01,440.305
2,NT skill level 3,NT,3,2026-06-01,454.596
2,NT skill level 3,NT,3,2026-07-01,441.376
2,NT skill level 4,NT,4,2006-01-01,716.653
2,NT skill level 4,NT,4,2006-02-01,691.501
2,NT skill level 4,NT,4,2006-03-01,693.64
2,NT skill level 4,NT,4,2006-04-01,789.755
2,NT skill level 4,NT,4,2006-05-01,829.5
2,NT skill level 4,NT,4,2006-06-01,877.078
2,NT skill level 4,NT,4,2006-07-01,865.542
2,NT skill level 4,NT,4,2006-08-01,890.877
2,NT skill level 4,NT,4,2006-09-01,755.982
2,NT skill level 4,NT,4,2006-10-01,899.188
2,NT skill level 4,NT,4,2006-11-01,814.62
2,NT skill level 4,NT,4,2006-12-01,875.429
2,NT skill level 4,NT,4,2007-01-01,897.362
2,NT skill level 4,NT,4,2007-02-01,866.62
2,NT skill level 4,NT,4,2007-03-01,926.306
2,NT skill level 4,NT,4,2007-04-01,952.346
2,NT skill level 4,NT,4,2007-05-01,962.858
2,NT skill level 4,NT,4,2007-06-01,946.464
2,NT skill level 4,NT,4,2007-07-01,1043.816
2,NT skill level 4,NT,4,2007-08-01,978.916
2,NT skill level 4,NT,4,2007-09-01,1033.654
2,NT skill level 4,NT,4,2007-10-01,1029.794
2,NT skill level 4,NT,4,2007-11-01,1177.27
2,NT skill level 4,NT,4,2007-12-01,1073.511
2,NT skill level 4,NT,4,2008-01-01,1120.863
2,NT skill level 4,NT,4,2008-02-01,1156.55
2,NT skill level 4,NT,4,2008-03-01,1124.249
2,NT skill level 4,NT,4,2008-04-01,1095.843
2,NT skill level 4,NT,4,2008-05-01,1084.701
2,NT skill level 4,NT,4,2008-06-01,1118.248
2,NT skill level 4,NT,4,2008-07-01,909.676
2,NT skill level 4,NT,4,2008-08-01,1013.224
2,NT skill level 4,NT,4,2008-09-01,1004.509
2,NT skill level 4,NT,4,2008-10-01,954.452
2,NT skill level 4,NT,4,2008-11-01,1022.731
2,NT skill level 4,NT,4,2008-12-01,889.042
2,NT skill level 4,NT,4,2009-01-01,812.278
2,NT skill level 4,NT,4,2009-02-01,830.963
2,NT skill level 4,NT,4,2009-03-01,835.009
2,NT skill level 4,NT,4,2009-04-01,930.993
2,NT skill level 4,NT,4,2009-05-01,798.208
2,NT skill level 4,NT,4,2009-06-01,677.082
2,NT skill level 4,NT,4,2009-07-01,821.978
2,NT skill level 4,NT,4,2009-08-01,894.975
2,NT skill level 4,NT,4,2009-09-01,887.093
2,NT skill level 4,NT,4,2009-10-01,919.191
2,NT skill level 4,NT,4,2009-11-01,907.675
2,NT skill level 4,NT,4,2009-12-01,918.157
2,NT skill level 4,NT,4,2010-01-01,1045.626
2,NT skill level 4,NT,4,2010-02-01,969.081
2,NT skill level 4,NT,4,2010-03-01,818.231
2,NT skill level 4,NT,4,2010-04-01,935.65
2,NT skill level 4,NT,4,2010-05-01,953.002
2,NT skill level 4,NT,4,2010-06-01,930.435
2,NT skill level 4,NT,4,2010-07-01,922.348
2,NT skill level 4,NT,4,2010-08-01,959.254
2,NT skill level 4,NT,4,2010-09-01,864.392
2,NT skill level 4,NT,4,2010-10-01,948.481
2,NT skill level 4,NT,4,2010-11-01,895.409
2,NT skill level 4,NT,4,2010-12-01,963.815
2,NT skill level 4,NT,4,2011-01-01,895.083
2,NT skill level 4,NT,4,2011-02-01,868.422
2,NT skill level 4,NT,4,2011-03-01,966.169
2,NT skill level 4,NT,4,2011-04-01,999.655
2,NT skill level 4,NT,4,2011-05-01,1036.621
2,NT skill level 4,NT,4,2011-06-01,987.148
2,NT skill level 4,NT,4,2011-07-01,995.903
2,NT skill level 4,NT,4,2011-08-01,931.487
2,NT skill level 4,NT,4,2011-09-01,1000.895
2,NT skill level 4,NT,4,2011-10-01,908.706
2,NT skill level 4,NT,4,2011-11-01,943.679
2,NT skill level 4,NT,4,2011-12-01,974.734
2,NT skill level 4,NT,4,2012-01-01,1004.123
2,NT skill level 4,NT,4,2012-02-01,1084.552
2,NT skill level 4,NT,4,2012-03-01,973.653
2,NT skill level 4,NT,4,2012-04-01,936.967
2,NT skill level 4,NT,4,2012-05-01,834.84
2,NT skill level 4,NT,4,2012-06-01,879.328
2,NT skill level 4,NT,4,2012-07-01,875.255
2,NT skill level 4,NT,4,2012-08-01,816.662
2,NT skill level 4,NT,4,2012-09-01,916.882
2,NT skill level 4,NT,4,2012-10-01,893.838
2,NT skill level 4,NT,4,2012-11-01,828.345
2,NT skill level 4,NT,4,2012-12-01,817.089
2,NT skill level 4,NT,4,2013-01-01,798.429
2,NT skill level 4,NT,4,2013-02-01,755.468
2,NT skill level 4,NT,4,2013-03-01,726.351
2,NT skill level 4,NT,4,2013-04-01,669.817
2,NT skill level 4,NT,4,2013-05-01,695.404
2,NT skill level 4,NT,4,2013-06-01,666.575
2,NT skill level 4,NT,4,2013-07-01,695.774
2,NT skill level 4,NT,4,2013-08-01,721.288
2,NT skill level 4,NT,4,2013-09-01,714.637
2,NT skill level 4,NT,4,2013-10-01,761.047
2,NT skill level 4,NT,4,2013-11-01,724.206
2,NT skill level 4,NT,4,2013-12-01,518.978
2,NT skill level 4,NT,4,2014-01-01,625.088
2,NT skill level 4,NT,4,2014-02-01,652.545
2,NT skill level 4,NT,4,2014-03-01,686.332
2,NT skill level 4,NT,4,2014-04-01,720.068
2,NT skill level 4,NT,4,2014-05-01,732.251
2,NT skill level 4,NT,4,2014-06-01,678.708
2,NT skill level 4,NT,4,2014-07-01,628.12
2,NT skill level 4,NT,4,2014-08-01,708.442
2,NT skill level 4,NT,4,2014-09-01,574.699
2,NT skill level 4,NT,4,2014-10-01,591.278
2,NT skill level 4,NT,4,2014-11-01,645.727
2,NT skill level 4,NT,4,2014-12-01,589.29
2,NT skill level 4,NT,4,2015-01-01,563.195
2,NT skill level 4,NT,4,2015-02-01,571.933
2,NT skill level 4,NT,4,2015-03-01,538.018
2,NT skill level 4,NT,4,2015-04-01,494.286
2,NT skill level 4,NT,4,2015-05-01,480.315
2,NT skill level 4,NT,4,2015-06-01,519.077
2,NT skill level 4,NT,4,2015-07-01,474.059
2,NT skill level 4,NT,4,2015-08-01,467.047
2,NT skill level 4,NT,4,2015-09-01,482.438
2,NT skill level 4,NT,4,2015-10-01,495.208
2,NT skill level 4,NT,4,2015-11-01,450.711
2,NT skill level 4,NT,4,2015-12-01,430.335
2,NT skill level 4,NT,4,2016-01-01,534.329
2,NT skill level 4,NT,4,2016-02-01,460.898
2,NT skill level 4,NT,4,2016-03-01,435.641
2,NT skill level 4,NT,4,2016-04-01,455.393
2,NT skill level 4,NT,4,2016-05-01,458.963
2,NT skill level 4,NT,4,2016-06-01,537.09
2,NT skill level 4,NT,4,2016-07-01,478.757
2,NT skill level 4,NT,4,2016-08-01,381.041
2,NT skill level 4,NT,4,2016-09-01,414.797
2,NT skill level 4,NT,4,2016-10-01,383.097
2,NT skill level 4,NT,4,2016-11-01,407.221
2,NT skill level 4,NT,4,2016-12-01,412.248
2,NT skill level 4,NT,4,2017-01-01,403.993
2,NT skill level 4,NT,4,2017-02-01,386.719
2,NT skill level 4,NT,4,2017-03-01,417.002
2,NT skill level 4,NT,4,2017-04-01,412.609
2,NT skill level 4,NT,4,2017-05-01,402.862
2,NT skill level 4,NT,4,2017-06-01,387.383
2,NT skill level 4,NT,4,2017-07-01,461.179
2,NT skill level 4,NT,4,2017-08-01,485.157
2,NT skill level 4,NT,4,2017-09-01,474.585
2,NT skill level 4,NT,4,2017-10-01,482.916
2,NT skill level 4,NT,4,2017-11-01,431.892
2,NT skill level 4,NT,4,2017-12-01,359.219
2,NT skill level 4,NT,4,2018-01-01,478.742
2,NT skill level 4,NT,4,2018-02-01,452.28
2,NT skill level 4,NT,4,2018-03-01,466.107
2,NT skill level 4,NT,4,2018-04-01,468.259
2,NT skill level 4,NT,4,2018-05-01,535.901
2,NT skill level 4,NT,4,2018-06-01,451.85
2,NT skill level 4,NT,4,2018-07-01,406.557
2,NT skill level 4,NT,4,2018-08-01,433.658
2,NT skill level 4,NT,4,2018-09-01,424.224
2,NT skill level 4,NT,4,2018-10-01,409.011
2,NT skill level 4,NT,4,2018-11-01,422.687
2,NT skill level 4,NT,4,2018-12-01,474.501
2,NT skill level 4,NT,4,2019-01-01,413.42
2,NT skill level 4,NT,4,2019-02-01,436.077
2,NT skill level 4,NT,4,2019-03-01,412.687
2,NT skill level 4,NT,4,2019-04-01,407.577
2,NT skill level 4,NT,4,2019-05-01,383.167
2,NT skill level 4,NT,4,2019-06-01,397.505
2,NT skill level 4,NT,4,2019-07-01,392.799
2,NT skill level 4,NT,4,2019-08-01,390.208
2,NT skill level 4,NT,4,2019-09-01,330.24
2,NT skill level 4,NT,4,2019-10-01,367.526
2,NT skill level 4,NT,4,2019-11-01,350.784
2,NT skill level 4,NT,4,2019-12-01,388.929
2,NT skill level 4,NT,4,2020-01-01,427.076
2,NT skill level 4,NT,4,2020-02-01,366.085
2,NT skill level 4,NT,4,2020-03-01,274.41
2,NT skill level 4,NT,4,2020-04-01,155.715
2,NT skill level 4,NT,4,2020-05-01,209.299
2,NT skill level 4,NT,4,2020-06-01,340.779
2,NT skill level 4,NT,4,2020-07-01,374.392
2,NT skill level 4,NT,4,2020-08-01,379.854
2,NT skill level 4,NT,4,2020-09-01,446.93
2,NT skill level 4,NT,4,2020-10-01,461.954
2,NT skill level 4,NT,4,2020-11-01,502.256
2,NT skill level 4,NT,4,2020-12-01,504.634
2,NT skill level 4,NT,4,2021-01-01,550.171
2,NT skill level 4,NT,4,2021-02-01,579.285
2,NT skill level 4,NT,4,2021-03-01,635.05
2,NT skill level 4,NT,4,2021-04-01,685.804
2,NT skill level 4,NT,4,2021-05-01,649.062
2,NT skill level 4,NT,4,2021-06-01,652.013
2,NT skill level 4,NT,4,2021-07-01,627.435
2,NT skill level 4,NT,4,2021-08-01,634.938
2,NT skill level 4,NT,4,2021-09-01,698.133
2,NT skill level 4,NT,4,2021-10-01,679.144
2,NT skill level 4,NT,4,2021-11-01,759.777
2,NT skill level 4,NT,4,2021-12-01,687.197
2,NT skill level 4,NT,4,2022-01-01,695.934
2,NT skill level 4,NT,4,2022-02-01,701.773
2,NT skill level 4,NT,4,2022-03-01,735.574
2,NT skill level 4,NT,4,2022-04-01,766.359
2,NT skill level 4,NT,4,2022-05-01,795.489
2,NT skill level 4,NT,4,2022-06-01,762.139
2,NT skill level 4,NT,4,2022-07-01,699.722
2,NT skill level 4,NT,4,2022-08-01,742.645
2,NT skill level 4,NT,4,2022-09-01,709.412
2,NT skill level 4,NT,4,2022-10-01,729.334
2,NT skill level 4,NT,4,2022-11-01,712.092
2,NT skill level 4,NT,4,2022-12-01,743.073
2,NT skill level 4,NT,4,2023-01-01,739.933
2,NT skill level 4,NT,4,2023-02-01,797.911
2,NT skill level 4,NT,4,2023-03-01,752.912
2,NT skill level 4,NT,4,2023-04-01,729.099
2,NT skill level 4,NT,4,2023-05-01,812.881
2,NT skill level 4,NT,4,2023-06-01,794.497
2,NT skill level 4,NT,4,2023-07-01,812.18
2,NT skill level 4,NT,4,2023-08-01,845.27
2,NT skill level 4,NT,4,2023-09-01,803.156
2,NT skill level 4,NT,4,2023-10-01,774.163
2,NT skill level 4,NT,4,2023-11-01,771.59
2,NT skill level 4,NT,4,2023-12-01,710.801
2,NT skill level 4,NT,4,2024-01-01,862.125
2,NT skill level 4,NT,4,2024-02-01,816.843
2,NT skill level 4,NT,4,2024-03-01,855.906
2,NT skill level 4,NT,4,2024-04-01,772.276
2,NT skill level 4,NT,4,2024-05-01,814.502
2,NT skill level 4,NT,4,2024-06-01,740.721
2,NT skill level 4,NT,4,2024-07-01,808.611
2,NT skill level 4,NT,4,2024-08-01,752.976
2,NT skill level 4,NT,4,2024-09-01,791.41
2,NT skill level 4,NT,4,2024-10-01,826.919
2,NT skill level 4,NT,4,2024-11-01,800.12
2,NT skill level 4,NT,4,2024-12-01,758.38
2,NT skill level 4,NT,4,2025-01-01,766.733
2,NT skill level 4,NT,4,2025-02-01,729.723
2,NT skill level 4,NT,4,2025-03-01,733.187
2,NT skill level 4,NT,4,2025-04-01,775.417
2,NT skill level 4,NT,4,2025-05-01,712.646
2,NT skill level 4,NT,4,2025-06-01,766.015
2,NT skill level 4,NT,4,2025-07-01,751.621
2,NT skill level 4,NT,4,2025-08-01,711.266
2,NT skill level 4,NT,4,2025-09-01,709.823
2,NT skill level 4,NT,4,2025-10-01,709.691
2,NT skill level 4,NT,4,2025-11-01,689.198
2,NT skill level 4,NT,4,2025-12-01,745.626
2,NT skill level 4,NT,4,2026-01-01,726.828
2,NT skill level 4,NT,4,2026-02-01,698.991
2,NT skill level 4,NT,4,2026-03-01,692.286
2,NT skill level 4,NT,4,2026-04-01,733.138
2,NT skill level 4,NT,4,2026-05-01,646.208
2,NT skill level 4,NT,4,2026-06-01,637.771
2,NT skill level 4,NT,4,2026-07-01,641.663
2,NT skill level 5,NT,5,2006-01-01,709.277
2,NT skill level 5,NT,5,2006-02-01,575.238
2,NT skill level 5,NT,5,2006-03-01,648.157
2,NT skill level 5,NT,5,2006-04-01,633.689
2,NT skill level 5,NT,5,2006-05-01,693.978
2,NT skill level 5,NT,5,2006-06-01,813.892
2,NT skill level 5,NT,5,2006-07-01,741.208
2,NT skill level 5,NT,5,2006-08-01,744.009
2,NT skill level 5,NT,5,2006-09-01,712.621
2,NT skill level 5,NT,5,2006-10-01,782.813
2,NT skill level 5,NT,5,2006-11-01,728.251
2,NT skill level 5,NT,5,2006-12-01,731.414
2,NT skill level 5,NT,5,2007-01-01,746.018
2,NT skill level 5,NT,5,2007-02-01,740.827
2,NT skill level 5,NT,5,2007-03-01,778.54
2,NT skill level 5,NT,5,2007-04-01,833.175
2,NT skill level 5,NT,5,2007-05-01,820.34
2,NT skill level 5,NT,5,2007-06-01,785.133
2,NT skill level 5,NT,5,2007-07-01,861.494
2,NT skill level 5,NT,5,2007-08-01,852.836
2,NT skill level 5,NT,5,2007-09-01,886.543
2,NT skill level 5,NT,5,2007-10-01,856.028
2,NT skill level 5,NT,5,2007-11-01,905.522
2,NT skill level 5,NT,5,2007-12-01,889.853
2,NT skill level 5,NT,5,2008-01-01,874.414
2,NT skill level 5,NT,5,2008-02-01,886.297
2,NT skill level 5,NT,5,2008-03-01,822.824
2,NT skill level 5,NT,5,2008-04-01,871.788
2,NT skill level 5,NT,5,2008-05-01,782.077
2,NT skill level 5,NT,5,2008-06-01,811.501
2,NT skill level 5,NT,5,2008-07-01,711.598
2,NT skill level 5,NT,5,2008-08-01,733.918
2,NT skill level 5,NT,5,2008-09-01,694.509
2,NT skill level 5,NT,5,2008-10-01,606.694
2,NT skill level 5,NT,5,2008-11-01,618.006
2,NT skill level 5,NT,5,2008-12-01,562.973
2,NT skill level 5,NT,5,2009-01-01,538.139
2,NT skill level 5,NT,5,2009-02-01,442.678
2,NT skill level 5,NT,5,2009-03-01,505.15
2,NT skill level 5,NT,5,2009-04-01,593.288
2,NT skill level 5,NT,5,2009-05-01,561.783
2,NT skill level 5,NT,5,2009-06-01,520.968
2,NT skill level 5,NT,5,2009-07-01,424.027
2,NT skill level 5,NT,5,2009-08-01,431.966
2,NT skill level 5,NT,5,2009-09-01,446.766
2,NT skill level 5,NT,5,2009-10-01,514.935
2,NT skill level 5,NT,5,2009-11-01,530.176
2,NT skill level 5,NT,5,2009-12-01,557.277
2,NT skill level 5,NT,5,2010-01-01,536.101
2,NT skill level 5,NT,5,2010-02-01,589.743
2,NT skill level 5,NT,5,2010-03-01,533.618
2,NT skill level 5,NT,5,2010-04-01,504.44
2,NT skill level 5,NT,5,2010-05-01,563.929
2,NT skill level 5,NT,5,2010-06-01,555.408
2,NT skill level 5,NT,5,2010-07-01,573.476
2,NT skill level 5,NT,5,2010-08-01,562.005
2,NT skill level 5,NT,5,2010-09-01,605.621
2,NT skill level 5,NT,5,2010-10-01,572.619
2,NT skill level 5,NT,5,2010-11-01,516.971
2,NT skill level 5,NT,5,2010-12-01,533.338
2,NT skill level 5,NT,5,2011-01-01,536.616
2,NT skill level 5,NT,5,2011-02-01,527.639
2,NT skill level 5,NT,5,2011-03-01,572.225
2,NT skill level 5,NT,5,2011-04-01,561.062
2,NT skill level 5,NT,5,2011-05-01,553.283
2,NT skill level 5,NT,5,2011-06-01,479.944
2,NT skill level 5,NT,5,2011-07-01,599.758
2,NT skill level 5,NT,5,2011-08-01,546.938
2,NT skill level 5,NT,5,2011-09-01,544.909
2,NT skill level 5,NT,5,2011-10-01,522.839
2,NT skill level 5,NT,5,2011-11-01,529.611
2,NT skill level 5,NT,5,2011-12-01,566.283
2,NT skill level 5,NT,5,2012-01-01,540.149
2,NT skill level 5,NT,5,2012-02-01,571.028
2,NT skill level 5,NT,5,2012-03-01,545.175
2,NT skill level 5,NT,5,2012-04-01,496.167
2,NT skill level 5,NT,5,2012-05-01,466.952
2,NT skill level 5,NT,5,2012-06-01,410.024
2,NT skill level 5,NT,5,2012-07-01,469.638
2,NT skill level 5,NT,5,2012-08-01,480.731
2,NT skill level 5,NT,5,2012-09-01,456.269
2,NT skill level 5,NT,5,2012-10-01,466.68
2,NT skill level 5,NT,5,2012-11-01,474.479
2,NT skill level 5,NT,5,2012-12-01,471.384
2,NT skill level 5,NT,5,2013-01-01,476.186
2,NT skill level 5,NT,5,2013-02-01,393.986
2,NT skill level 5,NT,5,2013-03-01,461.964
2,NT skill level 5,NT,5,2013-04-01,380.995
2,NT skill level 5,NT,5,2013-05-01,383.617
2,NT skill level 5,NT,5,2013-06-01,350.464
2,NT skill level 5,NT,5,2013-07-01,360.585
2,NT skill level 5,NT,5,2013-08-01,371.786
2,NT skill level 5,NT,5,2013-09-01,364.804
2,NT skill level 5,NT,5,2013-10-01,372.15
2,NT skill level 5,NT,5,2013-11-01,361.614
2,NT skill level 5,NT,5,2013-12-01,295.861
2,NT skill level 5,NT,5,2014-01-01,329.063
2,NT skill level 5,NT,5,2014-02-01,340.139
2,NT skill level 5,NT,5,2014-03-01,316.685
2,NT skill level 5,NT,5,2014-04-01,342.353
2,NT skill level 5,NT,5,2014-05-01,333.713
2,NT skill level 5,NT,5,2014-06-01,310.5
2,NT skill level 5,NT,5,2014-07-01,296.292
2,NT skill level 5,NT,5,2014-08-01,337.441
2,NT skill level 5,NT,5,2014-09-01,281.67
2,NT skill level 5,NT,5,2014-10-01,272.661
2,NT skill level 5,NT,5,2014-11-01,267.83
2,NT skill level 5,NT,5,2014-12-01,263.695
2,NT skill level 5,NT,5,2015-01-01,272.85
2,NT skill level 5,NT,5,2015-02-01,283.178
2,NT skill level 5,NT,5,2015-03-01,222.751
2,NT skill level 5,NT,5,2015-04-01,262.78
2,NT skill level 5,NT,5,2015-05-01,263.493
2,NT skill level 5,NT,5,2015-06-01,265.771
2,NT skill level 5,NT,5,2015-07-01,226.173
2,NT skill level 5,NT,5,2015-08-01,221.545
2,NT skill level 5,NT,5,2015-09-01,237.47
2,NT skill level 5,NT,5,2015-10-01,238.034
2,NT skill level 5,NT,5,2015-11-01,234.76
2,NT skill level 5,NT,5,2015-12-01,220.01
2,NT skill level 5,NT,5,2016-01-01,286.129
2,NT skill level 5,NT,5,2016-02-01,218.858
2,NT skill level 5,NT,5,2016-03-01,232.258
2,NT skill level 5,NT,5,2016-04-01,224.838
2,NT skill level 5,NT,5,2016-05-01,241.738
2,NT skill level 5,NT,5,2016-06-01,252.749
2,NT skill level 5,NT,5,2016-07-01,212.796
2,NT skill level 5,NT,5,2016-08-01,224.675
2,NT skill level 5,NT,5,2016-09-01,219.786
2,NT skill level 5,NT,5,2016-10-01,229.222
2,NT skill level 5,NT,5,2016-11-01,206.912
2,NT skill level 5,NT,5,2016-12-01,146.733
2,NT skill level 5,NT,5,2017-01-01,181.813
2,NT skill level 5,NT,5,2017-02-01,161.997
2,NT skill level 5,NT,5,2017-03-01,221.634
2,NT skill level 5,NT,5,2017-04-01,182.614
2,NT skill level 5,NT,5,2017-05-01,183.535
2,NT skill level 5,NT,5,2017-06-01,154.08
2,NT skill level 5,NT,5,2017-07-01,242.918
2,NT skill level 5,NT,5,2017-08-01,286.763
2,NT skill level 5,NT,5,2017-09-01,261.748
2,NT skill level 5,NT,5,2017-10-01,262.901
2,NT skill level 5,NT,5,2017-11-01,251.27
2,NT skill level 5,NT,5,2017-12-01,233.651
2,NT skill level 5,NT,5,2018-01-01,230.19
2,NT skill level 5,NT,5,2018-02-01,201.525
2,NT skill level 5,NT,5,2018-03-01,264.814
2,NT skill level 5,NT,5,2018-04-01,250.965
2,NT skill level 5,NT,5,2018-05-01,229.681
2,NT skill level 5,NT,5,2018-06-01,218.017
2,NT skill level 5,NT,5,2018-07-01,211.673
2,NT skill level 5,NT,5,2018-08-01,214.119
2,NT skill level 5,NT,5,2018-09-01,234.218
2,NT skill level 5,NT,5,2018-10-01,183.197
2,NT skill level 5,NT,5,2018-11-01,211.601
2,NT skill level 5,NT,5,2018-12-01,217.969
2,NT skill level 5,NT,5,2019-01-01,191.409
2,NT skill level 5,NT,5,2019-02-01,212.374
2,NT skill level 5,NT,5,2019-03-01,188.552
2,NT skill level 5,NT,5,2019-04-01,186.438
2,NT skill level 5,NT,5,2019-05-01,176.153
2,NT skill level 5,NT,5,2019-06-01,181.125
2,NT skill level 5,NT,5,2019-07-01,196.492
2,NT skill level 5,NT,5,2019-08-01,159.185
2,NT skill level 5,NT,5,2019-09-01,147.797
2,NT skill level 5,NT,5,2019-10-01,149.108
2,NT skill level 5,NT,5,2019-11-01,143.271
2,NT skill level 5,NT,5,2019-12-01,155.021
2,NT skill level 5,NT,5,2020-01-01,141.64
2,NT skill level 5,NT,5,2020-02-01,156.707
2,NT skill level 5,NT,5,2020-03-01,111.784
2,NT skill level 5,NT,5,2020-04-01,73.356
2,NT skill level 5,NT,5,2020-05-01,89.402
2,NT skill level 5,NT,5,2020-06-01,159.706
2,NT skill level 5,NT,5,2020-07-01,167.24
2,NT skill level 5,NT,5,2020-08-01,176
2,NT skill level 5,NT,5,2020-09-01,178.622
2,NT skill level 5,NT,5,2020-10-01,201.532
2,NT skill level 5,NT,5,2020-11-01,215.966
2,NT skill level 5,NT,5,2020-12-01,229.766
2,NT skill level 5,NT,5,2021-01-01,231.887
2,NT skill level 5,NT,5,2021-02-01,302.092
2,NT skill level 5,NT,5,2021-03-01,300.58
2,NT skill level 5,NT,5,2021-04-01,296.583
2,NT skill level 5,NT,5,2021-05-01,349.302
2,NT skill level 5,NT,5,2021-06-01,318.759
2,NT skill level 5,NT,5,2021-07-01,292.823
2,NT skill level 5,NT,5,2021-08-01,297.54
2,NT skill level 5,NT,5,2021-09-01,303.438
2,NT skill level 5,NT,5,2021-10-01,373.943
2,NT skill level 5,NT,5,2021-11-01,353.807
2,NT skill level 5,NT,5,2021-12-01,360.045
2,NT skill level 5,NT,5,2022-01-01,354.01
2,NT skill level 5,NT,5,2022-02-01,360.18
2,NT skill level 5,NT,5,2022-03-01,372.854
2,NT skill level 5,NT,5,2022-04-01,402.489
2,NT skill level 5,NT,5,2022-05-01,420.509
2,NT skill level 5,NT,5,2022-06-01,414.255
2,NT skill level 5,NT,5,2022-07-01,334.353
2,NT skill level 5,NT,5,2022-08-01,375.437
2,NT skill level 5,NT,5,2022-09-01,347.486
2,NT skill level 5,NT,5,2022-10-01,294.072
2,NT skill level 5,NT,5,2022-11-01,290.943
2,NT skill level 5,NT,5,2022-12-01,320.431
2,NT skill level 5,NT,5,2023-01-01,322.136
2,NT skill level 5,NT,5,2023-02-01,278.381
2,NT skill level 5,NT,5,2023-03-01,367.21
2,NT skill level 5,NT,5,2023-04-01,330.473
2,NT skill level 5,NT,5,2023-05-01,310.779
2,NT skill level 5,NT,5,2023-06-01,291.947
2,NT skill level 5,NT,5,2023-07-01,310.246
2,NT skill level 5,NT,5,2023-08-01,300.523
2,NT skill level 5,NT,5,2023-09-01,266.225
2,NT skill level 5,NT,5,2023-10-01,289.931
2,NT skill level 5,NT,5,2023-11-01,309.111
2,NT skill level 5,NT,5,2023-12-01,316.051
2,NT skill level 5,NT,5,2024-01-01,298.325
2,NT skill level 5,NT,5,2024-02-01,319.035
2,NT skill level 5,NT,5,2024-03-01,307.729
2,NT skill level 5,NT,5,2024-04-01,313.128
2,NT skill level 5,NT,5,2024-05-01,293.29
2,NT skill level 5,NT,5,2024-06-01,270.441
2,NT skill level 5,NT,5,2024-07-01,268.081
2,NT skill level 5,NT,5,2024-08-01,313.422
2,NT skill level 5,NT,5,2024-09-01,324.375
2,NT skill level 5,NT,5,2024-10-01,311.27
2,NT skill level 5,NT,5,2024-11-01,327.353
2,NT skill level 5,NT,5,2024-12-01,297.382
2,NT skill level 5,NT,5,2025-01-01,334.359
2,NT skill level 5,NT,5,2025-02-01,306.807
2,NT skill level 5,NT,5,2025-03-01,286.272
2,NT skill level 5,NT,5,2025-04-01,288.711
2,NT skill level 5,NT,5,2025-05-01,264.094
2,NT skill level 5,NT,5,2025-06-01,287.065
2,NT skill level 5,NT,5,2025-07-01,324.369
2,NT skill level 5,NT,5,2025-08-01,282.672
2,NT skill level 5,NT,5,2025-09-01,294.884
2,NT skill level 5,NT,5,2025-10-01,298.789
2,NT skill level 5,NT,5,2025-11-01,256.584
2,NT skill level 5,NT,5,2025-12-01,284.93
2,NT skill level 5,NT,5,2026-01-01,316.424
2,NT skill level 5,NT,5,2026-02-01,294.47
2,NT skill level 5,NT,5,2026-03-01,307.59
2,NT skill level 5,NT,5,2026-04-01,278.179
2,NT skill level 5,NT,5,2026-05-01,291.531
2,NT skill level 5,NT,5,2026-06-01,289.411
2,NT skill level 5,NT,5,2026-07-01,315.443
1,ACT TOTAL,ACT,0,2006-01-01,3138.42
1,ACT TOTAL,ACT,0,2006-02-01,3337.347
1,ACT TOTAL,ACT,0,2006-03-01,3509.948
1,ACT TOTAL,ACT,0,2006-04-01,3496.833
1,ACT TOTAL,ACT,0,2006-05-01,3664.887
1,ACT TOTAL,ACT,0,2006-06-01,3728.108
1,ACT TOTAL,ACT,0,2006-07-01,3621.486
1,ACT TOTAL,ACT,0,2006-08-01,3576.08
1,ACT TOTAL,ACT,0,2006-09-01,3764.493
1,ACT TOTAL,ACT,0,2006-10-01,4007.507
1,ACT TOTAL,ACT,0,2006-11-01,3979.778
1,ACT TOTAL,ACT,0,2006-12-01,3852.129
1,ACT TOTAL,ACT,0,2007-01-01,4157.654
1,ACT TOTAL,ACT,0,2007-02-01,4385.687
1,ACT TOTAL,ACT,0,2007-03-01,4347.076
1,ACT TOTAL,ACT,0,2007-04-01,4533.404
1,ACT TOTAL,ACT,0,2007-05-01,4490.872
1,ACT TOTAL,ACT,0,2007-06-01,4429.169
1,ACT TOTAL,ACT,0,2007-07-01,4608.103
1,ACT TOTAL,ACT,0,2007-08-01,4536.362
1,ACT TOTAL,ACT,0,2007-09-01,4416.534
1,ACT TOTAL,ACT,0,2007-10-01,4322.106
1,ACT TOTAL,ACT,0,2007-11-01,4388.02
1,ACT TOTAL,ACT,0,2007-12-01,4672.542
1,ACT TOTAL,ACT,0,2008-01-01,4718.106
1,ACT TOTAL,ACT,0,2008-02-01,4379.85
1,ACT TOTAL,ACT,0,2008-03-01,4721.99
1,ACT TOTAL,ACT,0,2008-04-01,4616.939
1,ACT TOTAL,ACT,0,2008-05-01,4671.248
1,ACT TOTAL,ACT,0,2008-06-01,5386.463
1,ACT TOTAL,ACT,0,2008-07-01,5284.869
1,ACT TOTAL,ACT,0,2008-08-01,5309.726
1,ACT TOTAL,ACT,0,2008-09-01,5296.044
1,ACT TOTAL,ACT,0,2008-10-01,5386.355
1,ACT TOTAL,ACT,0,2008-11-01,5396.779
1,ACT TOTAL,ACT,0,2008-12-01,5157.512
1,ACT TOTAL,ACT,0,2009-01-01,4545.823
1,ACT TOTAL,ACT,0,2009-02-01,4650.607
1,ACT TOTAL,ACT,0,2009-03-01,4209.216
1,ACT TOTAL,ACT,0,2009-04-01,4352.114
1,ACT TOTAL,ACT,0,2009-05-01,4297.373
1,ACT TOTAL,ACT,0,2009-06-01,3116.181
1,ACT TOTAL,ACT,0,2009-07-01,4596.982
1,ACT TOTAL,ACT,0,2009-08-01,4329.393
1,ACT TOTAL,ACT,0,2009-09-01,4332.856
1,ACT TOTAL,ACT,0,2009-10-01,4049.732
1,ACT TOTAL,ACT,0,2009-11-01,3897.108
1,ACT TOTAL,ACT,0,2009-12-01,3914.035
1,ACT TOTAL,ACT,0,2010-01-01,4362.814
1,ACT TOTAL,ACT,0,2010-02-01,4676.408
1,ACT TOTAL,ACT,0,2010-03-01,4250.183
1,ACT TOTAL,ACT,0,2010-04-01,4263.019
1,ACT TOTAL,ACT,0,2010-05-01,4569.269
1,ACT TOTAL,ACT,0,2010-06-01,4578.396
1,ACT TOTAL,ACT,0,2010-07-01,4620.16
1,ACT TOTAL,ACT,0,2010-08-01,4623.925
1,ACT TOTAL,ACT,0,2010-09-01,4680.585
1,ACT TOTAL,ACT,0,2010-10-01,5421.304
1,ACT TOTAL,ACT,0,2010-11-01,6004.967
1,ACT TOTAL,ACT,0,2010-12-01,5852.04
1,ACT TOTAL,ACT,0,2011-01-01,5981.718
1,ACT TOTAL,ACT,0,2011-02-01,6051.936
1,ACT TOTAL,ACT,0,2011-03-01,6003.108
1,ACT TOTAL,ACT,0,2011-04-01,6102.802
1,ACT TOTAL,ACT,0,2011-05-01,5668.258
1,ACT TOTAL,ACT,0,2011-06-01,5309.312
1,ACT TOTAL,ACT,0,2011-07-01,5279.399
1,ACT TOTAL,ACT,0,2011-08-01,5402.129
1,ACT TOTAL,ACT,0,2011-09-01,5171.136
1,ACT TOTAL,ACT,0,2011-10-01,5039.302
1,ACT TOTAL,ACT,0,2011-11-01,5038.721
1,ACT TOTAL,ACT,0,2011-12-01,4956.429
1,ACT TOTAL,ACT,0,2012-01-01,4673.048
1,ACT TOTAL,ACT,0,2012-02-01,4748.135
1,ACT TOTAL,ACT,0,2012-03-01,4634.818
1,ACT TOTAL,ACT,0,2012-04-01,4421.71
1,ACT TOTAL,ACT,0,2012-05-01,4450.951
1,ACT TOTAL,ACT,0,2012-06-01,4353.083
1,ACT TOTAL,ACT,0,2012-07-01,3945.497
1,ACT TOTAL,ACT,0,2012-08-01,4064.73
1,ACT TOTAL,ACT,0,2012-09-01,4428.052
1,ACT TOTAL,ACT,0,2012-10-01,3678.426
1,ACT TOTAL,ACT,0,2012-11-01,3801.244
1,ACT TOTAL,ACT,0,2012-12-01,3752.293
1,ACT TOTAL,ACT,0,2013-01-01,3660.739
1,ACT TOTAL,ACT,0,2013-02-01,3434.914
1,ACT TOTAL,ACT,0,2013-03-01,3648.506
1,ACT TOTAL,ACT,0,2013-04-01,3516.419
1,ACT TOTAL,ACT,0,2013-05-01,3434.024
1,ACT TOTAL,ACT,0,2013-06-01,3281.614
1,ACT TOTAL,ACT,0,2013-07-01,3613.373
1,ACT TOTAL,ACT,0,2013-08-01,3252.689
1,ACT TOTAL,ACT,0,2013-09-01,3114.511
1,ACT TOTAL,ACT,0,2013-10-01,3119.268
1,ACT TOTAL,ACT,0,2013-11-01,2999.691
1,ACT TOTAL,ACT,0,2013-12-01,3122.854
1,ACT TOTAL,ACT,0,2014-01-01,3179.091
1,ACT TOTAL,ACT,0,2014-02-01,3299.542
1,ACT TOTAL,ACT,0,2014-03-01,3266.061
1,ACT TOTAL,ACT,0,2014-04-01,3297.093
1,ACT TOTAL,ACT,0,2014-05-01,3300.661
1,ACT TOTAL,ACT,0,2014-06-01,3460.44
1,ACT TOTAL,ACT,0,2014-07-01,3629.887
1,ACT TOTAL,ACT,0,2014-08-01,3416.004
1,ACT TOTAL,ACT,0,2014-09-01,3580.554
1,ACT TOTAL,ACT,0,2014-10-01,3719.268
1,ACT TOTAL,ACT,0,2014-11-01,3765.19
1,ACT TOTAL,ACT,0,2014-12-01,3465.694
1,ACT TOTAL,ACT,0,2015-01-01,3853.526
1,ACT TOTAL,ACT,0,2015-02-01,3682.702
1,ACT TOTAL,ACT,0,2015-03-01,4105.215
1,ACT TOTAL,ACT,0,2015-04-01,4487.544
1,ACT TOTAL,ACT,0,2015-05-01,4135.145
1,ACT TOTAL,ACT,0,2015-06-01,4289.346
1,ACT TOTAL,ACT,0,2015-07-01,4290.236
1,ACT TOTAL,ACT,0,2015-08-01,4479.537
1,ACT TOTAL,ACT,0,2015-09-01,4610.971
1,ACT TOTAL,ACT,0,2015-10-01,4608.546
1,ACT TOTAL,ACT,0,2015-11-01,4674.626
1,ACT TOTAL,ACT,0,2015-12-01,4611.547
1,ACT TOTAL,ACT,0,2016-01-01,4715.747
1,ACT TOTAL,ACT,0,2016-02-01,4730.627
1,ACT TOTAL,ACT,0,2016-03-01,4666.513
1,ACT TOTAL,ACT,0,2016-04-01,5066.295
1,ACT TOTAL,ACT,0,2016-05-01,5279.004
1,ACT TOTAL,ACT,0,2016-06-01,5569.948
1,ACT TOTAL,ACT,0,2016-07-01,4867.538
1,ACT TOTAL,ACT,0,2016-08-01,5237.871
1,ACT TOTAL,ACT,0,2016-09-01,5128.35
1,ACT TOTAL,ACT,0,2016-10-01,5043.938
1,ACT TOTAL,ACT,0,2016-11-01,4931.552
1,ACT TOTAL,ACT,0,2016-12-01,5060.905
1,ACT TOTAL,ACT,0,2017-01-01,5069.823
1,ACT TOTAL,ACT,0,2017-02-01,4994.204
1,ACT TOTAL,ACT,0,2017-03-01,4996.429
1,ACT TOTAL,ACT,0,2017-04-01,5078.003
1,ACT TOTAL,ACT,0,2017-05-01,5324.35
1,ACT TOTAL,ACT,0,2017-06-01,5176.783
1,ACT TOTAL,ACT,0,2017-07-01,5132.602
1,ACT TOTAL,ACT,0,2017-08-01,5229.378
1,ACT TOTAL,ACT,0,2017-09-01,5283.13
1,ACT TOTAL,ACT,0,2017-10-01,5470.643
1,ACT TOTAL,ACT,0,2017-11-01,5475.314
1,ACT TOTAL,ACT,0,2017-12-01,5422.68
1,ACT TOTAL,ACT,0,2018-01-01,5207.954
1,ACT TOTAL,ACT,0,2018-02-01,5585.198
1,ACT TOTAL,ACT,0,2018-03-01,5507.46
1,ACT TOTAL,ACT,0,2018-04-01,5299.454
1,ACT TOTAL,ACT,0,2018-05-01,5146.192
1,ACT TOTAL,ACT,0,2018-06-01,5389.45
1,ACT TOTAL,ACT,0,2018-07-01,5449.67
1,ACT TOTAL,ACT,0,2018-08-01,5381.668
1,ACT TOTAL,ACT,0,2018-09-01,5343.454
1,ACT TOTAL,ACT,0,2018-10-01,5256.298
1,ACT TOTAL,ACT,0,2018-11-01,5754.827
1,ACT TOTAL,ACT,0,2018-12-01,5166.184
1,ACT TOTAL,ACT,0,2019-01-01,5656.177
1,ACT TOTAL,ACT,0,2019-02-01,5348.968
1,ACT TOTAL,ACT,0,2019-03-01,5480.756
1,ACT TOTAL,ACT,0,2019-04-01,5866.295
1,ACT TOTAL,ACT,0,2019-05-01,5801.187
1,ACT TOTAL,ACT,0,2019-06-01,5807.111
1,ACT TOTAL,ACT,0,2019-07-01,6018.303
1,ACT TOTAL,ACT,0,2019-08-01,5804.085
1,ACT TOTAL,ACT,0,2019-09-01,6093.866
1,ACT TOTAL,ACT,0,2019-10-01,5821.763
1,ACT TOTAL,ACT,0,2019-11-01,5759.19
1,ACT TOTAL,ACT,0,2019-12-01,5935.738
1,ACT TOTAL,ACT,0,2020-01-01,5933.117
1,ACT TOTAL,ACT,0,2020-02-01,5415.851
1,ACT TOTAL,ACT,0,2020-03-01,4498.688
1,ACT TOTAL,ACT,0,2020-04-01,3247.247
1,ACT TOTAL,ACT,0,2020-05-01,4297.635
1,ACT TOTAL,ACT,0,2020-06-01,4317.632
1,ACT TOTAL,ACT,0,2020-07-01,4714.393
1,ACT TOTAL,ACT,0,2020-08-01,5039.007
1,ACT TOTAL,ACT,0,2020-09-01,5192.434
1,ACT TOTAL,ACT,0,2020-10-01,5374.147
1,ACT TOTAL,ACT,0,2020-11-01,5864.899
1,ACT TOTAL,ACT,0,2020-12-01,6123.404
1,ACT TOTAL,ACT,0,2021-01-01,6184.485
1,ACT TOTAL,ACT,0,2021-02-01,6685.489
1,ACT TOTAL,ACT,0,2021-03-01,6895.704
1,ACT TOTAL,ACT,0,2021-04-01,6741.713
1,ACT TOTAL,ACT,0,2021-05-01,6806.638
1,ACT TOTAL,ACT,0,2021-06-01,7015.163
1,ACT TOTAL,ACT,0,2021-07-01,6914.959
1,ACT TOTAL,ACT,0,2021-08-01,6086.254
1,ACT TOTAL,ACT,0,2021-09-01,6192.568
1,ACT TOTAL,ACT,0,2021-10-01,6878.948
1,ACT TOTAL,ACT,0,2021-11-01,7606.769
1,ACT TOTAL,ACT,0,2021-12-01,7064.032
1,ACT TOTAL,ACT,0,2022-01-01,7345.204
1,ACT TOTAL,ACT,0,2022-02-01,7729.322
1,ACT TOTAL,ACT,0,2022-03-01,7954.006
1,ACT TOTAL,ACT,0,2022-04-01,7847.565
1,ACT TOTAL,ACT,0,2022-05-01,7878.639
1,ACT TOTAL,ACT,0,2022-06-01,8223.896
1,ACT TOTAL,ACT,0,2022-07-01,7713.178
1,ACT TOTAL,ACT,0,2022-08-01,7726.516
1,ACT TOTAL,ACT,0,2022-09-01,7810.993
1,ACT TOTAL,ACT,0,2022-10-01,8263.13
1,ACT TOTAL,ACT,0,2022-11-01,7822.976
1,ACT TOTAL,ACT,0,2022-12-01,7921.046
1,ACT TOTAL,ACT,0,2023-01-01,7837.489
1,ACT TOTAL,ACT,0,2023-02-01,7740.532
1,ACT TOTAL,ACT,0,2023-03-01,7817.482
1,ACT TOTAL,ACT,0,2023-04-01,7790.795
1,ACT TOTAL,ACT,0,2023-05-01,8026.582
1,ACT TOTAL,ACT,0,2023-06-01,7818.93
1,ACT TOTAL,ACT,0,2023-07-01,7798.283
1,ACT TOTAL,ACT,0,2023-08-01,8050.668
1,ACT TOTAL,ACT,0,2023-09-01,7543.601
1,ACT TOTAL,ACT,0,2023-10-01,7398.856
1,ACT TOTAL,ACT,0,2023-11-01,7139.146
1,ACT TOTAL,ACT,0,2023-12-01,6867.021
1,ACT TOTAL,ACT,0,2024-01-01,6849.92
1,ACT TOTAL,ACT,0,2024-02-01,6679.369
1,ACT TOTAL,ACT,0,2024-03-01,6665.261
1,ACT TOTAL,ACT,0,2024-04-01,6626.249
1,ACT TOTAL,ACT,0,2024-05-01,6516.142
1,ACT TOTAL,ACT,0,2024-06-01,6253.943
1,ACT TOTAL,ACT,0,2024-07-01,5643.407
1,ACT TOTAL,ACT,0,2024-08-01,6139.408
1,ACT TOTAL,ACT,0,2024-09-01,6414.207
1,ACT TOTAL,ACT,0,2024-10-01,5883.563
1,ACT TOTAL,ACT,0,2024-11-01,5888.377
1,ACT TOTAL,ACT,0,2024-12-01,5470.665
1,ACT TOTAL,ACT,0,2025-01-01,5389.705
1,ACT TOTAL,ACT,0,2025-02-01,5260.481
1,ACT TOTAL,ACT,0,2025-03-01,4822.46
1,ACT TOTAL,ACT,0,2025-04-01,5140.454
1,ACT TOTAL,ACT,0,2025-05-01,4892.399
1,ACT TOTAL,ACT,0,2025-06-01,4679.824
1,ACT TOTAL,ACT,0,2025-07-01,4752.889
1,ACT TOTAL,ACT,0,2025-08-01,4518.543
1,ACT TOTAL,ACT,0,2025-09-01,4984.753
1,ACT TOTAL,ACT,0,2025-10-01,4426.862
1,ACT TOTAL,ACT,0,2025-11-01,4404.337
1,ACT TOTAL,ACT,0,2025-12-01,4740.126
1,ACT TOTAL,ACT,0,2026-01-01,4674.822
1,ACT TOTAL,ACT,0,2026-02-01,4445.73
1,ACT TOTAL,ACT,0,2026-03-01,4538.803
1,ACT TOTAL,ACT,0,2026-04-01,4346.454
1,ACT TOTAL,ACT,0,2026-05-01,4266.326
1,ACT TOTAL,ACT,0,2026-06-01,4495.39
1,ACT TOTAL,ACT,0,2026-07-01,4425.106
2,ACT skill level 1,ACT,1,2006-01-01,1503.115
2,ACT skill level 1,ACT,1,2006-02-01,1629.037
2,ACT skill level 1,ACT,1,2006-03-01,1728.732
2,ACT skill level 1,ACT,1,2006-04-01,1762.617
2,ACT skill level 1,ACT,1,2006-05-01,1873.035
2,ACT skill level 1,ACT,1,2006-06-01,1852.739
2,ACT skill level 1,ACT,1,2006-07-01,1803.498
2,ACT skill level 1,ACT,1,2006-08-01,1754.911
2,ACT skill level 1,ACT,1,2006-09-01,1821.776
2,ACT skill level 1,ACT,1,2006-10-01,2012.612
2,ACT skill level 1,ACT,1,2006-11-01,1851.087
2,ACT skill level 1,ACT,1,2006-12-01,1781.73
2,ACT skill level 1,ACT,1,2007-01-01,2054.572
2,ACT skill level 1,ACT,1,2007-02-01,2067.81
2,ACT skill level 1,ACT,1,2007-03-01,2049.523
2,ACT skill level 1,ACT,1,2007-04-01,2198.531
2,ACT skill level 1,ACT,1,2007-05-01,2101.832
2,ACT skill level 1,ACT,1,2007-06-01,2127.107
2,ACT skill level 1,ACT,1,2007-07-01,2148.737
2,ACT skill level 1,ACT,1,2007-08-01,2131.971
2,ACT skill level 1,ACT,1,2007-09-01,2067.376
2,ACT skill level 1,ACT,1,2007-10-01,2047.258
2,ACT skill level 1,ACT,1,2007-11-01,2141.915
2,ACT skill level 1,ACT,1,2007-12-01,2205.492
2,ACT skill level 1,ACT,1,2008-01-01,2117.124
2,ACT skill level 1,ACT,1,2008-02-01,2044.262
2,ACT skill level 1,ACT,1,2008-03-01,2269.403
2,ACT skill level 1,ACT,1,2008-04-01,2164.392
2,ACT skill level 1,ACT,1,2008-05-01,2220.58
2,ACT skill level 1,ACT,1,2008-06-01,2490.133
2,ACT skill level 1,ACT,1,2008-07-01,2562.396
2,ACT skill level 1,ACT,1,2008-08-01,2552.453
2,ACT skill level 1,ACT,1,2008-09-01,2578.26
2,ACT skill level 1,ACT,1,2008-10-01,2754.616
2,ACT skill level 1,ACT,1,2008-11-01,2708.161
2,ACT skill level 1,ACT,1,2008-12-01,2595.656
2,ACT skill level 1,ACT,1,2009-01-01,2419.765
2,ACT skill level 1,ACT,1,2009-02-01,2336.828
2,ACT skill level 1,ACT,1,2009-03-01,2164.862
2,ACT skill level 1,ACT,1,2009-04-01,2183.269
2,ACT skill level 1,ACT,1,2009-05-01,2205.808
2,ACT skill level 1,ACT,1,2009-06-01,1652.703
2,ACT skill level 1,ACT,1,2009-07-01,2622.403
2,ACT skill level 1,ACT,1,2009-08-01,2268.495
2,ACT skill level 1,ACT,1,2009-09-01,2227.578
2,ACT skill level 1,ACT,1,2009-10-01,1979.16
2,ACT skill level 1,ACT,1,2009-11-01,1906.104
2,ACT skill level 1,ACT,1,2009-12-01,2028.488
2,ACT skill level 1,ACT,1,2010-01-01,2167.341
2,ACT skill level 1,ACT,1,2010-02-01,2300.565
2,ACT skill level 1,ACT,1,2010-03-01,2132.284
2,ACT skill level 1,ACT,1,2010-04-01,2202.876
2,ACT skill level 1,ACT,1,2010-05-01,2275.672
2,ACT skill level 1,ACT,1,2010-06-01,2171.581
2,ACT skill level 1,ACT,1,2010-07-01,2233.332
2,ACT skill level 1,ACT,1,2010-08-01,2246.131
2,ACT skill level 1,ACT,1,2010-09-01,2230.549
2,ACT skill level 1,ACT,1,2010-10-01,2721.54
2,ACT skill level 1,ACT,1,2010-11-01,3108.824
2,ACT skill level 1,ACT,1,2010-12-01,2924.642
2,ACT skill level 1,ACT,1,2011-01-01,2964.03
2,ACT skill level 1,ACT,1,2011-02-01,3018.102
2,ACT skill level 1,ACT,1,2011-03-01,3025.209
2,ACT skill level 1,ACT,1,2011-04-01,3104.206
2,ACT skill level 1,ACT,1,2011-05-01,2948.472
2,ACT skill level 1,ACT,1,2011-06-01,2783.659
2,ACT skill level 1,ACT,1,2011-07-01,2703.789
2,ACT skill level 1,ACT,1,2011-08-01,2882.898
2,ACT skill level 1,ACT,1,2011-09-01,2715.825
2,ACT skill level 1,ACT,1,2011-10-01,2608.133
2,ACT skill level 1,ACT,1,2011-11-01,2509.377
2,ACT skill level 1,ACT,1,2011-12-01,2436.749
2,ACT skill level 1,ACT,1,2012-01-01,2382.906
2,ACT skill level 1,ACT,1,2012-02-01,2316.932
2,ACT skill level 1,ACT,1,2012-03-01,2256.658
2,ACT skill level 1,ACT,1,2012-04-01,2088.552
2,ACT skill level 1,ACT,1,2012-05-01,2179.142
2,ACT skill level 1,ACT,1,2012-06-01,2244.781
2,ACT skill level 1,ACT,1,2012-07-01,1914.894
2,ACT skill level 1,ACT,1,2012-08-01,1956.695
2,ACT skill level 1,ACT,1,2012-09-01,2208.155
2,ACT skill level 1,ACT,1,2012-10-01,1693.616
2,ACT skill level 1,ACT,1,2012-11-01,1885.397
2,ACT skill level 1,ACT,1,2012-12-01,1855.063
2,ACT skill level 1,ACT,1,2013-01-01,1809.973
2,ACT skill level 1,ACT,1,2013-02-01,1635.399
2,ACT skill level 1,ACT,1,2013-03-01,1767.591
2,ACT skill level 1,ACT,1,2013-04-01,1740.29
2,ACT skill level 1,ACT,1,2013-05-01,1651.871
2,ACT skill level 1,ACT,1,2013-06-01,1504.942
2,ACT skill level 1,ACT,1,2013-07-01,1847.174
2,ACT skill level 1,ACT,1,2013-08-01,1543.124
2,ACT skill level 1,ACT,1,2013-09-01,1470.046
2,ACT skill level 1,ACT,1,2013-10-01,1484.169
2,ACT skill level 1,ACT,1,2013-11-01,1495.024
2,ACT skill level 1,ACT,1,2013-12-01,1522.323
2,ACT skill level 1,ACT,1,2014-01-01,1497.89
2,ACT skill level 1,ACT,1,2014-02-01,1656.686
2,ACT skill level 1,ACT,1,2014-03-01,1636.695
2,ACT skill level 1,ACT,1,2014-04-01,1661.909
2,ACT skill level 1,ACT,1,2014-05-01,1641.017
2,ACT skill level 1,ACT,1,2014-06-01,1714.081
2,ACT skill level 1,ACT,1,2014-07-01,1814.293
2,ACT skill level 1,ACT,1,2014-08-01,1658.254
2,ACT skill level 1,ACT,1,2014-09-01,1777.237
2,ACT skill level 1,ACT,1,2014-10-01,1852.47
2,ACT skill level 1,ACT,1,2014-11-01,1903.292
2,ACT skill level 1,ACT,1,2014-12-01,1857.164
2,ACT skill level 1,ACT,1,2015-01-01,2035.322
2,ACT skill level 1,ACT,1,2015-02-01,1846.827
2,ACT skill level 1,ACT,1,2015-03-01,2126.333
2,ACT skill level 1,ACT,1,2015-04-01,2291.995
2,ACT skill level 1,ACT,1,2015-05-01,2057.231
2,ACT skill level 1,ACT,1,2015-06-01,2159.545
2,ACT skill level 1,ACT,1,2015-07-01,2162.042
2,ACT skill level 1,ACT,1,2015-08-01,2303.414
2,ACT skill level 1,ACT,1,2015-09-01,2382.44
2,ACT skill level 1,ACT,1,2015-10-01,2326.147
2,ACT skill level 1,ACT,1,2015-11-01,2219.15
2,ACT skill level 1,ACT,1,2015-12-01,2232.564
2,ACT skill level 1,ACT,1,2016-01-01,2316.522
2,ACT skill level 1,ACT,1,2016-02-01,2309.732
2,ACT skill level 1,ACT,1,2016-03-01,2257.449
2,ACT skill level 1,ACT,1,2016-04-01,2473.01
2,ACT skill level 1,ACT,1,2016-05-01,2663.993
2,ACT skill level 1,ACT,1,2016-06-01,2721.162
2,ACT skill level 1,ACT,1,2016-07-01,2392.974
2,ACT skill level 1,ACT,1,2016-08-01,2633.267
2,ACT skill level 1,ACT,1,2016-09-01,2451.853
2,ACT skill level 1,ACT,1,2016-10-01,2414.925
2,ACT skill level 1,ACT,1,2016-11-01,2422.479
2,ACT skill level 1,ACT,1,2016-12-01,2527.399
2,ACT skill level 1,ACT,1,2017-01-01,2429.577
2,ACT skill level 1,ACT,1,2017-02-01,2417.699
2,ACT skill level 1,ACT,1,2017-03-01,2503.107
2,ACT skill level 1,ACT,1,2017-04-01,2482.381
2,ACT skill level 1,ACT,1,2017-05-01,2567.108
2,ACT skill level 1,ACT,1,2017-06-01,2496.439
2,ACT skill level 1,ACT,1,2017-07-01,2599.4
2,ACT skill level 1,ACT,1,2017-08-01,2533.144
2,ACT skill level 1,ACT,1,2017-09-01,2609.189
2,ACT skill level 1,ACT,1,2017-10-01,2714.929
2,ACT skill level 1,ACT,1,2017-11-01,2792.766
2,ACT skill level 1,ACT,1,2017-12-01,2807.653
2,ACT skill level 1,ACT,1,2018-01-01,2545.68
2,ACT skill level 1,ACT,1,2018-02-01,2799.492
2,ACT skill level 1,ACT,1,2018-03-01,2677.717
2,ACT skill level 1,ACT,1,2018-04-01,2630.282
2,ACT skill level 1,ACT,1,2018-05-01,2470.968
2,ACT skill level 1,ACT,1,2018-06-01,2673.339
2,ACT skill level 1,ACT,1,2018-07-01,2719.565
2,ACT skill level 1,ACT,1,2018-08-01,2669.364
2,ACT skill level 1,ACT,1,2018-09-01,2672.012
2,ACT skill level 1,ACT,1,2018-10-01,2584.846
2,ACT skill level 1,ACT,1,2018-11-01,2943.734
2,ACT skill level 1,ACT,1,2018-12-01,2460.698
2,ACT skill level 1,ACT,1,2019-01-01,2769.401
2,ACT skill level 1,ACT,1,2019-02-01,2484.625
2,ACT skill level 1,ACT,1,2019-03-01,2665.865
2,ACT skill level 1,ACT,1,2019-04-01,2839.105
2,ACT skill level 1,ACT,1,2019-05-01,2856.362
2,ACT skill level 1,ACT,1,2019-06-01,2811.135
2,ACT skill level 1,ACT,1,2019-07-01,2920.07
2,ACT skill level 1,ACT,1,2019-08-01,2813.561
2,ACT skill level 1,ACT,1,2019-09-01,3192.933
2,ACT skill level 1,ACT,1,2019-10-01,2892.14
2,ACT skill level 1,ACT,1,2019-11-01,2826.888
2,ACT skill level 1,ACT,1,2019-12-01,3032.056
2,ACT skill level 1,ACT,1,2020-01-01,3050.554
2,ACT skill level 1,ACT,1,2020-02-01,2686.123
2,ACT skill level 1,ACT,1,2020-03-01,2418.129
2,ACT skill level 1,ACT,1,2020-04-01,1976.993
2,ACT skill level 1,ACT,1,2020-05-01,2449.886
2,ACT skill level 1,ACT,1,2020-06-01,2273.522
2,ACT skill level 1,ACT,1,2020-07-01,2425.269
2,ACT skill level 1,ACT,1,2020-08-01,2689.849
2,ACT skill level 1,ACT,1,2020-09-01,2791.982
2,ACT skill level 1,ACT,1,2020-10-01,2746.899
2,ACT skill level 1,ACT,1,2020-11-01,2934.836
2,ACT skill level 1,ACT,1,2020-12-01,3172.285
2,ACT skill level 1,ACT,1,2021-01-01,3161.754
2,ACT skill level 1,ACT,1,2021-02-01,3399.819
2,ACT skill level 1,ACT,1,2021-03-01,3332.238
2,ACT skill level 1,ACT,1,2021-04-01,3282.025
2,ACT skill level 1,ACT,1,2021-05-01,3204.606
2,ACT skill level 1,ACT,1,2021-06-01,3497.355
2,ACT skill level 1,ACT,1,2021-07-01,3543.539
2,ACT skill level 1,ACT,1,2021-08-01,3402.673
2,ACT skill level 1,ACT,1,2021-09-01,3328.577
2,ACT skill level 1,ACT,1,2021-10-01,3602.863
2,ACT skill level 1,ACT,1,2021-11-01,3687.681
2,ACT skill level 1,ACT,1,2021-12-01,3393.415
2,ACT skill level 1,ACT,1,2022-01-01,3590.387
2,ACT skill level 1,ACT,1,2022-02-01,3737.537
2,ACT skill level 1,ACT,1,2022-03-01,3863.658
2,ACT skill level 1,ACT,1,2022-04-01,3707.169
2,ACT skill level 1,ACT,1,2022-05-01,3612.044
2,ACT skill level 1,ACT,1,2022-06-01,3956.867
2,ACT skill level 1,ACT,1,2022-07-01,3732.937
2,ACT skill level 1,ACT,1,2022-08-01,3766.144
2,ACT skill level 1,ACT,1,2022-09-01,3726.852
2,ACT skill level 1,ACT,1,2022-10-01,4306.127
2,ACT skill level 1,ACT,1,2022-11-01,3843.48
2,ACT skill level 1,ACT,1,2022-12-01,3884.955
2,ACT skill level 1,ACT,1,2023-01-01,3881.878
2,ACT skill level 1,ACT,1,2023-02-01,3843.35
2,ACT skill level 1,ACT,1,2023-03-01,4033.159
2,ACT skill level 1,ACT,1,2023-04-01,4063.805
2,ACT skill level 1,ACT,1,2023-05-01,4211.933
2,ACT skill level 1,ACT,1,2023-06-01,3920.865
2,ACT skill level 1,ACT,1,2023-07-01,3948.095
2,ACT skill level 1,ACT,1,2023-08-01,4251.504
2,ACT skill level 1,ACT,1,2023-09-01,3722.977
2,ACT skill level 1,ACT,1,2023-10-01,3829.948
2,ACT skill level 1,ACT,1,2023-11-01,3497.06
2,ACT skill level 1,ACT,1,2023-12-01,3441.204
2,ACT skill level 1,ACT,1,2024-01-01,3350.622
2,ACT skill level 1,ACT,1,2024-02-01,3264.07
2,ACT skill level 1,ACT,1,2024-03-01,3290.597
2,ACT skill level 1,ACT,1,2024-04-01,3181.754
2,ACT skill level 1,ACT,1,2024-05-01,3177.105
2,ACT skill level 1,ACT,1,2024-06-01,3154.818
2,ACT skill level 1,ACT,1,2024-07-01,2754.549
2,ACT skill level 1,ACT,1,2024-08-01,3082.761
2,ACT skill level 1,ACT,1,2024-09-01,3106.044
2,ACT skill level 1,ACT,1,2024-10-01,2833.131
2,ACT skill level 1,ACT,1,2024-11-01,2871.507
2,ACT skill level 1,ACT,1,2024-12-01,2722.303
2,ACT skill level 1,ACT,1,2025-01-01,2664.138
2,ACT skill level 1,ACT,1,2025-02-01,2632.134
2,ACT skill level 1,ACT,1,2025-03-01,2371.566
2,ACT skill level 1,ACT,1,2025-04-01,2558.433
2,ACT skill level 1,ACT,1,2025-05-01,2422.044
2,ACT skill level 1,ACT,1,2025-06-01,2237.876
2,ACT skill level 1,ACT,1,2025-07-01,2287.638
2,ACT skill level 1,ACT,1,2025-08-01,2192.099
2,ACT skill level 1,ACT,1,2025-09-01,2347.823
2,ACT skill level 1,ACT,1,2025-10-01,2162.619
2,ACT skill level 1,ACT,1,2025-11-01,2170.756
2,ACT skill level 1,ACT,1,2025-12-01,2279.861
2,ACT skill level 1,ACT,1,2026-01-01,2386.499
2,ACT skill level 1,ACT,1,2026-02-01,2109.538
2,ACT skill level 1,ACT,1,2026-03-01,2217.714
2,ACT skill level 1,ACT,1,2026-04-01,2172.338
2,ACT skill level 1,ACT,1,2026-05-01,2107.927
2,ACT skill level 1,ACT,1,2026-06-01,2218.942
2,ACT skill level 1,ACT,1,2026-07-01,2156.673
2,ACT skill level 2,ACT,2,2006-01-01,404.673
2,ACT skill level 2,ACT,2,2006-02-01,409.103
2,ACT skill level 2,ACT,2,2006-03-01,430.459
2,ACT skill level 2,ACT,2,2006-04-01,418.441
2,ACT skill level 2,ACT,2,2006-05-01,426.238
2,ACT skill level 2,ACT,2,2006-06-01,542.512
2,ACT skill level 2,ACT,2,2006-07-01,467.504
2,ACT skill level 2,ACT,2,2006-08-01,447.574
2,ACT skill level 2,ACT,2,2006-09-01,447.769
2,ACT skill level 2,ACT,2,2006-10-01,525.253
2,ACT skill level 2,ACT,2,2006-11-01,551.19
2,ACT skill level 2,ACT,2,2006-12-01,476.637
2,ACT skill level 2,ACT,2,2007-01-01,523.161
2,ACT skill level 2,ACT,2,2007-02-01,555.695
2,ACT skill level 2,ACT,2,2007-03-01,603.087
2,ACT skill level 2,ACT,2,2007-04-01,569.466
2,ACT skill level 2,ACT,2,2007-05-01,637.749
2,ACT skill level 2,ACT,2,2007-06-01,597.872
2,ACT skill level 2,ACT,2,2007-07-01,565.011
2,ACT skill level 2,ACT,2,2007-08-01,579.837
2,ACT skill level 2,ACT,2,2007-09-01,572.008
2,ACT skill level 2,ACT,2,2007-10-01,532.032
2,ACT skill level 2,ACT,2,2007-11-01,527.901
2,ACT skill level 2,ACT,2,2007-12-01,627.373
2,ACT skill level 2,ACT,2,2008-01-01,696.652
2,ACT skill level 2,ACT,2,2008-02-01,564.66
2,ACT skill level 2,ACT,2,2008-03-01,581.956
2,ACT skill level 2,ACT,2,2008-04-01,603.21
2,ACT skill level 2,ACT,2,2008-05-01,635.762
2,ACT skill level 2,ACT,2,2008-06-01,862.12
2,ACT skill level 2,ACT,2,2008-07-01,765.907
2,ACT skill level 2,ACT,2,2008-08-01,860.281
2,ACT skill level 2,ACT,2,2008-09-01,830.465
2,ACT skill level 2,ACT,2,2008-10-01,801.506
2,ACT skill level 2,ACT,2,2008-11-01,773.636
2,ACT skill level 2,ACT,2,2008-12-01,726.028
2,ACT skill level 2,ACT,2,2009-01-01,581.053
2,ACT skill level 2,ACT,2,2009-02-01,633.314
2,ACT skill level 2,ACT,2,2009-03-01,545.339
2,ACT skill level 2,ACT,2,2009-04-01,617.47
2,ACT skill level 2,ACT,2,2009-05-01,555.494
2,ACT skill level 2,ACT,2,2009-06-01,406.8
2,ACT skill level 2,ACT,2,2009-07-01,519.616
2,ACT skill level 2,ACT,2,2009-08-01,503.802
2,ACT skill level 2,ACT,2,2009-09-01,572.127
2,ACT skill level 2,ACT,2,2009-10-01,619.426
2,ACT skill level 2,ACT,2,2009-11-01,518.499
2,ACT skill level 2,ACT,2,2009-12-01,459.303
2,ACT skill level 2,ACT,2,2010-01-01,590.734
2,ACT skill level 2,ACT,2,2010-02-01,637.228
2,ACT skill level 2,ACT,2,2010-03-01,604.011
2,ACT skill level 2,ACT,2,2010-04-01,575.705
2,ACT skill level 2,ACT,2,2010-05-01,626.885
2,ACT skill level 2,ACT,2,2010-06-01,715.53
2,ACT skill level 2,ACT,2,2010-07-01,689.146
2,ACT skill level 2,ACT,2,2010-08-01,654.027
2,ACT skill level 2,ACT,2,2010-09-01,666.524
2,ACT skill level 2,ACT,2,2010-10-01,722.157
2,ACT skill level 2,ACT,2,2010-11-01,835.162
2,ACT skill level 2,ACT,2,2010-12-01,754.426
2,ACT skill level 2,ACT,2,2011-01-01,838.226
2,ACT skill level 2,ACT,2,2011-02-01,852.321
2,ACT skill level 2,ACT,2,2011-03-01,853.338
2,ACT skill level 2,ACT,2,2011-04-01,865.144
2,ACT skill level 2,ACT,2,2011-05-01,785.91
2,ACT skill level 2,ACT,2,2011-06-01,724.098
2,ACT skill level 2,ACT,2,2011-07-01,726.887
2,ACT skill level 2,ACT,2,2011-08-01,725.895
2,ACT skill level 2,ACT,2,2011-09-01,640.057
2,ACT skill level 2,ACT,2,2011-10-01,674.767
2,ACT skill level 2,ACT,2,2011-11-01,662.628
2,ACT skill level 2,ACT,2,2011-12-01,719.485
2,ACT skill level 2,ACT,2,2012-01-01,657.125
2,ACT skill level 2,ACT,2,2012-02-01,627.759
2,ACT skill level 2,ACT,2,2012-03-01,655.475
2,ACT skill level 2,ACT,2,2012-04-01,653.378
2,ACT skill level 2,ACT,2,2012-05-01,606.809
2,ACT skill level 2,ACT,2,2012-06-01,532.85
2,ACT skill level 2,ACT,2,2012-07-01,473.39
2,ACT skill level 2,ACT,2,2012-08-01,526.206
2,ACT skill level 2,ACT,2,2012-09-01,526.948
2,ACT skill level 2,ACT,2,2012-10-01,498.236
2,ACT skill level 2,ACT,2,2012-11-01,501.955
2,ACT skill level 2,ACT,2,2012-12-01,491.08
2,ACT skill level 2,ACT,2,2013-01-01,494.92
2,ACT skill level 2,ACT,2,2013-02-01,480.581
2,ACT skill level 2,ACT,2,2013-03-01,521.111
2,ACT skill level 2,ACT,2,2013-04-01,457.729
2,ACT skill level 2,ACT,2,2013-05-01,466.335
2,ACT skill level 2,ACT,2,2013-06-01,447.697
2,ACT skill level 2,ACT,2,2013-07-01,457.636
2,ACT skill level 2,ACT,2,2013-08-01,454.072
2,ACT skill level 2,ACT,2,2013-09-01,445.815
2,ACT skill level 2,ACT,2,2013-10-01,419.034
2,ACT skill level 2,ACT,2,2013-11-01,346.405
2,ACT skill level 2,ACT,2,2013-12-01,431.553
2,ACT skill level 2,ACT,2,2014-01-01,425.174
2,ACT skill level 2,ACT,2,2014-02-01,419.989
2,ACT skill level 2,ACT,2,2014-03-01,408.665
2,ACT skill level 2,ACT,2,2014-04-01,375.169
2,ACT skill level 2,ACT,2,2014-05-01,391.127
2,ACT skill level 2,ACT,2,2014-06-01,480.328
2,ACT skill level 2,ACT,2,2014-07-01,538.161
2,ACT skill level 2,ACT,2,2014-08-01,461.906
2,ACT skill level 2,ACT,2,2014-09-01,472.924
2,ACT skill level 2,ACT,2,2014-10-01,490.582
2,ACT skill level 2,ACT,2,2014-11-01,482.24
2,ACT skill level 2,ACT,2,2014-12-01,437.015
2,ACT skill level 2,ACT,2,2015-01-01,473.612
2,ACT skill level 2,ACT,2,2015-02-01,518.684
2,ACT skill level 2,ACT,2,2015-03-01,571.03
2,ACT skill level 2,ACT,2,2015-04-01,589.847
2,ACT skill level 2,ACT,2,2015-05-01,609.711
2,ACT skill level 2,ACT,2,2015-06-01,554.463
2,ACT skill level 2,ACT,2,2015-07-01,601.455
2,ACT skill level 2,ACT,2,2015-08-01,613.246
2,ACT skill level 2,ACT,2,2015-09-01,629.672
2,ACT skill level 2,ACT,2,2015-10-01,671.371
2,ACT skill level 2,ACT,2,2015-11-01,784.684
2,ACT skill level 2,ACT,2,2015-12-01,688.822
2,ACT skill level 2,ACT,2,2016-01-01,711.25
2,ACT skill level 2,ACT,2,2016-02-01,627.314
2,ACT skill level 2,ACT,2,2016-03-01,646.427
2,ACT skill level 2,ACT,2,2016-04-01,753.81
2,ACT skill level 2,ACT,2,2016-05-01,726.143
2,ACT skill level 2,ACT,2,2016-06-01,708.613
2,ACT skill level 2,ACT,2,2016-07-01,651.544
2,ACT skill level 2,ACT,2,2016-08-01,659.742
2,ACT skill level 2,ACT,2,2016-09-01,716.805
2,ACT skill level 2,ACT,2,2016-10-01,654.948
2,ACT skill level 2,ACT,2,2016-11-01,666.44
2,ACT skill level 2,ACT,2,2016-12-01,668.453
2,ACT skill level 2,ACT,2,2017-01-01,635.557
2,ACT skill level 2,ACT,2,2017-02-01,645.277
2,ACT skill level 2,ACT,2,2017-03-01,638.736
2,ACT skill level 2,ACT,2,2017-04-01,642.345
2,ACT skill level 2,ACT,2,2017-05-01,683.033
2,ACT skill level 2,ACT,2,2017-06-01,711.663
2,ACT skill level 2,ACT,2,2017-07-01,626.424
2,ACT skill level 2,ACT,2,2017-08-01,724.225
2,ACT skill level 2,ACT,2,2017-09-01,684.293
2,ACT skill level 2,ACT,2,2017-10-01,703.521
2,ACT skill level 2,ACT,2,2017-11-01,671.135
2,ACT skill level 2,ACT,2,2017-12-01,591.913
2,ACT skill level 2,ACT,2,2018-01-01,680.8
2,ACT skill level 2,ACT,2,2018-02-01,687.009
2,ACT skill level 2,ACT,2,2018-03-01,676.552
2,ACT skill level 2,ACT,2,2018-04-01,627.445
2,ACT skill level 2,ACT,2,2018-05-01,653.155
2,ACT skill level 2,ACT,2,2018-06-01,676.249
2,ACT skill level 2,ACT,2,2018-07-01,698.738
2,ACT skill level 2,ACT,2,2018-08-01,648.754
2,ACT skill level 2,ACT,2,2018-09-01,633.993
2,ACT skill level 2,ACT,2,2018-10-01,628.758
2,ACT skill level 2,ACT,2,2018-11-01,584.201
2,ACT skill level 2,ACT,2,2018-12-01,640.966
2,ACT skill level 2,ACT,2,2019-01-01,644.712
2,ACT skill level 2,ACT,2,2019-02-01,668.953
2,ACT skill level 2,ACT,2,2019-03-01,686.882
2,ACT skill level 2,ACT,2,2019-04-01,715.483
2,ACT skill level 2,ACT,2,2019-05-01,683.433
2,ACT skill level 2,ACT,2,2019-06-01,680.594
2,ACT skill level 2,ACT,2,2019-07-01,753.471
2,ACT skill level 2,ACT,2,2019-08-01,713.324
2,ACT skill level 2,ACT,2,2019-09-01,733.969
2,ACT skill level 2,ACT,2,2019-10-01,748.866
2,ACT skill level 2,ACT,2,2019-11-01,723.898
2,ACT skill level 2,ACT,2,2019-12-01,702.364
2,ACT skill level 2,ACT,2,2020-01-01,769.042
2,ACT skill level 2,ACT,2,2020-02-01,659.654
2,ACT skill level 2,ACT,2,2020-03-01,459.227
2,ACT skill level 2,ACT,2,2020-04-01,299.91
2,ACT skill level 2,ACT,2,2020-05-01,415.678
2,ACT skill level 2,ACT,2,2020-06-01,427.185
2,ACT skill level 2,ACT,2,2020-07-01,443.938
2,ACT skill level 2,ACT,2,2020-08-01,556.859
2,ACT skill level 2,ACT,2,2020-09-01,545.302
2,ACT skill level 2,ACT,2,2020-10-01,566.337
2,ACT skill level 2,ACT,2,2020-11-01,657.135
2,ACT skill level 2,ACT,2,2020-12-01,663.224
2,ACT skill level 2,ACT,2,2021-01-01,674.333
2,ACT skill level 2,ACT,2,2021-02-01,694.837
2,ACT skill level 2,ACT,2,2021-03-01,823.665
2,ACT skill level 2,ACT,2,2021-04-01,782.109
2,ACT skill level 2,ACT,2,2021-05-01,800.284
2,ACT skill level 2,ACT,2,2021-06-01,788.998
2,ACT skill level 2,ACT,2,2021-07-01,796.842
2,ACT skill level 2,ACT,2,2021-08-01,649.694
2,ACT skill level 2,ACT,2,2021-09-01,624.499
2,ACT skill level 2,ACT,2,2021-10-01,717.415
2,ACT skill level 2,ACT,2,2021-11-01,851.931
2,ACT skill level 2,ACT,2,2021-12-01,753.003
2,ACT skill level 2,ACT,2,2022-01-01,853.361
2,ACT skill level 2,ACT,2,2022-02-01,889.819
2,ACT skill level 2,ACT,2,2022-03-01,955.082
2,ACT skill level 2,ACT,2,2022-04-01,964.887
2,ACT skill level 2,ACT,2,2022-05-01,955.523
2,ACT skill level 2,ACT,2,2022-06-01,981.416
2,ACT skill level 2,ACT,2,2022-07-01,904.054
2,ACT skill level 2,ACT,2,2022-08-01,896.777
2,ACT skill level 2,ACT,2,2022-09-01,864.566
2,ACT skill level 2,ACT,2,2022-10-01,901.834
2,ACT skill level 2,ACT,2,2022-11-01,838.488
2,ACT skill level 2,ACT,2,2022-12-01,901.756
2,ACT skill level 2,ACT,2,2023-01-01,920.931
2,ACT skill level 2,ACT,2,2023-02-01,882.165
2,ACT skill level 2,ACT,2,2023-03-01,858.291
2,ACT skill level 2,ACT,2,2023-04-01,837.732
2,ACT skill level 2,ACT,2,2023-05-01,846.493
2,ACT skill level 2,ACT,2,2023-06-01,887.083
2,ACT skill level 2,ACT,2,2023-07-01,904.77
2,ACT skill level 2,ACT,2,2023-08-01,887.151
2,ACT skill level 2,ACT,2,2023-09-01,857.671
2,ACT skill level 2,ACT,2,2023-10-01,880.751
2,ACT skill level 2,ACT,2,2023-11-01,839.079
2,ACT skill level 2,ACT,2,2023-12-01,800.969
2,ACT skill level 2,ACT,2,2024-01-01,786.01
2,ACT skill level 2,ACT,2,2024-02-01,807.335
2,ACT skill level 2,ACT,2,2024-03-01,790.082
2,ACT skill level 2,ACT,2,2024-04-01,786.454
2,ACT skill level 2,ACT,2,2024-05-01,773.337
2,ACT skill level 2,ACT,2,2024-06-01,747.298
2,ACT skill level 2,ACT,2,2024-07-01,677.525
2,ACT skill level 2,ACT,2,2024-08-01,731.577
2,ACT skill level 2,ACT,2,2024-09-01,756.925
2,ACT skill level 2,ACT,2,2024-10-01,824.39
2,ACT skill level 2,ACT,2,2024-11-01,741.183
2,ACT skill level 2,ACT,2,2024-12-01,650.686
2,ACT skill level 2,ACT,2,2025-01-01,677.752
2,ACT skill level 2,ACT,2,2025-02-01,644.761
2,ACT skill level 2,ACT,2,2025-03-01,613.869
2,ACT skill level 2,ACT,2,2025-04-01,640.865
2,ACT skill level 2,ACT,2,2025-05-01,640.984
2,ACT skill level 2,ACT,2,2025-06-01,575.428
2,ACT skill level 2,ACT,2,2025-07-01,585.007
2,ACT skill level 2,ACT,2,2025-08-01,586.848
2,ACT skill level 2,ACT,2,2025-09-01,577.17
2,ACT skill level 2,ACT,2,2025-10-01,519.522
2,ACT skill level 2,ACT,2,2025-11-01,493.809
2,ACT skill level 2,ACT,2,2025-12-01,606.537
2,ACT skill level 2,ACT,2,2026-01-01,511.301
2,ACT skill level 2,ACT,2,2026-02-01,545.201
2,ACT skill level 2,ACT,2,2026-03-01,520.103
2,ACT skill level 2,ACT,2,2026-04-01,495.491
2,ACT skill level 2,ACT,2,2026-05-01,509.809
2,ACT skill level 2,ACT,2,2026-06-01,502.498
2,ACT skill level 2,ACT,2,2026-07-01,497.315
2,ACT skill level 3,ACT,3,2006-01-01,196.628
2,ACT skill level 3,ACT,3,2006-02-01,198.503
2,ACT skill level 3,ACT,3,2006-03-01,214.707
2,ACT skill level 3,ACT,3,2006-04-01,218.335
2,ACT skill level 3,ACT,3,2006-05-01,226.098
2,ACT skill level 3,ACT,3,2006-06-01,283.339
2,ACT skill level 3,ACT,3,2006-07-01,210.841
2,ACT skill level 3,ACT,3,2006-08-01,229.222
2,ACT skill level 3,ACT,3,2006-09-01,239.104
2,ACT skill level 3,ACT,3,2006-10-01,230.541
2,ACT skill level 3,ACT,3,2006-11-01,241.963
2,ACT skill level 3,ACT,3,2006-12-01,246.093
2,ACT skill level 3,ACT,3,2007-01-01,272.053
2,ACT skill level 3,ACT,3,2007-02-01,295.224
2,ACT skill level 3,ACT,3,2007-03-01,302.738
2,ACT skill level 3,ACT,3,2007-04-01,286.806
2,ACT skill level 3,ACT,3,2007-05-01,297.197
2,ACT skill level 3,ACT,3,2007-06-01,317.324
2,ACT skill level 3,ACT,3,2007-07-01,336.314
2,ACT skill level 3,ACT,3,2007-08-01,332.142
2,ACT skill level 3,ACT,3,2007-09-01,322.274
2,ACT skill level 3,ACT,3,2007-10-01,363.727
2,ACT skill level 3,ACT,3,2007-11-01,322.429
2,ACT skill level 3,ACT,3,2007-12-01,331.572
2,ACT skill level 3,ACT,3,2008-01-01,355.352
2,ACT skill level 3,ACT,3,2008-02-01,272.544
2,ACT skill level 3,ACT,3,2008-03-01,345.592
2,ACT skill level 3,ACT,3,2008-04-01,357.131
2,ACT skill level 3,ACT,3,2008-05-01,346.413
2,ACT skill level 3,ACT,3,2008-06-01,459.977
2,ACT skill level 3,ACT,3,2008-07-01,395.971
2,ACT skill level 3,ACT,3,2008-08-01,360.384
2,ACT skill level 3,ACT,3,2008-09-01,354.867
2,ACT skill level 3,ACT,3,2008-10-01,362.026
2,ACT skill level 3,ACT,3,2008-11-01,406.185
2,ACT skill level 3,ACT,3,2008-12-01,369.734
2,ACT skill level 3,ACT,3,2009-01-01,319.62
2,ACT skill level 3,ACT,3,2009-02-01,336.725
2,ACT skill level 3,ACT,3,2009-03-01,305.966
2,ACT skill level 3,ACT,3,2009-04-01,323.29
2,ACT skill level 3,ACT,3,2009-05-01,331.654
2,ACT skill level 3,ACT,3,2009-06-01,222.639
2,ACT skill level 3,ACT,3,2009-07-01,314.899
2,ACT skill level 3,ACT,3,2009-08-01,356.718
2,ACT skill level 3,ACT,3,2009-09-01,324.286
2,ACT skill level 3,ACT,3,2009-10-01,297.804
2,ACT skill level 3,ACT,3,2009-11-01,314.691
2,ACT skill level 3,ACT,3,2009-12-01,327.332
2,ACT skill level 3,ACT,3,2010-01-01,351.258
2,ACT skill level 3,ACT,3,2010-02-01,368.43
2,ACT skill level 3,ACT,3,2010-03-01,362.987
2,ACT skill level 3,ACT,3,2010-04-01,360.799
2,ACT skill level 3,ACT,3,2010-05-01,380.714
2,ACT skill level 3,ACT,3,2010-06-01,434.3
2,ACT skill level 3,ACT,3,2010-07-01,367.434
2,ACT skill level 3,ACT,3,2010-08-01,409.651
2,ACT skill level 3,ACT,3,2010-09-01,407.502
2,ACT skill level 3,ACT,3,2010-10-01,444.586
2,ACT skill level 3,ACT,3,2010-11-01,459.652
2,ACT skill level 3,ACT,3,2010-12-01,427.747
2,ACT skill level 3,ACT,3,2011-01-01,460.562
2,ACT skill level 3,ACT,3,2011-02-01,427.173
2,ACT skill level 3,ACT,3,2011-03-01,471.716
2,ACT skill level 3,ACT,3,2011-04-01,457.717
2,ACT skill level 3,ACT,3,2011-05-01,435.221
2,ACT skill level 3,ACT,3,2011-06-01,377.8
2,ACT skill level 3,ACT,3,2011-07-01,403.153
2,ACT skill level 3,ACT,3,2011-08-01,428.778
2,ACT skill level 3,ACT,3,2011-09-01,430.941
2,ACT skill level 3,ACT,3,2011-10-01,403.394
2,ACT skill level 3,ACT,3,2011-11-01,428.548
2,ACT skill level 3,ACT,3,2011-12-01,443.214
2,ACT skill level 3,ACT,3,2012-01-01,350.836
2,ACT skill level 3,ACT,3,2012-02-01,405.898
2,ACT skill level 3,ACT,3,2012-03-01,381.582
2,ACT skill level 3,ACT,3,2012-04-01,390.43
2,ACT skill level 3,ACT,3,2012-05-01,394.057
2,ACT skill level 3,ACT,3,2012-06-01,341.091
2,ACT skill level 3,ACT,3,2012-07-01,382.867
2,ACT skill level 3,ACT,3,2012-08-01,377.498
2,ACT skill level 3,ACT,3,2012-09-01,431.452
2,ACT skill level 3,ACT,3,2012-10-01,362.31
2,ACT skill level 3,ACT,3,2012-11-01,345.93
2,ACT skill level 3,ACT,3,2012-12-01,344.133
2,ACT skill level 3,ACT,3,2013-01-01,325.478
2,ACT skill level 3,ACT,3,2013-02-01,300.943
2,ACT skill level 3,ACT,3,2013-03-01,401.26
2,ACT skill level 3,ACT,3,2013-04-01,321.866
2,ACT skill level 3,ACT,3,2013-05-01,331.343
2,ACT skill level 3,ACT,3,2013-06-01,375.449
2,ACT skill level 3,ACT,3,2013-07-01,361.033
2,ACT skill level 3,ACT,3,2013-08-01,342.818
2,ACT skill level 3,ACT,3,2013-09-01,316.846
2,ACT skill level 3,ACT,3,2013-10-01,284.788
2,ACT skill level 3,ACT,3,2013-11-01,315.494
2,ACT skill level 3,ACT,3,2013-12-01,327.579
2,ACT skill level 3,ACT,3,2014-01-01,324.487
2,ACT skill level 3,ACT,3,2014-02-01,328.075
2,ACT skill level 3,ACT,3,2014-03-01,326.969
2,ACT skill level 3,ACT,3,2014-04-01,341.614
2,ACT skill level 3,ACT,3,2014-05-01,332.603
2,ACT skill level 3,ACT,3,2014-06-01,330.63
2,ACT skill level 3,ACT,3,2014-07-01,320.779
2,ACT skill level 3,ACT,3,2014-08-01,306.846
2,ACT skill level 3,ACT,3,2014-09-01,321.677
2,ACT skill level 3,ACT,3,2014-10-01,317.368
2,ACT skill level 3,ACT,3,2014-11-01,313.975
2,ACT skill level 3,ACT,3,2014-12-01,304.286
2,ACT skill level 3,ACT,3,2015-01-01,321.776
2,ACT skill level 3,ACT,3,2015-02-01,315.353
2,ACT skill level 3,ACT,3,2015-03-01,337.017
2,ACT skill level 3,ACT,3,2015-04-01,345.131
2,ACT skill level 3,ACT,3,2015-05-01,342.244
2,ACT skill level 3,ACT,3,2015-06-01,346.637
2,ACT skill level 3,ACT,3,2015-07-01,336.248
2,ACT skill level 3,ACT,3,2015-08-01,370.256
2,ACT skill level 3,ACT,3,2015-09-01,389.691
2,ACT skill level 3,ACT,3,2015-10-01,408.899
2,ACT skill level 3,ACT,3,2015-11-01,379.091
2,ACT skill level 3,ACT,3,2015-12-01,449.478
2,ACT skill level 3,ACT,3,2016-01-01,443.284
2,ACT skill level 3,ACT,3,2016-02-01,466.219
2,ACT skill level 3,ACT,3,2016-03-01,487.002
2,ACT skill level 3,ACT,3,2016-04-01,488.069
2,ACT skill level 3,ACT,3,2016-05-01,503.172
2,ACT skill level 3,ACT,3,2016-06-01,547.97
2,ACT skill level 3,ACT,3,2016-07-01,498.579
2,ACT skill level 3,ACT,3,2016-08-01,509.637
2,ACT skill level 3,ACT,3,2016-09-01,513.574
2,ACT skill level 3,ACT,3,2016-10-01,526.467
2,ACT skill level 3,ACT,3,2016-11-01,455.754
2,ACT skill level 3,ACT,3,2016-12-01,468.484
2,ACT skill level 3,ACT,3,2017-01-01,529.109
2,ACT skill level 3,ACT,3,2017-02-01,504.565
2,ACT skill level 3,ACT,3,2017-03-01,490.49
2,ACT skill level 3,ACT,3,2017-04-01,501.513
2,ACT skill level 3,ACT,3,2017-05-01,507.92
2,ACT skill level 3,ACT,3,2017-06-01,529.218
2,ACT skill level 3,ACT,3,2017-07-01,541.306
2,ACT skill level 3,ACT,3,2017-08-01,521.007
2,ACT skill level 3,ACT,3,2017-09-01,558.627
2,ACT skill level 3,ACT,3,2017-10-01,541.693
2,ACT skill level 3,ACT,3,2017-11-01,528.749
2,ACT skill level 3,ACT,3,2017-12-01,501.689
2,ACT skill level 3,ACT,3,2018-01-01,508.709
2,ACT skill level 3,ACT,3,2018-02-01,549.13
2,ACT skill level 3,ACT,3,2018-03-01,534.919
2,ACT skill level 3,ACT,3,2018-04-01,511.063
2,ACT skill level 3,ACT,3,2018-05-01,524.369
2,ACT skill level 3,ACT,3,2018-06-01,496.295
2,ACT skill level 3,ACT,3,2018-07-01,528.887
2,ACT skill level 3,ACT,3,2018-08-01,560.713
2,ACT skill level 3,ACT,3,2018-09-01,511.076
2,ACT skill level 3,ACT,3,2018-10-01,522.577
2,ACT skill level 3,ACT,3,2018-11-01,546.408
2,ACT skill level 3,ACT,3,2018-12-01,570.778
2,ACT skill level 3,ACT,3,2019-01-01,581.723
2,ACT skill level 3,ACT,3,2019-02-01,545.971
2,ACT skill level 3,ACT,3,2019-03-01,547.093
2,ACT skill level 3,ACT,3,2019-04-01,614.512
2,ACT skill level 3,ACT,3,2019-05-01,589.668
2,ACT skill level 3,ACT,3,2019-06-01,584.647
2,ACT skill level 3,ACT,3,2019-07-01,592.187
2,ACT skill level 3,ACT,3,2019-08-01,550.494
2,ACT skill level 3,ACT,3,2019-09-01,589.641
2,ACT skill level 3,ACT,3,2019-10-01,590.71
2,ACT skill level 3,ACT,3,2019-11-01,572.443
2,ACT skill level 3,ACT,3,2019-12-01,542.544
2,ACT skill level 3,ACT,3,2020-01-01,572.746
2,ACT skill level 3,ACT,3,2020-02-01,525.608
2,ACT skill level 3,ACT,3,2020-03-01,404.83
2,ACT skill level 3,ACT,3,2020-04-01,222.66
2,ACT skill level 3,ACT,3,2020-05-01,380.732
2,ACT skill level 3,ACT,3,2020-06-01,453.009
2,ACT skill level 3,ACT,3,2020-07-01,532.867
2,ACT skill level 3,ACT,3,2020-08-01,531.318
2,ACT skill level 3,ACT,3,2020-09-01,523.931
2,ACT skill level 3,ACT,3,2020-10-01,523.458
2,ACT skill level 3,ACT,3,2020-11-01,564.484
2,ACT skill level 3,ACT,3,2020-12-01,557.379
2,ACT skill level 3,ACT,3,2021-01-01,574.325
2,ACT skill level 3,ACT,3,2021-02-01,659.072
2,ACT skill level 3,ACT,3,2021-03-01,719.036
2,ACT skill level 3,ACT,3,2021-04-01,680.882
2,ACT skill level 3,ACT,3,2021-05-01,724.699
2,ACT skill level 3,ACT,3,2021-06-01,678.079
2,ACT skill level 3,ACT,3,2021-07-01,655.884
2,ACT skill level 3,ACT,3,2021-08-01,493.716
2,ACT skill level 3,ACT,3,2021-09-01,590.048
2,ACT skill level 3,ACT,3,2021-10-01,667.722
2,ACT skill level 3,ACT,3,2021-11-01,744.039
2,ACT skill level 3,ACT,3,2021-12-01,787.761
2,ACT skill level 3,ACT,3,2022-01-01,768.528
2,ACT skill level 3,ACT,3,2022-02-01,790.468
2,ACT skill level 3,ACT,3,2022-03-01,900.723
2,ACT skill level 3,ACT,3,2022-04-01,767.328
2,ACT skill level 3,ACT,3,2022-05-01,813.991
2,ACT skill level 3,ACT,3,2022-06-01,819.368
2,ACT skill level 3,ACT,3,2022-07-01,817.728
2,ACT skill level 3,ACT,3,2022-08-01,783.913
2,ACT skill level 3,ACT,3,2022-09-01,801.567
2,ACT skill level 3,ACT,3,2022-10-01,802.49
2,ACT skill level 3,ACT,3,2022-11-01,744.598
2,ACT skill level 3,ACT,3,2022-12-01,800.949
2,ACT skill level 3,ACT,3,2023-01-01,777.322
2,ACT skill level 3,ACT,3,2023-02-01,816.461
2,ACT skill level 3,ACT,3,2023-03-01,814.936
2,ACT skill level 3,ACT,3,2023-04-01,785.762
2,ACT skill level 3,ACT,3,2023-05-01,729.85
2,ACT skill level 3,ACT,3,2023-06-01,774.317
2,ACT skill level 3,ACT,3,2023-07-01,735.956
2,ACT skill level 3,ACT,3,2023-08-01,766.58
2,ACT skill level 3,ACT,3,2023-09-01,736.812
2,ACT skill level 3,ACT,3,2023-10-01,765.733
2,ACT skill level 3,ACT,3,2023-11-01,717.22
2,ACT skill level 3,ACT,3,2023-12-01,685.313
2,ACT skill level 3,ACT,3,2024-01-01,727.326
2,ACT skill level 3,ACT,3,2024-02-01,672.519
2,ACT skill level 3,ACT,3,2024-03-01,646.036
2,ACT skill level 3,ACT,3,2024-04-01,702.356
2,ACT skill level 3,ACT,3,2024-05-01,686.363
2,ACT skill level 3,ACT,3,2024-06-01,622.32
2,ACT skill level 3,ACT,3,2024-07-01,568.017
2,ACT skill level 3,ACT,3,2024-08-01,637.36
2,ACT skill level 3,ACT,3,2024-09-01,633.987
2,ACT skill level 3,ACT,3,2024-10-01,577.333
2,ACT skill level 3,ACT,3,2024-11-01,566.828
2,ACT skill level 3,ACT,3,2024-12-01,558.552
2,ACT skill level 3,ACT,3,2025-01-01,557.283
2,ACT skill level 3,ACT,3,2025-02-01,513.855
2,ACT skill level 3,ACT,3,2025-03-01,463.589
2,ACT skill level 3,ACT,3,2025-04-01,520.557
2,ACT skill level 3,ACT,3,2025-05-01,518.979
2,ACT skill level 3,ACT,3,2025-06-01,501.749
2,ACT skill level 3,ACT,3,2025-07-01,487.964
2,ACT skill level 3,ACT,3,2025-08-01,465.131
2,ACT skill level 3,ACT,3,2025-09-01,491.726
2,ACT skill level 3,ACT,3,2025-10-01,465.861
2,ACT skill level 3,ACT,3,2025-11-01,480.37
2,ACT skill level 3,ACT,3,2025-12-01,476.881
2,ACT skill level 3,ACT,3,2026-01-01,484.881
2,ACT skill level 3,ACT,3,2026-02-01,412.39
2,ACT skill level 3,ACT,3,2026-03-01,496.923
2,ACT skill level 3,ACT,3,2026-04-01,464.023
2,ACT skill level 3,ACT,3,2026-05-01,463.928
2,ACT skill level 3,ACT,3,2026-06-01,470.166
2,ACT skill level 3,ACT,3,2026-07-01,523.298
2,ACT skill level 4,ACT,4,2006-01-01,631.096
2,ACT skill level 4,ACT,4,2006-02-01,641.649
2,ACT skill level 4,ACT,4,2006-03-01,677.15
2,ACT skill level 4,ACT,4,2006-04-01,658.641
2,ACT skill level 4,ACT,4,2006-05-01,684.092
2,ACT skill level 4,ACT,4,2006-06-01,682.335
2,ACT skill level 4,ACT,4,2006-07-01,675.769
2,ACT skill level 4,ACT,4,2006-08-01,696.112
2,ACT skill level 4,ACT,4,2006-09-01,755.421
2,ACT skill level 4,ACT,4,2006-10-01,785.536
2,ACT skill level 4,ACT,4,2006-11-01,808.88
2,ACT skill level 4,ACT,4,2006-12-01,834.626
2,ACT skill level 4,ACT,4,2007-01-01,825.089
2,ACT skill level 4,ACT,4,2007-02-01,879.627
2,ACT skill level 4,ACT,4,2007-03-01,817.295
2,ACT skill level 4,ACT,4,2007-04-01,926.166
2,ACT skill level 4,ACT,4,2007-05-01,946.631
2,ACT skill level 4,ACT,4,2007-06-01,931.066
2,ACT skill level 4,ACT,4,2007-07-01,1016.327
2,ACT skill level 4,ACT,4,2007-08-01,961.051
2,ACT skill level 4,ACT,4,2007-09-01,913.394
2,ACT skill level 4,ACT,4,2007-10-01,881.658
2,ACT skill level 4,ACT,4,2007-11-01,901.697
2,ACT skill level 4,ACT,4,2007-12-01,911.104
2,ACT skill level 4,ACT,4,2008-01-01,941.11
2,ACT skill level 4,ACT,4,2008-02-01,865.586
2,ACT skill level 4,ACT,4,2008-03-01,965.65
2,ACT skill level 4,ACT,4,2008-04-01,915.518
2,ACT skill level 4,ACT,4,2008-05-01,907.806
2,ACT skill level 4,ACT,4,2008-06-01,994.965
2,ACT skill level 4,ACT,4,2008-07-01,955.513
2,ACT skill level 4,ACT,4,2008-08-01,963.673
2,ACT skill level 4,ACT,4,2008-09-01,968.585
2,ACT skill level 4,ACT,4,2008-10-01,966.54
2,ACT skill level 4,ACT,4,2008-11-01,955.274
2,ACT skill level 4,ACT,4,2008-12-01,886.817
2,ACT skill level 4,ACT,4,2009-01-01,798.607
2,ACT skill level 4,ACT,4,2009-02-01,857.001
2,ACT skill level 4,ACT,4,2009-03-01,787.144
2,ACT skill level 4,ACT,4,2009-04-01,783.499
2,ACT skill level 4,ACT,4,2009-05-01,768.963
2,ACT skill level 4,ACT,4,2009-06-01,543.924
2,ACT skill level 4,ACT,4,2009-07-01,773.902
2,ACT skill level 4,ACT,4,2009-08-01,794.542
2,ACT skill level 4,ACT,4,2009-09-01,800.355
2,ACT skill level 4,ACT,4,2009-10-01,776.27
2,ACT skill level 4,ACT,4,2009-11-01,706.798
2,ACT skill level 4,ACT,4,2009-12-01,664.155
2,ACT skill level 4,ACT,4,2010-01-01,770.429
2,ACT skill level 4,ACT,4,2010-02-01,830.598
2,ACT skill level 4,ACT,4,2010-03-01,713.328
2,ACT skill level 4,ACT,4,2010-04-01,673.116
2,ACT skill level 4,ACT,4,2010-05-01,811.593
2,ACT skill level 4,ACT,4,2010-06-01,820.32
2,ACT skill level 4,ACT,4,2010-07-01,847.406
2,ACT skill level 4,ACT,4,2010-08-01,868.319
2,ACT skill level 4,ACT,4,2010-09-01,938.707
2,ACT skill level 4,ACT,4,2010-10-01,1056.642
2,ACT skill level 4,ACT,4,2010-11-01,1096.832
2,ACT skill level 4,ACT,4,2010-12-01,1215.598
2,ACT skill level 4,ACT,4,2011-01-01,1215.935
2,ACT skill level 4,ACT,4,2011-02-01,1197.095
2,ACT skill level 4,ACT,4,2011-03-01,1166.962
2,ACT skill level 4,ACT,4,2011-04-01,1138.623
2,ACT skill level 4,ACT,4,2011-05-01,1069.594
2,ACT skill level 4,ACT,4,2011-06-01,1021.823
2,ACT skill level 4,ACT,4,2011-07-01,958.151
2,ACT skill level 4,ACT,4,2011-08-01,951.957
2,ACT skill level 4,ACT,4,2011-09-01,907.445
2,ACT skill level 4,ACT,4,2011-10-01,890.615
2,ACT skill level 4,ACT,4,2011-11-01,964.845
2,ACT skill level 4,ACT,4,2011-12-01,914.91
2,ACT skill level 4,ACT,4,2012-01-01,880.518
2,ACT skill level 4,ACT,4,2012-02-01,934.788
2,ACT skill level 4,ACT,4,2012-03-01,913.026
2,ACT skill level 4,ACT,4,2012-04-01,858.665
2,ACT skill level 4,ACT,4,2012-05-01,840.888
2,ACT skill level 4,ACT,4,2012-06-01,827.589
2,ACT skill level 4,ACT,4,2012-07-01,778.882
2,ACT skill level 4,ACT,4,2012-08-01,793.714
2,ACT skill level 4,ACT,4,2012-09-01,887.645
2,ACT skill level 4,ACT,4,2012-10-01,700.026
2,ACT skill level 4,ACT,4,2012-11-01,674.081
2,ACT skill level 4,ACT,4,2012-12-01,668.864
2,ACT skill level 4,ACT,4,2013-01-01,663.782
2,ACT skill level 4,ACT,4,2013-02-01,611.362
2,ACT skill level 4,ACT,4,2013-03-01,663.479
2,ACT skill level 4,ACT,4,2013-04-01,649.465
2,ACT skill level 4,ACT,4,2013-05-01,638.321
2,ACT skill level 4,ACT,4,2013-06-01,634.566
2,ACT skill level 4,ACT,4,2013-07-01,650.847
2,ACT skill level 4,ACT,4,2013-08-01,602.588
2,ACT skill level 4,ACT,4,2013-09-01,608.995
2,ACT skill level 4,ACT,4,2013-10-01,665.275
2,ACT skill level 4,ACT,4,2013-11-01,525.817
2,ACT skill level 4,ACT,4,2013-12-01,599.326
2,ACT skill level 4,ACT,4,2014-01-01,608.621
2,ACT skill level 4,ACT,4,2014-02-01,614.058
2,ACT skill level 4,ACT,4,2014-03-01,611.681
2,ACT skill level 4,ACT,4,2014-04-01,630.448
2,ACT skill level 4,ACT,4,2014-05-01,663.294
2,ACT skill level 4,ACT,4,2014-06-01,636.275
2,ACT skill level 4,ACT,4,2014-07-01,672.999
2,ACT skill level 4,ACT,4,2014-08-01,720.793
2,ACT skill level 4,ACT,4,2014-09-01,688.774
2,ACT skill level 4,ACT,4,2014-10-01,781.275
2,ACT skill level 4,ACT,4,2014-11-01,734.763
2,ACT skill level 4,ACT,4,2014-12-01,620.928
2,ACT skill level 4,ACT,4,2015-01-01,759.569
2,ACT skill level 4,ACT,4,2015-02-01,726.849
2,ACT skill level 4,ACT,4,2015-03-01,797.838
2,ACT skill level 4,ACT,4,2015-04-01,897.603
2,ACT skill level 4,ACT,4,2015-05-01,826.508
2,ACT skill level 4,ACT,4,2015-06-01,882.378
2,ACT skill level 4,ACT,4,2015-07-01,901.788
2,ACT skill level 4,ACT,4,2015-08-01,877.395
2,ACT skill level 4,ACT,4,2015-09-01,888.339
2,ACT skill level 4,ACT,4,2015-10-01,863.646
2,ACT skill level 4,ACT,4,2015-11-01,903.602
2,ACT skill level 4,ACT,4,2015-12-01,866.193
2,ACT skill level 4,ACT,4,2016-01-01,848.906
2,ACT skill level 4,ACT,4,2016-02-01,945.804
2,ACT skill level 4,ACT,4,2016-03-01,903.823
2,ACT skill level 4,ACT,4,2016-04-01,939.837
2,ACT skill level 4,ACT,4,2016-05-01,988.286
2,ACT skill level 4,ACT,4,2016-06-01,1104.959
2,ACT skill level 4,ACT,4,2016-07-01,933.509
2,ACT skill level 4,ACT,4,2016-08-01,980.556
2,ACT skill level 4,ACT,4,2016-09-01,1017.259
2,ACT skill level 4,ACT,4,2016-10-01,1017.241
2,ACT skill level 4,ACT,4,2016-11-01,966.109
2,ACT skill level 4,ACT,4,2016-12-01,1010.272
2,ACT skill level 4,ACT,4,2017-01-01,1025.012
2,ACT skill level 4,ACT,4,2017-02-01,1019.349
2,ACT skill level 4,ACT,4,2017-03-01,993.118
2,ACT skill level 4,ACT,4,2017-04-01,1018.746
2,ACT skill level 4,ACT,4,2017-05-01,1144.349
2,ACT skill level 4,ACT,4,2017-06-01,993.951
2,ACT skill level 4,ACT,4,2017-07-01,1006.8
2,ACT skill level 4,ACT,4,2017-08-01,1033.172
2,ACT skill level 4,ACT,4,2017-09-01,1053.775
2,ACT skill level 4,ACT,4,2017-10-01,1086.971
2,ACT skill level 4,ACT,4,2017-11-01,1064.857
2,ACT skill level 4,ACT,4,2017-12-01,1105.082
2,ACT skill level 4,ACT,4,2018-01-01,1002.06
2,ACT skill level 4,ACT,4,2018-02-01,1114.831
2,ACT skill level 4,ACT,4,2018-03-01,1175.245
2,ACT skill level 4,ACT,4,2018-04-01,1107.608
2,ACT skill level 4,ACT,4,2018-05-01,1131.476
2,ACT skill level 4,ACT,4,2018-06-01,1152.363
2,ACT skill level 4,ACT,4,2018-07-01,1155.096
2,ACT skill level 4,ACT,4,2018-08-01,1127.703
2,ACT skill level 4,ACT,4,2018-09-01,1181.521
2,ACT skill level 4,ACT,4,2018-10-01,1136.378
2,ACT skill level 4,ACT,4,2018-11-01,1276.867
2,ACT skill level 4,ACT,4,2018-12-01,1074.547
2,ACT skill level 4,ACT,4,2019-01-01,1228.043
2,ACT skill level 4,ACT,4,2019-02-01,1214.511
2,ACT skill level 4,ACT,4,2019-03-01,1200.35
2,ACT skill level 4,ACT,4,2019-04-01,1305.953
2,ACT skill level 4,ACT,4,2019-05-01,1277.664
2,ACT skill level 4,ACT,4,2019-06-01,1304.758
2,ACT skill level 4,ACT,4,2019-07-01,1328.316
2,ACT skill level 4,ACT,4,2019-08-01,1334.254
2,ACT skill level 4,ACT,4,2019-09-01,1257.668
2,ACT skill level 4,ACT,4,2019-10-01,1221.431
2,ACT skill level 4,ACT,4,2019-11-01,1225.239
2,ACT skill level 4,ACT,4,2019-12-01,1237.182
2,ACT skill level 4,ACT,4,2020-01-01,1138.132
2,ACT skill level 4,ACT,4,2020-02-01,1150.59
2,ACT skill level 4,ACT,4,2020-03-01,935.621
2,ACT skill level 4,ACT,4,2020-04-01,564.544
2,ACT skill level 4,ACT,4,2020-05-01,774.849
2,ACT skill level 4,ACT,4,2020-06-01,846.751
2,ACT skill level 4,ACT,4,2020-07-01,980.62
2,ACT skill level 4,ACT,4,2020-08-01,990.71
2,ACT skill level 4,ACT,4,2020-09-01,1055.743
2,ACT skill level 4,ACT,4,2020-10-01,1179.875
2,ACT skill level 4,ACT,4,2020-11-01,1239.469
2,ACT skill level 4,ACT,4,2020-12-01,1282.603
2,ACT skill level 4,ACT,4,2021-01-01,1361.438
2,ACT skill level 4,ACT,4,2021-02-01,1413.131
2,ACT skill level 4,ACT,4,2021-03-01,1504.687
2,ACT skill level 4,ACT,4,2021-04-01,1516.956
2,ACT skill level 4,ACT,4,2021-05-01,1542.069
2,ACT skill level 4,ACT,4,2021-06-01,1525.981
2,ACT skill level 4,ACT,4,2021-07-01,1469.899
2,ACT skill level 4,ACT,4,2021-08-01,1237.208
2,ACT skill level 4,ACT,4,2021-09-01,1270.125
2,ACT skill level 4,ACT,4,2021-10-01,1502.307
2,ACT skill level 4,ACT,4,2021-11-01,1640.113
2,ACT skill level 4,ACT,4,2021-12-01,1580.908
2,ACT skill level 4,ACT,4,2022-01-01,1514.88
2,ACT skill level 4,ACT,4,2022-02-01,1700.432
2,ACT skill level 4,ACT,4,2022-03-01,1655.759
2,ACT skill level 4,ACT,4,2022-04-01,1777.758
2,ACT skill level 4,ACT,4,2022-05-01,1791.293
2,ACT skill level 4,ACT,4,2022-06-01,1821.069
2,ACT skill level 4,ACT,4,2022-07-01,1628.147
2,ACT skill level 4,ACT,4,2022-08-01,1693.274
2,ACT skill level 4,ACT,4,2022-09-01,1735.419
2,ACT skill level 4,ACT,4,2022-10-01,1743.757
2,ACT skill level 4,ACT,4,2022-11-01,1695.988
2,ACT skill level 4,ACT,4,2022-12-01,1717.773
2,ACT skill level 4,ACT,4,2023-01-01,1705.856
2,ACT skill level 4,ACT,4,2023-02-01,1660.149
2,ACT skill level 4,ACT,4,2023-03-01,1659.817
2,ACT skill level 4,ACT,4,2023-04-01,1562.231
2,ACT skill level 4,ACT,4,2023-05-01,1733.101
2,ACT skill level 4,ACT,4,2023-06-01,1733.003
2,ACT skill level 4,ACT,4,2023-07-01,1746.634
2,ACT skill level 4,ACT,4,2023-08-01,1701.629
2,ACT skill level 4,ACT,4,2023-09-01,1582.021
2,ACT skill level 4,ACT,4,2023-10-01,1555.276
2,ACT skill level 4,ACT,4,2023-11-01,1514.575
2,ACT skill level 4,ACT,4,2023-12-01,1399.283
2,ACT skill level 4,ACT,4,2024-01-01,1494.84
2,ACT skill level 4,ACT,4,2024-02-01,1386.916
2,ACT skill level 4,ACT,4,2024-03-01,1468.158
2,ACT skill level 4,ACT,4,2024-04-01,1475.138
2,ACT skill level 4,ACT,4,2024-05-01,1386.715
2,ACT skill level 4,ACT,4,2024-06-01,1284.839
2,ACT skill level 4,ACT,4,2024-07-01,1259.798
2,ACT skill level 4,ACT,4,2024-08-01,1300.539
2,ACT skill level 4,ACT,4,2024-09-01,1328.733
2,ACT skill level 4,ACT,4,2024-10-01,1240.684
2,ACT skill level 4,ACT,4,2024-11-01,1214.611
2,ACT skill level 4,ACT,4,2024-12-01,1125.933
2,ACT skill level 4,ACT,4,2025-01-01,1107.837
2,ACT skill level 4,ACT,4,2025-02-01,1079.297
2,ACT skill level 4,ACT,4,2025-03-01,1011.527
2,ACT skill level 4,ACT,4,2025-04-01,1016.465
2,ACT skill level 4,ACT,4,2025-05-01,931.404
2,ACT skill level 4,ACT,4,2025-06-01,952.526
2,ACT skill level 4,ACT,4,2025-07-01,986.808
2,ACT skill level 4,ACT,4,2025-08-01,932.379
2,ACT skill level 4,ACT,4,2025-09-01,1029.349
2,ACT skill level 4,ACT,4,2025-10-01,908.317
2,ACT skill level 4,ACT,4,2025-11-01,875.853
2,ACT skill level 4,ACT,4,2025-12-01,981.47
2,ACT skill level 4,ACT,4,2026-01-01,945.258
2,ACT skill level 4,ACT,4,2026-02-01,976.767
2,ACT skill level 4,ACT,4,2026-03-01,978.202
2,ACT skill level 4,ACT,4,2026-04-01,897.171
2,ACT skill level 4,ACT,4,2026-05-01,817.762
2,ACT skill level 4,ACT,4,2026-06-01,957.586
2,ACT skill level 4,ACT,4,2026-07-01,935.02
2,ACT skill level 5,ACT,5,2006-01-01,429.581
2,ACT skill level 5,ACT,5,2006-02-01,435.454
2,ACT skill level 5,ACT,5,2006-03-01,436.681
2,ACT skill level 5,ACT,5,2006-04-01,427.676
2,ACT skill level 5,ACT,5,2006-05-01,448.481
2,ACT skill level 5,ACT,5,2006-06-01,442.873
2,ACT skill level 5,ACT,5,2006-07-01,458.559
2,ACT skill level 5,ACT,5,2006-08-01,445.598
2,ACT skill level 5,ACT,5,2006-09-01,484.952
2,ACT skill level 5,ACT,5,2006-10-01,500.869
2,ACT skill level 5,ACT,5,2006-11-01,494.295
2,ACT skill level 5,ACT,5,2006-12-01,490.93
2,ACT skill level 5,ACT,5,2007-01-01,506.678
2,ACT skill level 5,ACT,5,2007-02-01,539.92
2,ACT skill level 5,ACT,5,2007-03-01,552.731
2,ACT skill level 5,ACT,5,2007-04-01,542.326
2,ACT skill level 5,ACT,5,2007-05-01,509.465
2,ACT skill level 5,ACT,5,2007-06-01,534.706
2,ACT skill level 5,ACT,5,2007-07-01,537.484
2,ACT skill level 5,ACT,5,2007-08-01,533.487
2,ACT skill level 5,ACT,5,2007-09-01,535.235
2,ACT skill level 5,ACT,5,2007-10-01,531.881
2,ACT skill level 5,ACT,5,2007-11-01,465.14
2,ACT skill level 5,ACT,5,2007-12-01,550.314
2,ACT skill level 5,ACT,5,2008-01-01,645.072
2,ACT skill level 5,ACT,5,2008-02-01,577.333
2,ACT skill level 5,ACT,5,2008-03-01,553.862
2,ACT skill level 5,ACT,5,2008-04-01,551.62
2,ACT skill level 5,ACT,5,2008-05-01,571.145
2,ACT skill level 5,ACT,5,2008-06-01,683.393
2,ACT skill level 5,ACT,5,2008-07-01,603.214
2,ACT skill level 5,ACT,5,2008-08-01,579.43
2,ACT skill level 5,ACT,5,2008-09-01,554.948
2,ACT skill level 5,ACT,5,2008-10-01,557.584
2,ACT skill level 5,ACT,5,2008-11-01,520.117
2,ACT skill level 5,ACT,5,2008-12-01,510.373
2,ACT skill level 5,ACT,5,2009-01-01,455.521
2,ACT skill level 5,ACT,5,2009-02-01,413.362
2,ACT skill level 5,ACT,5,2009-03-01,406.041
2,ACT skill level 5,ACT,5,2009-04-01,431.218
2,ACT skill level 5,ACT,5,2009-05-01,449.567
2,ACT skill level 5,ACT,5,2009-06-01,324.926
2,ACT skill level 5,ACT,5,2009-07-01,369.868
2,ACT skill level 5,ACT,5,2009-08-01,422.496
2,ACT skill level 5,ACT,5,2009-09-01,413.858
2,ACT skill level 5,ACT,5,2009-10-01,390.785
2,ACT skill level 5,ACT,5,2009-11-01,437.467
2,ACT skill level 5,ACT,5,2009-12-01,400.691
2,ACT skill level 5,ACT,5,2010-01-01,506.951
2,ACT skill level 5,ACT,5,2010-02-01,467.405
2,ACT skill level 5,ACT,5,2010-03-01,445.823
2,ACT skill level 5,ACT,5,2010-04-01,442.806
2,ACT skill level 5,ACT,5,2010-05-01,491.938
2,ACT skill level 5,ACT,5,2010-06-01,490.14
2,ACT skill level 5,ACT,5,2010-07-01,472.471
2,ACT skill level 5,ACT,5,2010-08-01,467.115
2,ACT skill level 5,ACT,5,2010-09-01,447.637
2,ACT skill level 5,ACT,5,2010-10-01,489.276
2,ACT skill level 5,ACT,5,2010-11-01,478.489
2,ACT skill level 5,ACT,5,2010-12-01,504.923
2,ACT skill level 5,ACT,5,2011-01-01,508.857
2,ACT skill level 5,ACT,5,2011-02-01,479.829
2,ACT skill level 5,ACT,5,2011-03-01,507.741
2,ACT skill level 5,ACT,5,2011-04-01,506.614
2,ACT skill level 5,ACT,5,2011-05-01,446.203
2,ACT skill level 5,ACT,5,2011-06-01,436.908
2,ACT skill level 5,ACT,5,2011-07-01,488.627
2,ACT skill level 5,ACT,5,2011-08-01,430.995
2,ACT skill level 5,ACT,5,2011-09-01,487.336
2,ACT skill level 5,ACT,5,2011-10-01,459.211
2,ACT skill level 5,ACT,5,2011-11-01,443.625
2,ACT skill level 5,ACT,5,2011-12-01,433.273
2,ACT skill level 5,ACT,5,2012-01-01,412.353
2,ACT skill level 5,ACT,5,2012-02-01,425.902
2,ACT skill level 5,ACT,5,2012-03-01,444.879
2,ACT skill level 5,ACT,5,2012-04-01,426.996
2,ACT skill level 5,ACT,5,2012-05-01,444.523
2,ACT skill level 5,ACT,5,2012-06-01,415.792
2,ACT skill level 5,ACT,5,2012-07-01,396.459
2,ACT skill level 5,ACT,5,2012-08-01,417.88
2,ACT skill level 5,ACT,5,2012-09-01,380.722
2,ACT skill level 5,ACT,5,2012-10-01,404.062
2,ACT skill level 5,ACT,5,2012-11-01,360.627
2,ACT skill level 5,ACT,5,2012-12-01,413.847
2,ACT skill level 5,ACT,5,2013-01-01,372.351
2,ACT skill level 5,ACT,5,2013-02-01,397.983
2,ACT skill level 5,ACT,5,2013-03-01,323.134
2,ACT skill level 5,ACT,5,2013-04-01,334.262
2,ACT skill level 5,ACT,5,2013-05-01,358.323
2,ACT skill level 5,ACT,5,2013-06-01,322.794
2,ACT skill level 5,ACT,5,2013-07-01,304.343
2,ACT skill level 5,ACT,5,2013-08-01,304.712
2,ACT skill level 5,ACT,5,2013-09-01,277.263
2,ACT skill level 5,ACT,5,2013-10-01,264.897
2,ACT skill level 5,ACT,5,2013-11-01,282.148
2,ACT skill level 5,ACT,5,2013-12-01,273.214
2,ACT skill level 5,ACT,5,2014-01-01,321.844
2,ACT skill level 5,ACT,5,2014-02-01,279.756
2,ACT skill level 5,ACT,5,2014-03-01,294.391
2,ACT skill level 5,ACT,5,2014-04-01,276.217
2,ACT skill level 5,ACT,5,2014-05-01,275.78
2,ACT skill level 5,ACT,5,2014-06-01,287.755
2,ACT skill level 5,ACT,5,2014-07-01,301.254
2,ACT skill level 5,ACT,5,2014-08-01,264.86
2,ACT skill level 5,ACT,5,2014-09-01,317.392
2,ACT skill level 5,ACT,5,2014-10-01,289.584
2,ACT skill level 5,ACT,5,2014-11-01,302.696
2,ACT skill level 5,ACT,5,2014-12-01,270.97
2,ACT skill level 5,ACT,5,2015-01-01,265.231
2,ACT skill level 5,ACT,5,2015-02-01,274.254
2,ACT skill level 5,ACT,5,2015-03-01,282.287
2,ACT skill level 5,ACT,5,2015-04-01,337.204
2,ACT skill level 5,ACT,5,2015-05-01,294.988
2,ACT skill level 5,ACT,5,2015-06-01,311.163
2,ACT skill level 5,ACT,5,2015-07-01,313.878
2,ACT skill level 5,ACT,5,2015-08-01,310.197
2,ACT skill level 5,ACT,5,2015-09-01,331.432
2,ACT skill level 5,ACT,5,2015-10-01,348.127
2,ACT skill level 5,ACT,5,2015-11-01,362.01
2,ACT skill level 5,ACT,5,2015-12-01,409.191
2,ACT skill level 5,ACT,5,2016-01-01,388.332
2,ACT skill level 5,ACT,5,2016-02-01,373.403
2,ACT skill level 5,ACT,5,2016-03-01,388.326
2,ACT skill level 5,ACT,5,2016-04-01,382.537
2,ACT skill level 5,ACT,5,2016-05-01,419.606
2,ACT skill level 5,ACT,5,2016-06-01,443.81
2,ACT skill level 5,ACT,5,2016-07-01,426.585
2,ACT skill level 5,ACT,5,2016-08-01,447.073
2,ACT skill level 5,ACT,5,2016-09-01,445.63
2,ACT skill level 5,ACT,5,2016-10-01,427.917
2,ACT skill level 5,ACT,5,2016-11-01,408.886
2,ACT skill level 5,ACT,5,2016-12-01,391.42
2,ACT skill level 5,ACT,5,2017-01-01,421.352
2,ACT skill level 5,ACT,5,2017-02-01,395.941
2,ACT skill level 5,ACT,5,2017-03-01,373.199
2,ACT skill level 5,ACT,5,2017-04-01,430.339
2,ACT skill level 5,ACT,5,2017-05-01,432.522
2,ACT skill level 5,ACT,5,2017-06-01,402.545
2,ACT skill level 5,ACT,5,2017-07-01,393.284
2,ACT skill level 5,ACT,5,2017-08-01,424.063
2,ACT skill level 5,ACT,5,2017-09-01,405.217
2,ACT skill level 5,ACT,5,2017-10-01,431.628
2,ACT skill level 5,ACT,5,2017-11-01,424.472
2,ACT skill level 5,ACT,5,2017-12-01,403.803
2,ACT skill level 5,ACT,5,2018-01-01,424.272
2,ACT skill level 5,ACT,5,2018-02-01,416.659
2,ACT skill level 5,ACT,5,2018-03-01,444.281
2,ACT skill level 5,ACT,5,2018-04-01,420.543
2,ACT skill level 5,ACT,5,2018-05-01,382.001
2,ACT skill level 5,ACT,5,2018-06-01,346.986
2,ACT skill level 5,ACT,5,2018-07-01,375.604
2,ACT skill level 5,ACT,5,2018-08-01,395.376
2,ACT skill level 5,ACT,5,2018-09-01,410.203
2,ACT skill level 5,ACT,5,2018-10-01,383.918
2,ACT skill level 5,ACT,5,2018-11-01,396.939
2,ACT skill level 5,ACT,5,2018-12-01,397.005
2,ACT skill level 5,ACT,5,2019-01-01,383.232
2,ACT skill level 5,ACT,5,2019-02-01,419.278
2,ACT skill level 5,ACT,5,2019-03-01,380.52
2,ACT skill level 5,ACT,5,2019-04-01,390.367
2,ACT skill level 5,ACT,5,2019-05-01,389.041
2,ACT skill level 5,ACT,5,2019-06-01,398.36
2,ACT skill level 5,ACT,5,2019-07-01,439.914
2,ACT skill level 5,ACT,5,2019-08-01,418.765
2,ACT skill level 5,ACT,5,2019-09-01,409.207
2,ACT skill level 5,ACT,5,2019-10-01,398.46
2,ACT skill level 5,ACT,5,2019-11-01,363.702
2,ACT skill level 5,ACT,5,2019-12-01,395.836
2,ACT skill level 5,ACT,5,2020-01-01,364.454
2,ACT skill level 5,ACT,5,2020-02-01,371.348
2,ACT skill level 5,ACT,5,2020-03-01,286.971
2,ACT skill level 5,ACT,5,2020-04-01,158.271
2,ACT skill level 5,ACT,5,2020-05-01,256.09
2,ACT skill level 5,ACT,5,2020-06-01,307.042
2,ACT skill level 5,ACT,5,2020-07-01,343.816
2,ACT skill level 5,ACT,5,2020-08-01,301.51
2,ACT skill level 5,ACT,5,2020-09-01,343.804
2,ACT skill level 5,ACT,5,2020-10-01,390.698
2,ACT skill level 5,ACT,5,2020-11-01,407.499
2,ACT skill level 5,ACT,5,2020-12-01,422.452
2,ACT skill level 5,ACT,5,2021-01-01,368.621
2,ACT skill level 5,ACT,5,2021-02-01,493.689
2,ACT skill level 5,ACT,5,2021-03-01,530.34
2,ACT skill level 5,ACT,5,2021-04-01,489.269
2,ACT skill level 5,ACT,5,2021-05-01,516.076
2,ACT skill level 5,ACT,5,2021-06-01,505.071
2,ACT skill level 5,ACT,5,2021-07-01,458.021
2,ACT skill level 5,ACT,5,2021-08-01,360.933
2,ACT skill level 5,ACT,5,2021-09-01,414.143
2,ACT skill level 5,ACT,5,2021-10-01,461.824
2,ACT skill level 5,ACT,5,2021-11-01,585.067
2,ACT skill level 5,ACT,5,2021-12-01,531.421
2,ACT skill level 5,ACT,5,2022-01-01,552.353
2,ACT skill level 5,ACT,5,2022-02-01,583.191
2,ACT skill level 5,ACT,5,2022-03-01,615.036
2,ACT skill level 5,ACT,5,2022-04-01,636.051
2,ACT skill level 5,ACT,5,2022-05-01,702.456
2,ACT skill level 5,ACT,5,2022-06-01,633.647
2,ACT skill level 5,ACT,5,2022-07-01,652.759
2,ACT skill level 5,ACT,5,2022-08-01,670.32
2,ACT skill level 5,ACT,5,2022-09-01,648.892
2,ACT skill level 5,ACT,5,2022-10-01,604.345
2,ACT skill level 5,ACT,5,2022-11-01,591.622
2,ACT skill level 5,ACT,5,2022-12-01,580.06
2,ACT skill level 5,ACT,5,2023-01-01,538.981
2,ACT skill level 5,ACT,5,2023-02-01,504.203
2,ACT skill level 5,ACT,5,2023-03-01,488.999
2,ACT skill level 5,ACT,5,2023-04-01,535.881
2,ACT skill level 5,ACT,5,2023-05-01,481.978
2,ACT skill level 5,ACT,5,2023-06-01,498.577
2,ACT skill level 5,ACT,5,2023-07-01,485.025
2,ACT skill level 5,ACT,5,2023-08-01,531.982
2,ACT skill level 5,ACT,5,2023-09-01,514.444
2,ACT skill level 5,ACT,5,2023-10-01,479.916
2,ACT skill level 5,ACT,5,2023-11-01,501.24
2,ACT skill level 5,ACT,5,2023-12-01,497.402
2,ACT skill level 5,ACT,5,2024-01-01,493.878
2,ACT skill level 5,ACT,5,2024-02-01,521.842
2,ACT skill level 5,ACT,5,2024-03-01,518.701
2,ACT skill level 5,ACT,5,2024-04-01,484.375
2,ACT skill level 5,ACT,5,2024-05-01,490.942
2,ACT skill level 5,ACT,5,2024-06-01,443.241
2,ACT skill level 5,ACT,5,2024-07-01,402.554
2,ACT skill level 5,ACT,5,2024-08-01,448.765
2,ACT skill level 5,ACT,5,2024-09-01,453.783
2,ACT skill level 5,ACT,5,2024-10-01,466.589
2,ACT skill level 5,ACT,5,2024-11-01,441.88
2,ACT skill level 5,ACT,5,2024-12-01,382.596
2,ACT skill level 5,ACT,5,2025-01-01,427.213
2,ACT skill level 5,ACT,5,2025-02-01,361.936
2,ACT skill level 5,ACT,5,2025-03-01,394.827
2,ACT skill level 5,ACT,5,2025-04-01,407.76
2,ACT skill level 5,ACT,5,2025-05-01,370.899
2,ACT skill level 5,ACT,5,2025-06-01,425.819
2,ACT skill level 5,ACT,5,2025-07-01,438.757
2,ACT skill level 5,ACT,5,2025-08-01,381.557
2,ACT skill level 5,ACT,5,2025-09-01,399.145
2,ACT skill level 5,ACT,5,2025-10-01,397.267
2,ACT skill level 5,ACT,5,2025-11-01,364.927
2,ACT skill level 5,ACT,5,2025-12-01,369.771
2,ACT skill level 5,ACT,5,2026-01-01,390.828
2,ACT skill level 5,ACT,5,2026-02-01,373.516
2,ACT skill level 5,ACT,5,2026-03-01,367.084
2,ACT skill level 5,ACT,5,2026-04-01,325.43
2,ACT skill level 5,ACT,5,2026-05-01,366.84
2,ACT skill level 5,ACT,5,2026-06-01,351.236
2,ACT skill level 5,ACT,5,2026-07-01,349.746
