data_reference_period,data_release_date,data_vintage,data_download_date,date,employed,unemployment_rate,participation_rate,youth_unemployment_rate,underemployment_rate,youth_underemployment_rate,underutilisation_rate,youth_underutilisation_rate,youth_unemployment_gap,youth_underemployment_gap,youth_underutilisation_gap,cal_underutilisation_rate,underutilisation_diff
July 2026,2026-08-20,2026-08-20,2026-08-27,1978-02-01,5997.4192066,6.6447269,61.2460106,13.6596732,2.5513211,3.0993088,9.196048,16.7589821,7.0149463,0.5479877000000002,7.562934100000001,9.196048000000001,-1.7763568394002505e-15
July 2026,2026-08-20,2026-08-20,2026-08-27,1978-03-01,6002.8727369,6.3029813,60.965875,12.7487724,2.4310101,3.1164553,8.7339914,15.8652277,6.4457911,0.6854452000000002,7.131236299999999,8.7339914,0
July 2026,2026-08-20,2026-08-20,2026-08-27,1978-04-01,6030.6723494,6.2674676,61.166652,12.4073315,2.589217,3.0520898,8.8566847,15.4594214,6.1398639,0.4628728,6.6027366999999995,8.8566846,1.0000000116860974e-7
July 2026,2026-08-20,2026-08-20,2026-08-27,1978-05-01,6033.0800599,6.2093954,61.0834729,12.2339286,2.6182057,3.1861182,8.8276012,15.420046899999999,6.0245332000000005,0.5679125000000003,6.592445699999999,8.827601099999999,1.0000000116860974e-7
July 2026,2026-08-20,2026-08-20,2026-08-27,1978-06-01,6033.8122639,6.3041057,61.078958,12.2820001,2.6642759,3.4318504,8.9683815,15.7138505,5.977894399999999,0.7675745000000003,6.745469,8.9683816,-1.0000000116860974e-7
July 2026,2026-08-20,2026-08-20,2026-08-27,1978-07-01,6030.4524421,6.2215349,60.9219755,12.4355484,2.7381358,3.5973107,8.9596707,16.0328591,6.2140135,0.8591749000000002,7.073188399999999,8.9596707,0
July 2026,2026-08-20,2026-08-20,2026-08-27,1978-08-01,6036.2727416,6.4900232,61.0684326,13.2308308,2.7226817,3.4363728,9.212705,16.6672036,6.740807599999999,0.7136911000000001,7.454498600000001,9.2127049,9.99999993922529e-8
July 2026,2026-08-20,2026-08-20,2026-08-27,1978-09-01,6030.8085534,6.2552759,60.7658992,12.5097658,2.6555401,3.0443634,8.9108159,15.5541292,6.2544899,0.38882329999999987,6.643313300000001,8.910816,-1.0000000116860974e-7
July 2026,2026-08-20,2026-08-20,2026-08-27,1978-10-01,6035.791786,6.1631844,60.6911194,12.5133819,2.6109478,3.2071851,8.7741323,15.720567,6.350197500000001,0.5962372999999999,6.946434700000001,8.7741322,9.99999993922529e-8
July 2026,2026-08-20,2026-08-20,2026-08-27,1978-11-01,6028.1104706,6.3312139,60.6388682,12.8676703,2.5212253,3.1950785,8.8524392,16.0627488,6.5364564000000005,0.6738532000000004,7.210309600000002,8.8524392,0
July 2026,2026-08-20,2026-08-20,2026-08-27,1978-12-01,6053.0774072,6.405487,60.8459735,13.3603831,2.4913079,3.3302916,8.8967948,16.6906747,6.9548961,0.8389837,7.7938798999999985,8.8967949,-9.99999993922529e-8
July 2026,2026-08-20,2026-08-20,2026-08-27,1979-01-01,6050.9340651,6.3720484,60.7185355,13.0452431,2.5577067000000002,3.2611013,8.9297551,16.3063443,6.673194700000001,0.7033945999999998,7.3765892,8.9297551,0
July 2026,2026-08-20,2026-08-20,2026-08-27,1979-02-01,6063.4268726,6.2572063,60.6728243,12.8331746,2.6408157,3.5296429,8.898022,16.3628174,6.5759682999999995,0.8888271999999997,7.464795400000002,8.898022000000001,-1.7763568394002505e-15
July 2026,2026-08-20,2026-08-20,2026-08-27,1979-03-01,6055.5309367,6.3032994,60.5148902,13.0458942,2.5186449,3.5205779,8.8219443,16.5664721,6.742594799999999,1.0019330000000002,7.744527799999998,8.8219443,0
July 2026,2026-08-20,2026-08-20,2026-08-27,1979-04-01,6064.5969895,6.4984068,60.6626397,13.2781979,2.8499419,3.7596723,9.3483488,17.0378702,6.779791100000001,0.9097303999999999,7.6895214,9.348348699999999,1.0000000116860974e-7
July 2026,2026-08-20,2026-08-20,2026-08-27,1979-05-01,6070.2183667,6.2036751,60.4467389,13.0450584,2.753499,3.478758,8.9571741,16.5238164,6.8413833,0.7252589999999999,7.566642300000002,8.9571741,0
July 2026,2026-08-20,2026-08-20,2026-08-27,1979-06-01,6099.3456114,6.2518244,60.666535,13.0164191,2.7431578,3.3741798,8.9949822,16.3905989,6.7645947,0.6310219999999997,7.3956167,8.9949822,0
July 2026,2026-08-20,2026-08-20,2026-08-27,1979-07-01,6097.4199826,6.2716385,60.5922014,13.0402432,2.7287108,3.4034866,9.0003493,16.4437298,6.768604700000001,0.6747757999999999,7.4433805,9.0003493,0
July 2026,2026-08-20,2026-08-20,2026-08-27,1979-08-01,6114.750743,6.1179889,60.584467,12.798787,2.6710565,3.3357867,8.7890454,16.1345737,6.6807981000000005,0.6647301999999997,7.345528300000002,8.789045400000001,-1.7763568394002505e-15
July 2026,2026-08-20,2026-08-20,2026-08-27,1979-09-01,6116.7648277,6.2321668,60.5865888,13.0010177,2.6785509,3.5154733,8.9107177,16.516491,6.7688509,0.8369224000000002,7.605773299999999,8.9107177,0
July 2026,2026-08-20,2026-08-20,2026-08-27,1979-10-01,6152.0599133,6.3836471,60.9539559,13.1881796,2.6802045,3.2392147,9.0638516,16.4273944,6.8045325,0.5590101999999999,7.363542800000001,9.0638516,0
July 2026,2026-08-20,2026-08-20,2026-08-27,1979-11-01,6180.3979576,6.0449868,60.921437,12.6774205,2.7961028,3.7992543,8.8410896,16.4766748,6.6324337,1.0031515,7.635585200000001,8.8410896,0
July 2026,2026-08-20,2026-08-20,2026-08-27,1979-12-01,6183.8795061,6.1201853,60.8998869,12.4982799,2.8865912,3.9765301,9.0067765,16.47481,6.3780946,1.0899389000000004,7.468033500000001,9.0067765,0
July 2026,2026-08-20,2026-08-20,2026-08-27,1980-01-01,6203.7444348,6.1470813,61.0401448,12.5011398,2.8758645,3.9606303,9.0229458,16.4617701,6.354058500000001,1.0847658,7.4388242999999985,9.0229458,0
July 2026,2026-08-20,2026-08-20,2026-08-27,1980-02-01,6221.7877006,5.9986783,61.035968,12.273591,2.8457424,3.8771204,8.8444207,16.1507114,6.2749127,1.0313780000000001,7.306290699999998,8.8444207,0
July 2026,2026-08-20,2026-08-20,2026-08-27,1980-03-01,6232.7922928,5.9367904,61.0087498,12.1798293,2.9192665,3.9267047,8.8560569,16.106534,6.2430389,1.0074382000000002,7.2504770999999995,8.856056899999999,1.7763568394002505e-15
July 2026,2026-08-20,2026-08-20,2026-08-27,1980-04-01,6246.5972097,6.1147685,61.1774436,12.7364963,2.858462,3.8488298,8.9732305,16.5853261,6.6217278,0.9903678,7.6120956,8.9732305,0
July 2026,2026-08-20,2026-08-20,2026-08-27,1980-05-01,6267.8962382,6.2459494,61.3794691,12.9386399,2.8279742,3.9511435,9.0739237,16.8897834,6.6926905,1.1231693000000003,7.815859699999999,9.0739236,9.99999993922529e-8
July 2026,2026-08-20,2026-08-20,2026-08-27,1980-06-01,6275.3631797,6.3234487,61.4037652,12.8972919,2.9229684,4.0827426000000004,9.2464171,16.9800345,6.573843200000001,1.1597742000000006,7.733617399999998,9.2464171,0
July 2026,2026-08-20,2026-08-20,2026-08-27,1980-07-01,6306.5763948,6.0739569,61.4641462,12.4732055,2.8763624,4.0625121,8.9503194,16.5357176,6.399248600000001,1.1861497,7.585398200000002,8.9503193,9.99999993922529e-8
July 2026,2026-08-20,2026-08-20,2026-08-27,1980-08-01,6315.5664592,6.177014,61.5257113,12.8039452,2.9833415,4.1730786,9.1603555,16.9770239,6.6269312,1.1897371000000003,7.816668399999999,9.1603555,0
July 2026,2026-08-20,2026-08-20,2026-08-27,1980-09-01,6317.6374448,6.1408691,61.4160995,12.465705,3.0088929,4.2803835,9.149762,16.7460885,6.3248359,1.2714906,7.596326499999998,9.149761999999999,1.7763568394002505e-15
July 2026,2026-08-20,2026-08-20,2026-08-27,1980-10-01,6306.9403589,6.0550643,61.1581208,12.4741391,2.9418512,4.1819113,8.9969154,16.6560504,6.419074800000001,1.2400601000000004,7.659135000000001,8.9969155,-9.99999993922529e-8
July 2026,2026-08-20,2026-08-20,2026-08-27,1980-11-01,6328.5448036,5.8503366,61.1237557,11.9932553,2.9054756,4.0804852,8.7558122,16.0737405,6.142918699999999,1.1750096,7.3179283,8.755812200000001,-1.7763568394002505e-15
July 2026,2026-08-20,2026-08-20,2026-08-27,1980-12-01,6351.3948993,6.0511051,61.3524494,12.2751599,2.7893353,4.0179306,8.8404404,16.2930904,6.2240548,1.2285952999999998,7.45265,8.8404404,0
July 2026,2026-08-20,2026-08-20,2026-08-27,1981-01-01,6357.329963,5.9158091,61.222474,12.0723605,2.8588928,3.9763587,8.7747019,16.0487193,6.156551400000001,1.1174659,7.274017399999998,8.7747019,0
July 2026,2026-08-20,2026-08-20,2026-08-27,1981-02-01,6372.7846104,5.6164686,61.0656142,11.4734154,2.8119275,3.9829906,8.4283961,15.456406,5.8569468,1.1710631,7.028009899999999,8.4283961,0
July 2026,2026-08-20,2026-08-20,2026-08-27,1981-03-01,6376.508171,5.746195,61.062034,11.2936035,2.8630022,3.9506639,8.6091972,15.2442674,5.5474084999999995,1.0876617,6.6350701999999995,8.6091972,0
July 2026,2026-08-20,2026-08-20,2026-08-27,1981-04-01,6404.0222551,5.5549154,61.1224306,11.0034723,2.7745789,3.7949089,8.3294943,14.7983813,5.448556900000001,1.02033,6.4688870000000005,8.3294943,0
July 2026,2026-08-20,2026-08-20,2026-08-27,1981-05-01,6405.0893645,5.5888605,61.0633604,10.9471325,2.7896563,3.9397483,8.3785168,14.8868808,5.358272,1.1500920000000003,6.508364,8.3785168,0
July 2026,2026-08-20,2026-08-20,2026-08-27,1981-06-01,6420.8051677,5.37447,60.9769537,10.3895708,2.6573606,3.6983606,8.0318306,14.0879315,5.0151008,1.041,6.056100900000001,8.0318306,0
July 2026,2026-08-20,2026-08-20,2026-08-27,1981-07-01,6418.4461513,5.8239166000000004,61.1424021,11.6833508,2.9028277,3.8601809,8.7267444,15.5435317,5.859434199999999,0.9573532,6.816787300000001,8.7267443,9.99999993922529e-8
July 2026,2026-08-20,2026-08-20,2026-08-27,1981-08-01,6434.4392437,5.8460903,61.2061391,11.3211261,2.7038286,3.7678159,8.5499189,15.088942,5.475035800000001,1.0639873,6.5390231,8.5499189,0
July 2026,2026-08-20,2026-08-20,2026-08-27,1981-09-01,6459.2186305,5.8119663,61.3165968,11.3492668,2.7132309,4.1388296,8.5251972,15.4880964,5.537300500000001,1.4255987,6.962899200000001,8.525197200000001,-1.7763568394002505e-15
July 2026,2026-08-20,2026-08-20,2026-08-27,1981-10-01,6429.8119866,5.8724536,60.9656239,11.3928595,2.7841659,3.9214487,8.6566195,15.3143082,5.5204059,1.1372828,6.6576887,8.6566195,0
July 2026,2026-08-20,2026-08-20,2026-08-27,1981-11-01,6416.8607921,5.9951989,60.8119791,11.7032382,2.815669,4.217788,8.8108679,15.9210262,5.708039299999999,1.4021189999999994,7.1101583,8.8108679,0
July 2026,2026-08-20,2026-08-20,2026-08-27,1981-12-01,6430.0327691,6.0269481,60.84709,11.8860449,2.9136589,4.2138633,8.940607,16.0999082,5.8590968,1.3002043999999997,7.159301200000002,8.940607,0
July 2026,2026-08-20,2026-08-20,2026-08-27,1982-01-01,6469.077575,5.9813254,61.074207,11.8511035,2.9712729,4.2420952,8.9525983,16.0931988,5.8697781000000004,1.2708222999999994,7.1406005,8.9525983,0
July 2026,2026-08-20,2026-08-20,2026-08-27,1982-02-01,6450.3405815,6.3083157,61.0008948,12.4940999,2.8657039,4.0411208,9.1740197,16.5352207,6.1857842000000005,1.1754168999999997,7.361200999999999,9.1740196,1.0000000116860974e-7
July 2026,2026-08-20,2026-08-20,2026-08-27,1982-03-01,6443.103355,6.3230905,60.8307187,12.4095845,2.944344,4.3035266,9.2674345,16.7131111,6.086493999999999,1.3591825999999996,7.445676599999999,9.2674345,0
July 2026,2026-08-20,2026-08-20,2026-08-27,1982-04-01,6455.7256237,6.333381,60.8532877,12.4537807,3.0310597,4.2553792,9.3644407,16.7091599,6.120399699999999,1.2243195,7.3447192,9.3644407,0
July 2026,2026-08-20,2026-08-20,2026-08-27,1982-05-01,6432.7800963,6.5928613,60.7064196,13.3265493,3.1657053,4.516193,9.7585666,17.8427423,6.733688,1.3504877000000004,8.084175700000001,9.7585666,0
July 2026,2026-08-20,2026-08-20,2026-08-27,1982-06-01,6420.7807134,6.7670099,60.607612,13.4334582,3.108426,4.2108955,9.8754359,17.6443537,6.666448300000001,1.1024695000000002,7.7689178000000005,9.8754359,0
July 2026,2026-08-20,2026-08-20,2026-08-27,1982-07-01,6419.9060042,6.8786451,60.5783534,13.3947602,3.2409827,4.3652996,10.1196278,17.7600598,6.5161151,1.1243169000000002,7.6404320000000006,10.1196278,0
July 2026,2026-08-20,2026-08-20,2026-08-27,1982-08-01,6416.401113,7.0113503,60.538214,13.4972658,3.4325055,4.4177056,10.4438558,17.9149713,6.485915499999999,0.9852000999999997,7.471115500000002,10.4438558,0
July 2026,2026-08-20,2026-08-20,2026-08-27,1982-09-01,6400.7258049,7.4293953,60.5682384,14.069014,3.4202045,4.645523,10.8495998,18.7145371,6.639618699999999,1.2253184999999998,7.864937300000001,10.8495998,0
July 2026,2026-08-20,2026-08-20,2026-08-27,1982-10-01,6402.8744933,8.295027,61.0831826,15.5718134,3.8842829,5.1260884,12.1793099,20.6979018,7.276786400000001,1.2418055000000003,8.5185919,12.1793099,0
July 2026,2026-08-20,2026-08-20,2026-08-27,1982-11-01,6345.6332451,8.6796641,60.7189789,16.3155647,4.0920251,5.1037299,12.7716892,21.4192947,7.635900599999999,1.0117048000000004,8.647605499999997,12.7716892,0
July 2026,2026-08-20,2026-08-20,2026-08-27,1982-12-01,6295.5562411,9.4018968,60.6409947,17.3592219,3.9487367,5.2383639,13.3506334,22.5975858,7.957325100000002,1.2896272000000004,9.246952400000001,13.350633499999999,-9.99999993922529e-8
July 2026,2026-08-20,2026-08-20,2026-08-27,1983-01-01,6296.5685293,9.2973992,60.4760042,17.5688549,3.7821748,4.9772521,13.0795741,22.5461069,8.271455700000002,1.1950773000000003,9.466532800000001,13.079574,1.0000000116860974e-7
July 2026,2026-08-20,2026-08-20,2026-08-27,1983-02-01,6289.3555985,9.6584799,60.5471433,18.2706419,3.8830285,5.1855123,13.5415083,23.4561542,8.612162000000001,1.3024838,9.9146459,13.5415084,-9.99999993922529e-8
July 2026,2026-08-20,2026-08-20,2026-08-27,1983-03-01,6255.7058791,9.9517442,60.3156651,18.5338422,4.0482088,5.5148914,13.999953,24.0487336,8.582097999999998,1.4666825999999995,10.048780599999999,13.999953000000001,-1.7763568394002505e-15
July 2026,2026-08-20,2026-08-20,2026-08-27,1983-04-01,6232.9035281,10.152077,60.1347328,18.4413233,3.7980624,5.3837741,13.9501394,23.8250974,8.2892463,1.5857117,9.874958000000001,13.950139400000001,-1.7763568394002505e-15
July 2026,2026-08-20,2026-08-20,2026-08-27,1983-05-01,6263.8028564,10.3232723,60.4519775,18.9675474,4.1532297,5.7417512,14.476502,24.7092986,8.644275100000002,1.5885215000000006,10.2327966,14.476502,0
July 2026,2026-08-20,2026-08-20,2026-08-27,1983-06-01,6271.1585144,10.2041314,60.3475566,18.4798249,4.1027257,6.1350387,14.3068571,24.6148635,8.275693500000001,2.0323130000000003,10.308006399999998,14.306857099999998,1.7763568394002505e-15
July 2026,2026-08-20,2026-08-20,2026-08-27,1983-07-01,6276.6391209,10.5251574,60.5293875,19.1084787,3.9440843,5.8810225,14.4692416,24.9895012,8.5833213,1.9369382000000002,10.5202596,14.4692417,-9.99999993922529e-8
July 2026,2026-08-20,2026-08-20,2026-08-27,1983-08-01,6283.0127332,10.2187241,60.2963614,18.7030763,3.9146995,5.6784063,14.1334236,24.3814826,8.4843522,1.7637067999999996,10.248058999999998,14.1334236,0
July 2026,2026-08-20,2026-08-20,2026-08-27,1983-09-01,6316.7157385,10.3379732,60.6119262,18.8118082,3.8477078,5.1857749,14.185681,23.9975831,8.473835000000001,1.3380671000000004,9.8119021,14.185681,0
July 2026,2026-08-20,2026-08-20,2026-08-27,1983-10-01,6317.2661523,10.0081967,60.3166324,17.805546,3.6546359,5.2132237,13.6628325,23.0187697,7.7973493000000005,1.5585878000000002,9.3559372,13.6628326,-9.99999993922529e-8
July 2026,2026-08-20,2026-08-20,2026-08-27,1983-11-01,6354.2024296,9.6545668,60.3546437,18.1266794,3.6334706,4.6730502,13.2880374,22.7997296,8.4721126,1.0395795999999997,9.511692199999999,13.2880374,0
July 2026,2026-08-20,2026-08-20,2026-08-27,1983-12-01,6378.9664108,9.4572278,60.3804151,17.2287441,3.3960094,4.6708633,12.8532371,21.8996074,7.7715163,1.2748538999999997,9.046370300000001,12.8532372,-1.0000000116860974e-7
July 2026,2026-08-20,2026-08-20,2026-08-27,1984-01-01,6379.9887008,9.4949183,60.309115,17.1662612,3.5898066,5.1073132,13.0847249,22.2735744,7.671342900000001,1.5175066,9.188849500000002,13.084724900000001,-1.7763568394002505e-15
July 2026,2026-08-20,2026-08-20,2026-08-27,1984-02-01,6392.0412647,9.3854746,60.2608782,17.452315,3.5534271,5.1676608,12.9389017,22.6199758,8.066840399999998,1.6142337000000002,9.681074099999998,12.9389017,0
July 2026,2026-08-20,2026-08-20,2026-08-27,1984-03-01,6447.5886115,9.2084289,60.5763087,17.0578179,3.5751681,5.0598735,12.783597,22.117691399999998,7.849389,1.4847054000000002,9.334094399999998,12.783597,0
July 2026,2026-08-20,2026-08-20,2026-08-27,1984-04-01,6454.1241344,9.3699447,60.657385,17.4351803,3.6728714,5.273561,13.0428161,22.7087413,8.0652356,1.6006896,9.6659252,13.0428161,0
July 2026,2026-08-20,2026-08-20,2026-08-27,1984-05-01,6479.4986251,8.9366561,60.5178702,16.6869274,3.5913616,5.4726605,12.5280177,22.159588,7.750271299999998,1.8812989,9.6315703,12.5280177,0
July 2026,2026-08-20,2026-08-20,2026-08-27,1984-06-01,6501.6065645,9.0963101,60.7424153,17.1113959,3.5063978,5.5359013,12.6027079,22.6472972,8.015085800000001,2.0295035,10.0445893,12.6027079,0
July 2026,2026-08-20,2026-08-20,2026-08-27,1984-07-01,6510.5133128,8.9218412,60.621067,16.634165,3.5762987,5.2857054,12.4981399,21.9198704,7.7123238,1.7094067000000002,9.4217305,12.4981399,0
July 2026,2026-08-20,2026-08-20,2026-08-27,1984-08-01,6508.0065614,8.82812,60.4476757,16.5884222,3.4515875,4.9364336,12.2797074,21.5248559,7.7603022,1.4848461,9.245148499999999,12.2797075,-1.0000000116860974e-7
July 2026,2026-08-20,2026-08-20,2026-08-27,1984-09-01,6537.9547766,8.7348058,60.5758353,16.1037451,3.5356441,5.2060662,12.2704499,21.3098113,7.368939300000001,1.6704221000000006,9.0393614,12.2704499,0
July 2026,2026-08-20,2026-08-20,2026-08-27,1984-10-01,6534.7158706,8.6956127,60.4263644,16.2296141,3.5578898,5.2755357,12.2535024,21.5051498,7.534001399999999,1.7176459,9.251647400000001,12.2535025,-9.99999993922529e-8
July 2026,2026-08-20,2026-08-20,2026-08-27,1984-11-01,6549.9883465,8.6795668,60.4636696,17.0071799,3.4606817,5.1257841,12.1402485,22.132964,8.3276131,1.6651023999999999,9.992715500000001,12.1402485,0
July 2026,2026-08-20,2026-08-20,2026-08-27,1984-12-01,6553.7518533,8.5193945,60.2987301,15.7807543,3.238164,4.5062794,11.7575585,20.2870337,7.261359799999999,1.2681154000000006,8.529475199999998,11.7575585,0
July 2026,2026-08-20,2026-08-20,2026-08-27,1985-01-01,6561.3943432,8.5525818,60.290283,15.7892176,3.4543406,4.77711,12.0069224,20.5663276,7.2366358,1.3227694000000003,8.5594052,12.0069224,0
July 2026,2026-08-20,2026-08-20,2026-08-27,1985-02-01,6626.122708,8.3889749,60.6752823,15.7822747,3.5404817,4.6564729,11.9294566,20.4387476,7.393299800000001,1.1159911999999998,8.509291,11.929456599999998,1.7763568394002505e-15
July 2026,2026-08-20,2026-08-20,2026-08-27,1985-03-01,6600.9219747,8.6655086,60.5258915,16.3427733,3.2898907,4.6741315,11.9553993,21.0169048,7.6772647,1.3842407999999997,9.061505499999999,11.9553993,0
July 2026,2026-08-20,2026-08-20,2026-08-27,1985-04-01,6611.1988169,8.4013875,60.3570513,15.2964882,3.3040764,4.6364991,11.7054639,19.9329873,6.8951007,1.3324227,8.2275234,11.7054639,0
July 2026,2026-08-20,2026-08-20,2026-08-27,1985-05-01,6646.1849514,8.375981,60.571399,15.1671054,3.1394346,4.1357397,11.5154156,19.3028451,6.791124400000001,0.9963051000000003,7.787429499999998,11.515415599999999,1.7763568394002505e-15
July 2026,2026-08-20,2026-08-20,2026-08-27,1985-06-01,6660.1536163,8.5714212,60.7392317,15.3486432,3.1281473,4.2112616,11.6995685,19.5599049,6.777222,1.0831143,7.8603364,11.6995685,0
July 2026,2026-08-20,2026-08-20,2026-08-27,1985-07-01,6685.3477657,8.3106602,60.6988496,15.1471379,3.2339911,4.6101425,11.5446513,19.7572804,6.836477700000001,1.3761514000000004,8.2126291,11.544651299999998,1.7763568394002505e-15
July 2026,2026-08-20,2026-08-20,2026-08-27,1985-08-01,6727.421256,8.1551242,60.8807998,14.8118611,3.2710717,4.7560652,11.4261959,19.5679263,6.6567369,1.4849935000000003,8.1417304,11.4261959,0
July 2026,2026-08-20,2026-08-20,2026-08-27,1985-09-01,6771.7097412,8.0573062,61.1187212,14.6835086,3.1773568,4.5358044,11.234663,19.219313,6.6262024,1.3584475999999999,7.98465,11.234663,0
July 2026,2026-08-20,2026-08-20,2026-08-27,1985-10-01,6756.1980251,7.8488099,60.7260523,14.1942187,3.3112226,4.8676643,11.1600326,19.061883,6.3454088,1.5564417000000006,7.9018504000000025,11.1600325,9.99999993922529e-8
July 2026,2026-08-20,2026-08-20,2026-08-27,1985-11-01,6855.2371542,7.9506305,61.5683225,14.5868423,3.2646514,4.8623383,11.2152818,19.4491807,6.636211800000001,1.5976869000000002,8.2338989,11.2152819,-1.0000000116860974e-7
July 2026,2026-08-20,2026-08-20,2026-08-27,1985-12-01,6822.6343131,7.7847716,61.0495679,14.3969533,3.1141018,4.5730094,10.8988734,18.9699626,6.6121817,1.4589076000000003,8.0710892,10.8988734,0
July 2026,2026-08-20,2026-08-20,2026-08-27,1986-01-01,6869.276143,7.8065265,61.366991,14.8937546,3.2527096,4.7573031,11.0592361,19.6510577,7.087228099999999,1.5045934999999995,8.5918216,11.0592361,0
July 2026,2026-08-20,2026-08-20,2026-08-27,1986-02-01,6892.1715898,8.0021056,61.5879745,14.6972934,3.4155735,4.813444,11.417679,19.5107374,6.695187799999999,1.3978704999999998,8.0930584,11.4176791,-1.0000000116860974e-7
July 2026,2026-08-20,2026-08-20,2026-08-27,1986-03-01,6902.5566376,7.9265545,61.5149834,14.7475375,3.4312606,4.8515356,11.3578151,19.5990731,6.820983,1.4202750000000002,8.241257999999998,11.3578151,0
July 2026,2026-08-20,2026-08-20,2026-08-27,1986-04-01,6971.3982502,7.9001823,62.0044034,14.9984359,3.7014119,5.3833608,11.6015942,20.3817967,7.0982536000000005,1.6819489,8.7802025,11.601594200000001,-1.7763568394002505e-15
July 2026,2026-08-20,2026-08-20,2026-08-27,1986-05-01,6965.0216785,7.8467082,61.8062703,14.4436123,3.5595143,5.2542035,11.4062225,19.6978157,6.5969041,1.6946892,8.2915932,11.4062225,0
July 2026,2026-08-20,2026-08-20,2026-08-27,1986-06-01,7005.4021073,7.6528111,61.9277361,14.2308756,3.7387729,5.4313264,11.391584,19.6622019,6.578064499999999,1.6925534999999998,8.2706179,11.391584,0
July 2026,2026-08-20,2026-08-20,2026-08-27,1986-07-01,6987.5943854,8.105261,61.9676727,15.2761816,3.678812,5.3351795,11.784073,20.6113611,7.170920599999999,1.6563674999999995,8.8272881,11.784073000000001,-1.7763568394002505e-15
July 2026,2026-08-20,2026-08-20,2026-08-27,1986-08-01,6969.2096267,8.2388046,61.7886679,15.0384292,3.6547022,4.9958136,11.8935068,20.0342429,6.7996246,1.3411114,8.140736099999998,11.8935068,0
July 2026,2026-08-20,2026-08-20,2026-08-27,1986-09-01,6994.2665416,8.3379851,61.9709306,15.574272,3.7026277,5.4068478,12.0406128,20.9811199,7.236286900000001,1.7042201000000006,8.9405071,12.040612799999998,1.7763568394002505e-15
July 2026,2026-08-20,2026-08-20,2026-08-27,1986-10-01,7018.7905699,8.3099564,62.0594039,15.6504697,3.5605669,4.896357,11.8705233,20.5468267,7.3405133,1.3357901,8.6763034,11.8705233,0
July 2026,2026-08-20,2026-08-20,2026-08-27,1986-11-01,7007.9969594,8.3191873,61.8611519,15.3444774,3.8234024,5.3416979,12.1425898,20.6861753,7.025290100000001,1.5182954999999998,8.543585499999999,12.142589699999998,1.0000000116860974e-7
July 2026,2026-08-20,2026-08-20,2026-08-27,1986-12-01,7024.5644524,8.3639086,61.927492,15.4006691,3.8920471,5.5868364,12.2559556,20.9875054,7.0367605,1.6947893,8.7315498,12.255955700000001,-1.0000000116860974e-7
July 2026,2026-08-20,2026-08-20,2026-08-27,1987-01-01,7024.875148,8.1871264,61.6968402,14.8704905,3.7905678,5.5686094,11.9776942,20.4390999,6.6833641,1.7780415999999999,8.461405699999998,11.9776942,0
July 2026,2026-08-20,2026-08-20,2026-08-27,1987-02-01,7056.5791196,8.2098451,61.8766536,15.2680776,3.8317968,5.2584467,12.0416419,20.5265243,7.058232499999999,1.4266499000000006,8.484882399999998,12.0416419,0
July 2026,2026-08-20,2026-08-20,2026-08-27,1987-03-01,7070.0696326,8.4345315,62.0317625,15.4328806,3.8488142,5.2077684,12.2833457,20.640649,6.9983491,1.3589542,8.3573033,12.2833457,0
July 2026,2026-08-20,2026-08-20,2026-08-27,1987-04-01,7084.5718421,8.2996131,61.961178,15.1480098,3.8747426,5.5017722,12.1743557,20.649782,6.8483967,1.6270295999999997,8.475426299999999,12.1743557,0
July 2026,2026-08-20,2026-08-20,2026-08-27,1987-05-01,7089.7742719,8.2020466,61.8362309,14.9255891,3.9816367,5.6367324,12.1836833,20.5623216,6.723542500000001,1.6550956999999995,8.3786383,12.183683299999998,1.7763568394002505e-15
July 2026,2026-08-20,2026-08-20,2026-08-27,1987-06-01,7125.4571595,8.0072438,61.9106664,14.7990141,4.0782672,5.8352308,12.085511,20.6342449,6.791770300000001,1.7569635999999997,8.548733899999998,12.085511,0
July 2026,2026-08-20,2026-08-20,2026-08-27,1987-07-01,7171.2465311,8.0722304,62.2521284,14.8698032,4.0137073,6.0880241,12.0859378,20.9578272,6.797572799999999,2.0743168,8.8718894,12.0859377,9.99999993922529e-8
July 2026,2026-08-20,2026-08-20,2026-08-27,1987-08-01,7149.6601915,8.1048881,61.9886172,15.0713292,4.1668466,6.1659548,12.2717347,21.237284,6.966441099999999,1.9991081999999993,8.9655493,12.2717347,0
July 2026,2026-08-20,2026-08-20,2026-08-27,1987-09-01,7137.5362038,7.7551248,61.5505541,14.5709759,3.9906213,5.8411565,11.7457462,20.4121324,6.815851100000001,1.8505352000000004,8.666386200000002,11.7457461,9.99999993922529e-8
July 2026,2026-08-20,2026-08-20,2026-08-27,1987-10-01,7167.1457561,8.0857468,61.9136599,14.8812599,3.956384,5.6576721,12.0421307,20.538932,6.795513099999999,1.7012881000000002,8.4968013,12.0421308,-1.0000000116860974e-7
July 2026,2026-08-20,2026-08-20,2026-08-27,1987-11-01,7157.1407047,7.9311251,61.6112593,14.668088,4.0289969,5.9406658,11.960122,20.6087537,6.736962899999999,1.9116688999999996,8.648631700000001,11.960122,0
July 2026,2026-08-20,2026-08-20,2026-08-27,1987-12-01,7234.8501339,7.7290441,62.0299338,14.2654814,3.9902363,5.8925462,11.7192804,20.1580276,6.5364373,1.9023099,8.4387472,11.7192804,0
July 2026,2026-08-20,2026-08-20,2026-08-27,1988-01-01,7296.5307093,7.6308117,62.374331,14.3662055,4.0674078,6.152309,11.6982195,20.5185145,6.7353938,2.0849012,8.820294999999998,11.6982195,0
July 2026,2026-08-20,2026-08-20,2026-08-27,1988-02-01,7282.0158412,7.4157822,61.9901879,13.6211653,4.0308422,6.1181739,11.4466244,19.7393391,6.2053831,2.0873317,8.2927147,11.446624400000001,-1.7763568394002505e-15
July 2026,2026-08-20,2026-08-20,2026-08-27,1988-03-01,7329.5565069,7.5026376,62.3364026,14.0693348,3.7952995,5.6315158,11.2979371,19.7008507,6.5666972,1.8362162999999998,8.4029136,11.2979371,0
July 2026,2026-08-20,2026-08-20,2026-08-27,1988-04-01,7359.8647973,7.9122098,62.7700283,14.9032924,3.8236862,5.6416314,11.7358961,20.5449238,6.9910825999999995,1.8179451999999996,8.8090277,11.735896,9.99999993922529e-8
July 2026,2026-08-20,2026-08-20,2026-08-27,1988-05-01,7343.0296222,7.4513579,62.213084,13.7973651,3.2986544,5.0360068,10.7500123,18.8333719,6.346007200000001,1.7373523999999998,8.0833596,10.7500123,0
July 2026,2026-08-20,2026-08-20,2026-08-27,1988-06-01,7360.4950245,7.5846061,62.3483049,14.2277439,3.9462707,5.649197,11.5308767,19.8769409,6.6431378,1.7029263000000001,8.3460642,11.5308768,-9.99999993922529e-8
July 2026,2026-08-20,2026-08-20,2026-08-27,1988-07-01,7378.0788927,6.754314,61.8428209,12.3613073,3.6765219,5.4709548,10.430836,17.8322621,5.6069933,1.7944329000000003,7.401426100000002,10.4308359,9.99999993922529e-8
July 2026,2026-08-20,2026-08-20,2026-08-27,1988-08-01,7408.5325488,7.0681111,62.2110582,13.2519309,3.6016101,5.3499519,10.6697211,18.6018829,6.183819799999999,1.7483418,7.932161799999999,10.6697212,-9.99999993922529e-8
July 2026,2026-08-20,2026-08-20,2026-08-27,1988-09-01,7451.1506694,6.9342828,62.381113,12.6158999,3.6604572,5.4201867,10.5947401,18.0360867,5.6816171,1.7597295000000002,7.441346599999999,10.59474,9.99999993922529e-8
July 2026,2026-08-20,2026-08-20,2026-08-27,1988-10-01,7466.4077002,6.8177524,62.3222808,12.4407488,3.7153547,5.5755553,10.5331071,18.0163042,5.6229964,1.8602006000000006,7.4831971,10.533107099999999,1.7763568394002505e-15
July 2026,2026-08-20,2026-08-20,2026-08-27,1988-11-01,7487.6666754,6.6125601,62.2544428,12.240172,3.6610487,4.9801253,10.2736088,17.2202973,5.6276119,1.3190766000000003,6.946688499999999,10.2736088,0
July 2026,2026-08-20,2026-08-20,2026-08-27,1988-12-01,7521.5032232,6.8334429,62.5746657,12.591987,4.0034434,6.2315848,10.8368863,18.8235718,5.7585441,2.2281414,7.9866855,10.8368863,0
July 2026,2026-08-20,2026-08-20,2026-08-27,1989-01-01,7554.9372457,6.8057767,62.736999,12.1656952,3.8163892,5.6353761,10.6221659,17.8010713,5.3599185,1.8189869,7.1789054,10.6221659,0
July 2026,2026-08-20,2026-08-20,2026-08-27,1989-02-01,7605.2854657,6.6367299,62.944775,11.6036894,3.9292756,6.0357343,10.5660055,17.6394237,4.966959500000001,2.1064586999999997,7.073418199999999,10.5660055,0
July 2026,2026-08-20,2026-08-20,2026-08-27,1989-03-01,7624.1348097,6.3435865,62.8063491,11.3649443,3.7134688,5.4762935,10.0570552,16.8412378,5.0213578,1.7628247,6.784182599999998,10.0570553,-9.99999993922529e-8
July 2026,2026-08-20,2026-08-20,2026-08-27,1989-04-01,7655.6963386,6.1996141,62.8790038,10.9935774,3.7521989,5.5845953,9.951813,16.5781727,4.7939633,1.8323964000000004,6.6263597,9.951813,0
July 2026,2026-08-20,2026-08-20,2026-08-27,1989-05-01,7711.1766268,6.2796665,63.2980588,11.2553467,3.8088182,5.5187129,10.0884847,16.7740595,4.9756802,1.7098946999999995,6.6855747999999995,10.0884847,0
July 2026,2026-08-20,2026-08-20,2026-08-27,1989-06-01,7710.7313298,6.0103024,63.0217501,10.7667797,3.6696071,5.2738461,9.6799095,16.0406259,4.756477300000001,1.6042390000000002,6.360716399999998,9.679909499999999,1.7763568394002505e-15
July 2026,2026-08-20,2026-08-20,2026-08-27,1989-07-01,7735.4924821,6.0411269,63.1542685,10.8672968,3.8583273,5.3828503,9.8994542,16.2501471,4.8261699,1.5245230000000003,6.3506929,9.899454200000001,-1.7763568394002505e-15
July 2026,2026-08-20,2026-08-20,2026-08-27,1989-08-01,7774.7271004,5.9435947,63.3182464,10.7317721,3.956299,6.2058724,9.8998937,16.9376445,4.7881774,2.2495733999999996,7.037750800000001,9.8998937,0
July 2026,2026-08-20,2026-08-20,2026-08-27,1989-09-01,7783.6191121,6.0308637,63.3580812,11.071815,4.2058567,6.1372142,10.2367204,17.2090292,5.040951300000001,1.9313574999999998,6.9723088,10.2367204,0
July 2026,2026-08-20,2026-08-20,2026-08-27,1989-10-01,7791.9801306,5.9239819,63.2580304,11.0756624,3.8765985,5.866193,9.8005803,16.9418554,5.1516805,1.9895945,7.141275100000001,9.800580400000001,-1.0000000116860974e-7
July 2026,2026-08-20,2026-08-20,2026-08-27,1989-11-01,7844.5848679,5.786509,63.4964561,10.4398866,4.0106572,5.9314263,9.7971662,16.3713129,4.6533776,1.9207691000000002,6.5741467,9.7971662,0
July 2026,2026-08-20,2026-08-20,2026-08-27,1989-12-01,7829.892937,5.8489766,63.3233224,10.9949276,4.0891141,6.3614534,9.9380907,17.356381,5.145951,2.2723393000000005,7.418290299999999,9.9380907,0
July 2026,2026-08-20,2026-08-20,2026-08-27,1990-01-01,7842.038476,6.1106211,63.5104696,11.6806562,4.2383846,6.4815164,10.3490057,18.1621726,5.570035099999999,2.2431318000000005,7.813166900000002,10.3490057,0
July 2026,2026-08-20,2026-08-20,2026-08-27,1990-02-01,7846.5488984,6.3908208,63.6499452,11.6146975,4.0379195,5.8285362,10.4287403,17.4432337,5.2238767,1.7906167000000002,7.014493400000001,10.428740300000001,-1.7763568394002505e-15
July 2026,2026-08-20,2026-08-20,2026-08-27,1990-03-01,7861.4637744,6.187736,63.5448021,11.7646002,4.138829,6.3329221,10.3265651,18.0975223,5.5768642,2.1940931,7.770957200000002,10.326565,9.99999993922529e-8
July 2026,2026-08-20,2026-08-20,2026-08-27,1990-04-01,7866.0451307,6.2787168,63.5607383,12.2557566,4.1976503,6.0229055,10.4763672,18.2786621,5.9770398,1.8252552,7.802294899999998,10.476367100000001,9.99999993922529e-8
July 2026,2026-08-20,2026-08-20,2026-08-27,1990-05-01,7899.3966657,6.5043855,63.9014502,12.30308,4.2434213,6.5443172,10.7478068,18.8473972,5.7986945,2.3008959000000004,8.0995904,10.7478068,0
July 2026,2026-08-20,2026-08-20,2026-08-27,1990-06-01,7900.1767704,6.6070084,63.8941407,12.0370845,4.3193897,6.3564688,10.9263981,18.3935533,5.430076100000001,2.0370790999999997,7.4671552000000005,10.9263981,0
July 2026,2026-08-20,2026-08-20,2026-08-27,1990-07-01,7898.06272,7.0984001,64.1399619,13.2035423,4.3933226,6.2043518,11.4917227,19.4078941,6.1051422,1.8110292000000001,7.9161714,11.4917227,0
July 2026,2026-08-20,2026-08-20,2026-08-27,1990-08-01,7869.2036364,7.2112035,63.9090831,13.6151763,4.4664459,6.5486808,11.6776494,20.1638571,6.4039728,2.0822348999999996,8.486207700000001,11.6776494,0
July 2026,2026-08-20,2026-08-20,2026-08-27,1990-09-01,7844.1280271,7.3742686,63.7425625,13.6653498,4.8128016,6.9739237,12.1870701,20.6392735,6.2910812,2.1611221,8.452203400000002,12.1870702,-1.0000000116860974e-7
July 2026,2026-08-20,2026-08-20,2026-08-27,1990-10-01,7829.7076943,7.6372478,63.7222178,14.1715118,4.84287,6.9802561,12.4801178,21.1517679,6.534263999999999,2.1373861000000005,8.671650099999999,12.480117799999999,1.7763568394002505e-15
July 2026,2026-08-20,2026-08-20,2026-08-27,1990-11-01,7809.853806,7.9459161,63.6900829,15.0070667,5.0631034,7.1793222,13.0090195,22.186389,7.0611505999999995,2.1162187999999995,9.177369499999998,13.0090195,0
July 2026,2026-08-20,2026-08-20,2026-08-27,1990-12-01,7813.0530859,8.0206467,63.6834016,15.5409214,5.1858132,7.387646,13.2064599,22.9285675,7.5202747,2.2018328,9.7221076,13.2064599,0
July 2026,2026-08-20,2026-08-20,2026-08-27,1991-01-01,7744.1462478,8.4004011,63.3118671,15.5067615,5.225828,7.4653495,13.6262292,22.9721109,7.1063604,2.2395215000000004,9.345881700000001,13.6262291,9.99999993922529e-8
July 2026,2026-08-20,2026-08-20,2026-08-27,1991-02-01,7758.051219,8.6159417,63.5037291,15.6821323,5.5301145,7.842407,14.1460562,23.5245393,7.066190599999999,2.3122925,9.3784831,14.1460562,0
July 2026,2026-08-20,2026-08-20,2026-08-27,1991-03-01,7701.6771619,9.1854209,63.3660816,16.849456,5.8002898,8.844965,14.9857107,25.6944211,7.6640350999999995,3.0446752000000004,10.7087104,14.9857107,0
July 2026,2026-08-20,2026-08-20,2026-08-27,1991-04-01,7695.9337486,9.8603501,63.7202228,18.356241,5.9110038,8.6931286,15.7713539,27.0493696,8.495890900000001,2.7821248,11.2780157,15.7713539,0
July 2026,2026-08-20,2026-08-20,2026-08-27,1991-05-01,7693.8770045,9.5028862,63.379608,17.7792321,5.3486215,7.4845875,14.8515078,25.2638196,8.2763459,2.135966,10.412311800000001,14.8515077,9.99999993922529e-8
July 2026,2026-08-20,2026-08-20,2026-08-27,1991-06-01,7658.6685339,9.558183,63.0565958,17.5836681,6.1713021,8.7259939,15.7294852,26.3096619,8.025485100000001,2.5546918000000005,10.580176699999999,15.7294851,9.99999993922529e-8
July 2026,2026-08-20,2026-08-20,2026-08-27,1991-07-01,7630.4600124,9.6749542,62.830285,17.820825,6.3383438,9.02988,16.013298,26.850705,8.145870799999999,2.6915362000000007,10.837407000000002,16.013298,0
July 2026,2026-08-20,2026-08-20,2026-08-27,1991-08-01,7635.7276011,9.7906297,62.8829964,17.6197753,6.1126786,8.9318227,15.9033083,26.551598,7.8291456,2.8191441,10.648289699999998,15.903308299999999,1.7763568394002505e-15
July 2026,2026-08-20,2026-08-20,2026-08-27,1991-09-01,7645.1888876,10.0330279,63.0591356,18.0658227,6.0803992,8.9336961,16.1134271,26.9995188,8.032794799999998,2.853296900000001,10.886091700000001,16.1134271,0
July 2026,2026-08-20,2026-08-20,2026-08-27,1991-10-01,7616.2343587,9.9876794,62.7316011,17.832785,6.0943236,8.6949841,16.082003,26.5277691,7.845105600000002,2.600660499999999,10.4457661,16.082003,0
July 2026,2026-08-20,2026-08-20,2026-08-27,1991-11-01,7597.0732835,10.1983354,62.6635976,18.5594757,6.2579152,9.3491377,16.4562506,27.9086133,8.3611403,3.0912224999999998,11.452362699999998,16.4562506,0
July 2026,2026-08-20,2026-08-20,2026-08-27,1991-12-01,7616.9854078,10.4760697,62.9655832,18.9788495,6.1283966,9.279093,16.6044663,28.2579425,8.502779799999999,3.1506963999999993,11.6534762,16.6044663,0
July 2026,2026-08-20,2026-08-20,2026-08-27,1992-01-01,7630.788529,10.3500831,62.9070091,18.7331016,6.3651625,9.7007625,16.7152456,28.433864,8.3830185,3.3355999999999995,11.7186184,16.715245600000003,-3.552713678800501e-15
July 2026,2026-08-20,2026-08-20,2026-08-27,1992-02-01,7650.209256,10.404397,63.0212906,18.818648,6.6181272,10.0363232,17.0225242,28.8549712,8.414251,3.418196,11.832447000000002,17.0225242,0
July 2026,2026-08-20,2026-08-20,2026-08-27,1992-03-01,7631.1454098,10.4984957,62.8466128,19.09901,6.5558143,10.4043829,17.05431,29.5033929,8.6005143,3.8485686,12.4490829,17.05431,0
July 2026,2026-08-20,2026-08-20,2026-08-27,1992-04-01,7624.4787564,10.4706893,62.7233667,18.9001069,6.8544315,10.3554154,17.3251208,29.2555223,8.4294176,3.5009839000000005,11.930401499999999,17.3251208,0
July 2026,2026-08-20,2026-08-20,2026-08-27,1992-05-01,7620.8728566,10.6197233,62.7493976,19.2388566,6.8698499,10.7094767,17.4895732,29.9483333,8.619133299999998,3.8396267999999996,12.458760100000003,17.489573200000002,-3.552713678800501e-15
July 2026,2026-08-20,2026-08-20,2026-08-27,1992-06-01,7633.5677706,10.8087715,62.9382186,19.7586702,6.7646812,10.3895406,17.5734527,30.1482109,8.9498987,3.6248594,12.574758199999998,17.5734527,0
July 2026,2026-08-20,2026-08-20,2026-08-27,1992-07-01,7651.1849423,11.1407552,63.2617801,19.6454829,6.8550517,10.7148423,17.9958069,30.3603251,8.504727700000002,3.859790600000001,12.3645182,17.995806899999998,3.552713678800501e-15
July 2026,2026-08-20,2026-08-20,2026-08-27,1992-08-01,7671.0687183,10.7225306,63.0719103,19.6260678,7.0203733,10.753984,17.7429038,30.3800518,8.9035372,3.7336107000000007,12.637148,17.7429039,-1.0000000116860974e-7
July 2026,2026-08-20,2026-08-20,2026-08-27,1992-09-01,7635.126393,10.6172236,62.6457173,19.0327598,7.1718813,11.6782018,17.7891049,30.7109617,8.4155362,4.5063205,12.921856799999997,17.7891049,0
July 2026,2026-08-20,2026-08-20,2026-08-27,1992-10-01,7644.3760455,11.0916899,63.0082855,20.1370186,7.036744,10.9017821,18.1284339,31.0388007,9.0453287,3.8650381000000005,12.910366799999998,18.1284339,0
July 2026,2026-08-20,2026-08-20,2026-08-27,1992-11-01,7569.3427879,11.1370624,62.3741696,19.877606,7.021169,10.5455367,18.1582314,30.4231427,8.7405436,3.524367699999999,12.264911300000001,18.1582314,0
July 2026,2026-08-20,2026-08-20,2026-08-27,1992-12-01,7599.6537786,11.2202332,62.6349247,19.1325135,6.9033561,10.8255583,18.1235894,29.9580718,7.912280300000003,3.922202200000001,11.834482399999999,18.1235893,1.0000000116860974e-7
July 2026,2026-08-20,2026-08-20,2026-08-27,1993-01-01,7650.7663606,10.8346281,62.7087691,18.3855268,6.948681,10.7305887,17.7833091,29.1161155,7.550898700000001,3.7819077000000005,11.332806399999999,17.7833091,0
July 2026,2026-08-20,2026-08-20,2026-08-27,1993-02-01,7582.0135978,11.013952,62.1964769,18.7608621,6.8683006,10.723934,17.8822527,29.4847961,7.746910100000001,3.8556333999999994,11.602543400000002,17.8822526,9.999999761589606e-8
July 2026,2026-08-20,2026-08-20,2026-08-27,1993-03-01,7631.5146805,10.8593455,62.4197622,18.6376932,6.962799,10.780047,17.8221445,29.4177401,7.778347700000001,3.8172479999999993,11.5955956,17.8221445,0
July 2026,2026-08-20,2026-08-20,2026-08-27,1993-04-01,7612.2963493,10.7659267,62.1593425,18.4194995,6.9666098,11.1303679,17.7325364,29.5498675,7.653572800000001,4.1637581,11.8173311,17.7325365,-9.999999761589606e-8
July 2026,2026-08-20,2026-08-20,2026-08-27,1993-05-01,7613.166194,10.7873939,62.1433955,18.2969486,6.8578345,10.9828253,17.6452284,29.279774,7.509554700000001,4.1249908,11.6345456,17.6452284,0
July 2026,2026-08-20,2026-08-20,2026-08-27,1993-06-01,7626.1788035,10.9905943,62.3536041,18.9101076,6.7855251,10.8561357,17.7761194,29.7662433,7.9195133,4.070610599999999,11.9901239,17.7761194,0
July 2026,2026-08-20,2026-08-20,2026-08-27,1993-07-01,7628.0843035,10.9484209,62.2795326,18.4143341,6.7829881,11.3167133,17.731409,29.7310474,7.465913200000001,4.5337252,11.999638400000002,17.731409,0
July 2026,2026-08-20,2026-08-20,2026-08-27,1993-08-01,7651.7077522,10.9834972,62.4368061,18.8068887,6.780714,10.9199937,17.7642112,29.7268824,7.823391499999998,4.1392796999999995,11.962671200000003,17.7642112,0
July 2026,2026-08-20,2026-08-20,2026-08-27,1993-09-01,7670.2708197,10.7422501,62.3590385,18.6709499,7.18753,11.1188574,17.9297801,29.7898073,7.9286998,3.9313274,11.860027200000001,17.9297801,0
July 2026,2026-08-20,2026-08-20,2026-08-27,1993-10-01,7719.2057397,10.9577793,62.8595003,18.7484747,6.8937386,11.0414321,17.8515179,29.7899068,7.790695399999999,4.1476935,11.9383889,17.8515179,0
July 2026,2026-08-20,2026-08-20,2026-08-27,1993-11-01,7729.7152335,10.9497417,62.8901511,18.2939067,6.5858255,10.6137996,17.5355672,28.9077063,7.344165,4.0279741,11.372139100000002,17.535567200000003,-3.552713678800501e-15
July 2026,2026-08-20,2026-08-20,2026-08-27,1993-12-01,7745.5348442,10.7592367,62.8351475,18.2563437,6.6914806,10.4344149,17.4507173,28.6907587,7.497106999999998,3.7429343,11.240041399999999,17.4507173,0
July 2026,2026-08-20,2026-08-20,2026-08-27,1994-01-01,7766.2289498,10.568018,62.7926185,18.1556668,6.6724755,11.068656,17.2404935,29.2243228,7.587648799999998,4.396180500000001,11.9838293,17.2404935,0
July 2026,2026-08-20,2026-08-20,2026-08-27,1994-02-01,7789.7391241,10.3989004,62.788209,18.0851963,6.6267324,11.1883869,17.0256328,29.2735833,7.686295899999999,4.5616544999999995,12.247950499999998,17.0256328,0
July 2026,2026-08-20,2026-08-20,2026-08-27,1994-03-01,7808.835342,10.3543045,62.8352565,18.2132913,6.6742564,10.3922475,17.0285609,28.6055388,7.858986800000002,3.7179911,11.576977900000003,17.0285609,0
July 2026,2026-08-20,2026-08-20,2026-08-27,1994-04-01,7811.6805768,10.0626499,62.6089129,17.8083912,6.4364019,10.4407259,16.4990518,28.2491171,7.745741299999999,4.004324,11.7500653,16.4990518,0
July 2026,2026-08-20,2026-08-20,2026-08-27,1994-05-01,7853.3254813,9.7675551,62.6914297,17.3794739,6.605067,10.8457821,16.3726221,28.225256,7.6119188000000015,4.240715099999999,11.8526339,16.3726221,0
July 2026,2026-08-20,2026-08-20,2026-08-27,1994-06-01,7875.4175924,9.8178742,62.8573528,17.156402,6.5002643,10.8261072,16.3181384,27.9825092,7.3385278,4.325842899999999,11.6643708,16.3181385,-1.0000000116860974e-7
July 2026,2026-08-20,2026-08-20,2026-08-27,1994-07-01,7948.2509842,9.6337693,63.2408948,16.5360632,6.4481713,11.0446945,16.0819407,27.5807577,6.9022939,4.5965232,11.498816999999999,16.081940600000003,9.999999761589606e-8
July 2026,2026-08-20,2026-08-20,2026-08-27,1994-08-01,7932.6000261,9.445017,62.9167023,16.5010087,6.5019583,11.0630872,15.9469753,27.5640959,7.0559917,4.5611289,11.617120600000002,15.9469753,0
July 2026,2026-08-20,2026-08-20,2026-08-27,1994-09-01,7981.3637267,9.3546478,63.172049,16.4451436,5.9313632,10.0770734,15.286011,26.5222171,7.090495800000001,4.1457102,11.236206099999999,15.286011,0
July 2026,2026-08-20,2026-08-20,2026-08-27,1994-10-01,7978.3990044,9.0927888,62.9193117,15.4377093,6.4173435,11.2865748,15.5101323,26.7242841,6.344920500000001,4.8692313,11.214151799999998,15.510132299999999,1.7763568394002505e-15
July 2026,2026-08-20,2026-08-20,2026-08-27,1994-11-01,7990.0788997,9.1434398,62.9991671,15.3773881,6.3809393,10.9334219,15.5243791,26.31081,6.2339483,4.552482600000001,10.7864309,15.524379099999999,1.7763568394002505e-15
July 2026,2026-08-20,2026-08-20,2026-08-27,1994-12-01,8034.2430858,8.9369285,63.1562506,15.0925769,6.5505666,10.5819707,15.4874952,25.6745475,6.155648399999999,4.0314041,10.1870523,15.4874951,9.99999993922529e-8
July 2026,2026-08-20,2026-08-20,2026-08-27,1995-01-01,8050.3408753,8.8553181,63.1446101,15.3521544,6.3577601,10.5739854,15.2130782,25.9261397,6.4968363,4.2162253,10.7130615,15.2130782,0
July 2026,2026-08-20,2026-08-20,2026-08-27,1995-02-01,8098.9405602,8.8235605,63.4219038,15.5249637,6.4803265,10.5276374,15.303887,26.0526011,6.7014032000000014,4.047310899999999,10.7487141,15.303887,0
July 2026,2026-08-20,2026-08-20,2026-08-27,1995-03-01,8102.247265,8.6174361,63.2232724,14.9073723,6.4368129,10.4800763,15.054249,25.3874486,6.2899362,4.043263400000001,10.333199599999999,15.054249,0
July 2026,2026-08-20,2026-08-20,2026-08-27,1995-04-01,8159.9953472,8.2671591,63.3604499,14.5260425,6.4432746,10.3178884,14.7104337,24.8439309,6.2588834,3.8746137999999997,10.1334972,14.7104337,0
July 2026,2026-08-20,2026-08-20,2026-08-27,1995-05-01,8166.0747733,8.4750007,63.4812841,15.5269263,6.3011306,10.1772429,14.7761313,25.7041692,7.051925599999999,3.8761123,10.9280379,14.7761313,0
July 2026,2026-08-20,2026-08-20,2026-08-27,1995-06-01,8201.0540521,8.3524099,63.5975146,15.2254556,6.5115321,11.3299349,14.863942,26.5553906,6.8730457000000005,4.818402799999999,11.6914486,14.863942,0
July 2026,2026-08-20,2026-08-20,2026-08-27,1995-07-01,8207.6986495,8.4282612,63.6269881,15.0765454,6.6105899,10.9112349,15.0388511,25.9877803,6.648284200000001,4.300645,10.9489292,15.038851099999999,1.7763568394002505e-15
July 2026,2026-08-20,2026-08-20,2026-08-27,1995-08-01,8236.7699601,8.3202871,63.7023833,14.7713595,6.7111167,10.8397601,15.0314038,25.6111196,6.451072400000001,4.1286434,10.579715799999999,15.0314038,0
July 2026,2026-08-20,2026-08-20,2026-08-27,1995-09-01,8224.4112451,8.3633194,63.5621514,15.328598,6.6935678,10.7155251,15.0568872,26.0441231,6.9652785999999995,4.0219573,10.9872359,15.0568872,0
July 2026,2026-08-20,2026-08-20,2026-08-27,1995-10-01,8214.2021137,8.5752182,63.5528288,15.66026,6.5485511,10.7310918,15.1237693,26.3913518,7.085041799999999,4.1825407,11.2675825,15.1237693,0
July 2026,2026-08-20,2026-08-20,2026-08-27,1995-11-01,8288.0917595,8.4524272,63.9605337,15.6822394,6.4280703,10.1446561,14.8804975,25.8268955,7.2298122,3.7165858000000007,10.946397999999999,14.8804975,0
July 2026,2026-08-20,2026-08-20,2026-08-27,1995-12-01,8289.4780899,8.1451401,63.6797054,15.0574835,6.7016111,10.8608891,14.8467512,25.9183726,6.912343399999999,4.159278,11.071621400000002,14.8467512,0
July 2026,2026-08-20,2026-08-20,2026-08-27,1996-01-01,8291.5015824,8.4517653,63.8276294,15.9617845,6.4035635,10.78184,14.8553288,26.7436245,7.5100192,4.378276500000001,11.888295699999999,14.855328799999999,1.7763568394002505e-15
July 2026,2026-08-20,2026-08-20,2026-08-27,1996-02-01,8292.8001147,8.3271964,63.6702342,15.3885686,6.6986461,10.7964079,15.0258425,26.1849764,7.061372199999999,4.0977618,11.1591339,15.0258425,0
July 2026,2026-08-20,2026-08-20,2026-08-27,1996-03-01,8266.2964144,8.4213839,63.4517387,15.5850469,6.6568062,10.8651392,15.0781902,26.450186,7.163663,4.208333,11.371995799999999,15.0781901,9.99999993922529e-8
July 2026,2026-08-20,2026-08-20,2026-08-27,1996-04-01,8296.180989,8.5781631,63.7224484,15.8111183,6.6036159,10.8116028,15.1817789,26.6227211,7.232955200000001,4.207986899999999,11.4409422,15.181778999999999,-9.99999993922529e-8
July 2026,2026-08-20,2026-08-20,2026-08-27,1996-05-01,8301.539111,8.4146445,63.5820863,15.4570685,6.5606886,10.6069496,14.9753331,26.0640181,7.0424240000000005,4.046261,11.088684999999998,14.9753331,0
July 2026,2026-08-20,2026-08-20,2026-08-27,1996-06-01,8305.3003237,8.254397,63.4323508,14.8433583,6.8158808,11.2730172,15.0702778,26.1163755,6.588961299999999,4.4571363999999996,11.0460977,15.070277800000001,-1.7763568394002505e-15
July 2026,2026-08-20,2026-08-20,2026-08-27,1996-07-01,8307.4395674,8.5687451,63.5925539,15.6161709,6.6873019,10.7233761,15.256047,26.339547,7.047425800000001,4.0360742,11.083499999999999,15.256046999999999,1.7763568394002505e-15
July 2026,2026-08-20,2026-08-20,2026-08-27,1996-08-01,8302.5849788,8.7223339,63.5881532,15.3828419,6.5876675,11.0439363,15.3100014,26.4267781,6.660508,4.4562688,11.116776699999999,15.3100014,0
July 2026,2026-08-20,2026-08-20,2026-08-27,1996-09-01,8295.6546531,8.5768268,63.3601205,15.5221427,6.428552,10.5601137,15.0053788,26.0822565,6.945315900000001,4.131561700000001,11.076877699999999,15.005378799999999,1.7763568394002505e-15
July 2026,2026-08-20,2026-08-20,2026-08-27,1996-10-01,8301.7548399,8.7596123,63.4689175,16.4214898,6.4749702,10.1904615,15.2345825,26.6119513,7.661877499999999,3.7154913,11.377368800000001,15.2345825,0
July 2026,2026-08-20,2026-08-20,2026-08-27,1996-11-01,8300.7041439,8.4711258,63.1964109,15.634337500000001,6.6142103,10.9526905,15.0853362,26.587028,7.1632117000000015,4.338480199999999,11.5016918,15.0853361,1.0000000116860974e-7
July 2026,2026-08-20,2026-08-20,2026-08-27,1996-12-01,8324.3019641,8.6310343,63.4223468,16.2495026,6.6229572,10.6339702,15.2539915,26.8834728,7.6184683,4.011013,11.6294813,15.2539915,0
July 2026,2026-08-20,2026-08-20,2026-08-27,1997-01-01,8333.2708854,8.5684254,63.3629119,15.5193104,6.6641071,10.9385188,15.2325325,26.4578292,6.9508849999999995,4.274411700000001,11.2252967,15.232532500000001,-1.7763568394002505e-15
July 2026,2026-08-20,2026-08-20,2026-08-27,1997-02-01,8334.8722771,8.7031484,63.3843903,16.4813689,6.8393555,11.3117287,15.5425039,27.7930976,7.7782205,4.4723732,12.2505937,15.5425039,0
July 2026,2026-08-20,2026-08-20,2026-08-27,1997-03-01,8338.0160869,8.5925994,63.2476956,16.1842137,6.9221665,11.9957172,15.5147659,28.1799309,7.591614300000002,5.073550699999999,12.665164999999998,15.5147659,0
July 2026,2026-08-20,2026-08-20,2026-08-27,1997-04-01,8330.9187199,8.5683381,63.1288455,16.0825984,6.9121964,12.0514872,15.4805345,28.1340856,7.514260299999998,5.1392908,12.6535511,15.480534500000001,-1.7763568394002505e-15
July 2026,2026-08-20,2026-08-20,2026-08-27,1997-05-01,8334.8984242,8.5477868,63.0966212,15.9479466,6.9536993,11.6460199,15.5014861,27.5939666,7.400159799999999,4.6923206,12.092480500000002,15.501486100000001,-1.7763568394002505e-15
July 2026,2026-08-20,2026-08-20,2026-08-27,1997-06-01,8336.1655506,8.3312448,62.9091391,16.0849184,6.9520271,11.7406398,15.2832719,27.8255582,7.753673599999999,4.788612700000001,12.542286299999999,15.283271899999999,1.7763568394002505e-15
July 2026,2026-08-20,2026-08-20,2026-08-27,1997-07-01,8347.0282406,8.5898994,63.1077855,16.262041,6.8870289,11.772273,15.4769282,28.034314,7.6721416,4.8852441,12.557385799999999,15.4769283,-1.0000000116860974e-7
July 2026,2026-08-20,2026-08-20,2026-08-27,1997-08-01,8333.6304558,8.4653781,62.859512,16.031749,6.8482732,11.7230517,15.3136513,27.7548006,7.566370900000001,4.874778499999999,12.4411493,15.3136513,0
July 2026,2026-08-20,2026-08-20,2026-08-27,1997-09-01,8395.8680786,8.0682576,62.9940598,15.7016104,6.6857419,11.3819309,14.7539995,27.0835413,7.633352799999999,4.696189,12.3295418,14.7539995,0
July 2026,2026-08-20,2026-08-20,2026-08-27,1997-10-01,8388.9338936,8.0333603,62.8597973,15.51254,6.94629,11.9109392,14.9796503,27.4234792,7.4791796999999995,4.964649199999999,12.4438289,14.9796503,0
July 2026,2026-08-20,2026-08-20,2026-08-27,1997-11-01,8447.2609266,7.9873875,63.2066034,15.5125146,6.9022088,12.1849903,14.8895962,27.6975049,7.5251271,5.2827815000000005,12.807908699999999,14.889596300000001,-1.0000000116860974e-7
July 2026,2026-08-20,2026-08-20,2026-08-27,1997-12-01,8432.7789281,7.9108147,62.9874135,14.9749708,6.8292965,11.7566727,14.7401112,26.7316436,7.064156099999999,4.927376199999999,11.991532400000002,14.740111200000001,-1.7763568394002505e-15
July 2026,2026-08-20,2026-08-20,2026-08-27,1998-01-01,8439.051612,7.8662873,62.9150479,15.0324157,6.8623805,12.0576423,14.7286678,27.090058,7.1661284,5.195261799999999,12.361390199999999,14.7286678,0
July 2026,2026-08-20,2026-08-20,2026-08-27,1998-02-01,8453.2348354,7.7728155,62.8683607,14.5053983,6.760113,11.5517611,14.5329285,26.0571594,6.732582799999999,4.791648100000001,11.5242309,14.5329285,0
July 2026,2026-08-20,2026-08-20,2026-08-27,1998-03-01,8456.2954416,7.8837656,62.8784194,14.7643821,6.7330076,11.1590299,14.6167732,25.9234119,6.8806165,4.4260223000000005,11.3066387,14.6167732,0
July 2026,2026-08-20,2026-08-20,2026-08-27,1998-04-01,8488.6683978,7.6038625,62.878816,14.6991056,6.9855585,11.8889,14.589421,26.5880056,7.095243099999999,4.9033415,11.9985846,14.589421,0
July 2026,2026-08-20,2026-08-20,2026-08-27,1998-05-01,8486.6742092,7.7652223,62.924904,14.4850409,6.844074,11.8800308,14.6092963,26.3650717,6.7198186,5.0359568,11.755775400000001,14.6092963,0
July 2026,2026-08-20,2026-08-20,2026-08-27,1998-06-01,8506.6341404,7.8324014,63.0696913,15.0504529,6.8377753,11.5664464,14.6701766,26.6168993,7.2180515,4.728671100000001,11.9467227,14.670176699999999,-9.99999993922529e-8
July 2026,2026-08-20,2026-08-20,2026-08-27,1998-07-01,8518.9079604,7.975123,63.1921644,14.8908022,6.7204649,11.9375025,14.6955879,26.8283047,6.9156792,5.217037600000001,12.1327168,14.6955879,0
July 2026,2026-08-20,2026-08-20,2026-08-27,1998-08-01,8531.1705833,7.7556302,63.0662741,14.3735245,6.9084301,12.2913504,14.6640602,26.6648748,6.617894300000001,5.3829203,12.0008146,14.6640603,-9.99999993922529e-8
July 2026,2026-08-20,2026-08-20,2026-08-27,1998-09-01,8575.0017995,7.6341111,63.2405019,14.4130576,6.6028796,12.0039976,14.2369907,26.4170552,6.7789465,5.401118,12.1800645,14.2369907,0
July 2026,2026-08-20,2026-08-20,2026-08-27,1998-10-01,8585.4484809,7.3138607,63.032805,13.7052666,6.9398576,12.016143,14.2537183,25.7214096,6.3914059,5.0762854,11.467691300000002,14.2537183,0
July 2026,2026-08-20,2026-08-20,2026-08-27,1998-11-01,8564.6265035,7.6264667,63.026809,14.3507446,6.7269925,11.8757891,14.3534592,26.2265337,6.724277900000001,5.148796600000001,11.873074500000001,14.3534592,0
July 2026,2026-08-20,2026-08-20,2026-08-27,1998-12-01,8586.0193048,7.1840789,62.8174808,13.4305814,6.7777618,11.9312711,13.9618407,25.3618526,6.246502499999999,5.1535093,11.400011899999999,13.9618407,0
July 2026,2026-08-20,2026-08-20,2026-08-27,1999-01-01,8586.5373001,7.1189793,62.689919,13.3385172,6.6322781,11.2852587,13.7512575,24.6237759,6.2195379,4.6529806,10.872518399999999,13.7512574,9.99999993922529e-8
July 2026,2026-08-20,2026-08-20,2026-08-27,1999-02-01,8594.2418656,7.1154571,62.6566332,13.2724475,6.5917147,11.7002895,13.7071719,24.972737,6.1569904,5.1085748,11.265565099999998,13.707171800000001,9.99999993922529e-8
July 2026,2026-08-20,2026-08-20,2026-08-27,1999-03-01,8620.9630308,7.0129406,62.6950671,13.562005,6.6001413,11.7203648,13.6130819,25.2823698,6.549064399999999,5.120223500000001,11.669287900000002,13.613081900000001,-1.7763568394002505e-15
July 2026,2026-08-20,2026-08-20,2026-08-27,1999-04-01,8622.7660339,6.9796875,62.6308256,13.4329243,6.8038706,11.8277713,13.7835581,25.2606956,6.4532368,5.0239007,11.477137499999998,13.7835581,0
July 2026,2026-08-20,2026-08-20,2026-08-27,1999-05-01,8610.7169394,7.0252772,62.5191935,13.3999848,6.7563834,12.1923811,13.7816606,25.5923659,6.374707600000001,5.435997700000001,11.8107053,13.781660599999999,1.7763568394002505e-15
July 2026,2026-08-20,2026-08-20,2026-08-27,1999-06-01,8661.9499573,6.6533679,62.5858069,12.8651801,6.9165948,11.8714825,13.5699627,24.7366626,6.2118122,4.9548877000000005,11.1666999,13.569962700000001,-1.7763568394002505e-15
July 2026,2026-08-20,2026-08-20,2026-08-27,1999-07-01,8680.0156321,6.6756057,62.6612531,12.4785742,6.6492527,11.1696125,13.3248585,23.6481867,5.8029685,4.5203598,10.3233282,13.3248584,9.99999993922529e-8
July 2026,2026-08-20,2026-08-20,2026-08-27,1999-08-01,8688.1220432,6.9060442,62.8049184,13.2626196,6.4005493,10.8739136,13.3065935,24.1365332,6.3565754000000005,4.4733643,10.829939699999999,13.3065935,0
July 2026,2026-08-20,2026-08-20,2026-08-27,1999-09-01,8701.6059775,7.0415646,62.9239281,13.6232977,6.0720117,10.1163507,13.1135763,23.7396484,6.5817331,4.044339,10.6260721,13.1135763,0
July 2026,2026-08-20,2026-08-20,2026-08-27,1999-10-01,8741.4979941,6.7765748,62.9625137,12.8323558,6.3907456,11.1823549,13.1673204,24.0147107,6.0557810000000005,4.7916093,10.847390299999999,13.1673204,0
July 2026,2026-08-20,2026-08-20,2026-08-27,1999-11-01,8751.3963572,6.4405059,62.7375108,12.6353599,6.5108355,11.2750113,12.9513413,23.9103712,6.194853999999999,4.764175799999999,10.9590299,12.9513414,-1.0000000116860974e-7
July 2026,2026-08-20,2026-08-20,2026-08-27,1999-12-01,8785.7730803,6.6847937,63.078661,12.7029209,6.3559474,11.0241357,13.0407411,23.7270566,6.0181272,4.668188300000001,10.686315500000001,13.0407411,0
July 2026,2026-08-20,2026-08-20,2026-08-27,2000-01-01,8739.8097855,6.7669117,62.7119832,12.7461987,6.3761055,10.9961284,13.1430172,23.7423271,5.979287000000001,4.6200228999999995,10.599309900000002,13.1430172,0
July 2026,2026-08-20,2026-08-20,2026-08-27,2000-02-01,8788.9659865,6.6193063,62.8729851,12.7532177,6.4435682,10.6291744,13.0628745,23.3823921,6.133911400000001,4.1856062000000005,10.319517600000001,13.0628745,0
July 2026,2026-08-20,2026-08-20,2026-08-27,2000-03-01,8837.0540079,6.5652881,63.0882137,12.1607818,5.74142,9.594106,12.3067081,21.7548879,5.5954937000000005,3.8526860000000003,9.4481798,12.3067081,0
July 2026,2026-08-20,2026-08-20,2026-08-27,2000-04-01,8873.9757694,6.3764984,63.1656174,12.2348605,5.9199424,10.025064800000001,12.2964408,22.2599253,5.8583621,4.105122400000001,9.9634845,12.2964408,0
July 2026,2026-08-20,2026-08-20,2026-08-27,2000-05-01,8869.8730222,6.4146511,63.1038416,12.1441375,6.407646,10.9724207,12.8222971,23.1165582,5.729486399999999,4.564774700000001,10.2942611,12.8222971,0
July 2026,2026-08-20,2026-08-20,2026-08-27,2000-06-01,8910.1594894,6.1150608,63.1298801,11.5941547,5.9290736,10.2026305,12.0441344,21.7967852,5.4790939000000005,4.2735569,9.752650799999998,12.0441344,0
July 2026,2026-08-20,2026-08-20,2026-08-27,2000-07-01,8991.9561329,5.9543643,63.5281519,11.1314626,5.7049635,9.728824,11.6593279,20.8602866,5.177098300000001,4.0238605,9.2009587,11.6593278,9.99999993922529e-8
July 2026,2026-08-20,2026-08-20,2026-08-27,2000-08-01,8988.998042,6.0515929,63.5006817,12.0922125,6.5220967,11.4299981,12.5736896,23.5222106,6.0406196,4.907901400000001,10.948521000000001,12.5736896,0
July 2026,2026-08-20,2026-08-20,2026-08-27,2000-09-01,8985.5993371,5.9632644,63.3450123,11.50927,6.1126855,10.3876758,12.07595,21.8969458,5.546005600000001,4.2749903,9.8209958,12.075949900000001,9.99999993922529e-8
July 2026,2026-08-20,2026-08-20,2026-08-27,2000-10-01,8960.4484464,6.0099854,63.1270868,11.7103938,6.6363705,11.3858517,12.6463559,23.0962454,5.700408400000001,4.7494812,10.449889500000001,12.6463559,0
July 2026,2026-08-20,2026-08-20,2026-08-27,2000-11-01,8902.8942748,6.2621711,62.8187714,12.4109485,6.7474818,11.7763558,13.0096529,24.1873043,6.1487774,5.028873999999999,11.1776514,13.009652899999999,1.7763568394002505e-15
July 2026,2026-08-20,2026-08-20,2026-08-27,2000-12-01,8944.3961987,6.2441713,63.0277481,12.4808847,6.5554449,11.5397739,12.7996161,24.0206586,6.236713400000001,4.984329,11.221042500000001,12.799616199999999,-9.99999993922529e-8
July 2026,2026-08-20,2026-08-20,2026-08-27,2001-01-01,8957.8997727,6.1377609,62.9408104,12.0295818,6.6264185,11.3625455,12.7641794,23.3921272,5.891820900000001,4.736127,10.627947800000001,12.7641794,0
July 2026,2026-08-20,2026-08-20,2026-08-27,2001-02-01,8954.0983835,6.5020497,63.0487146,13.2309343,6.5806924,11.4768382,13.0827421,24.7077725,6.7288846,4.896145799999999,11.6250304,13.0827421,0
July 2026,2026-08-20,2026-08-20,2026-08-27,2001-03-01,8963.9866523,6.4589212,62.9790287,13.1708515,6.6276671,11.7059841,13.0865883,24.8768356,6.7119303,5.078317,11.790247299999999,13.086588299999999,1.7763568394002505e-15
July 2026,2026-08-20,2026-08-20,2026-08-27,2001-04-01,9014.9077871,6.7825224,63.4921761,13.4439041,6.3080092,11.5050286,13.0905316,24.9489327,6.661381699999999,5.197019399999999,11.8584011,13.0905316,0
July 2026,2026-08-20,2026-08-20,2026-08-27,2001-05-01,9007.8435847,6.8931522,63.4534125,14.0882871,6.2325805,11.6853047,13.1257326,25.7735918,7.1951349,5.4527242,12.6478592,13.1257327,-1.0000000116860974e-7
July 2026,2026-08-20,2026-08-20,2026-08-27,2001-06-01,9004.8291047,6.932938,63.395039,14.0589614,6.3671138,11.7853267,13.3000518,25.8442881,7.126023399999999,5.4182129,12.5442363,13.3000518,0
July 2026,2026-08-20,2026-08-20,2026-08-27,2001-07-01,9024.444373,6.8801871,63.424872,13.9628312,6.512676,12.0245604,13.3928631,25.9873916,7.0826441000000004,5.5118844000000005,12.5945285,13.3928631,0
July 2026,2026-08-20,2026-08-20,2026-08-27,2001-08-01,9046.9748446,6.8811619,63.5116267,13.0072512,6.5790412,12.1614114,13.4602031,25.1686626,6.1260893,5.582370200000001,11.708459500000002,13.460203100000001,-1.7763568394002505e-15
July 2026,2026-08-20,2026-08-20,2026-08-27,2001-09-01,9026.5740393,6.841999,63.2698395,13.5810014,6.6601735,12.0516463,13.5021725,25.6326477,6.7390023999999995,5.3914728,12.1304752,13.5021725,0
July 2026,2026-08-20,2026-08-20,2026-08-27,2001-10-01,9045.9738545,7.1937157,63.5660633,14.4483191,6.592555,11.8527267,13.7862707,26.3010458,7.254603400000001,5.2601717,12.514775100000001,13.7862707,0
July 2026,2026-08-20,2026-08-20,2026-08-27,2001-11-01,9078.6289074,6.8831468,63.5028901,13.6936397,6.5334194,11.7583308,13.4165663,25.4519705,6.810492900000001,5.2249114,12.035404200000002,13.416566199999998,1.0000000116860974e-7
July 2026,2026-08-20,2026-08-20,2026-08-27,2001-12-01,9064.95826,6.8615828,63.3130555,13.5539425,6.5363393,11.9753345,13.397922,25.529277,6.6923597,5.438995200000001,12.131355000000001,13.397922099999999,-9.99999993922529e-8
July 2026,2026-08-20,2026-08-20,2026-08-27,2002-01-01,9083.1921133,6.9157018,63.3874872,13.6740128,6.5846107,12.1242704,13.5003125,25.7982832,6.758311,5.5396597000000005,12.2979707,13.5003125,0
July 2026,2026-08-20,2026-08-20,2026-08-27,2002-02-01,9126.8986326,6.5365326,63.3444823,13.2127617,6.5763638,12.304634,13.1128964,25.5173957,6.6762291,5.7282702,12.404499300000001,13.1128964,0
July 2026,2026-08-20,2026-08-20,2026-08-27,2002-03-01,9132.3561387,6.4304441,63.2211815,12.825524,6.4860786,12.1715183,12.9165227,24.9970423,6.3950799,5.685439700000001,12.0805196,12.9165227,0
July 2026,2026-08-20,2026-08-20,2026-08-27,2002-04-01,9119.6339194,6.3455892,63.0193899,12.4887702,6.4269729,11.8334377,12.7725621,24.3222079,6.143180999999999,5.406464799999999,11.549645799999999,12.7725621,0
July 2026,2026-08-20,2026-08-20,2026-08-27,2002-05-01,9134.9882788,6.3726572,63.0872155,12.6665537,6.3047278,11.6270482,12.6773851,24.293602,6.2938965,5.322320400000001,11.6162169,12.677385000000001,9.99999993922529e-8
July 2026,2026-08-20,2026-08-20,2026-08-27,2002-06-01,9161.1402522,6.4959306,63.2945721,13.2927626,6.1876886,11.524809,12.6836192,24.8175716,6.796831999999999,5.337120399999999,12.1339524,12.6836192,0
July 2026,2026-08-20,2026-08-20,2026-08-27,2002-07-01,9167.0601874,6.1799461,63.0537472,12.1003675,6.3123833,11.7758888,12.4923294,23.8762563,5.9204214,5.463505500000001,11.383926900000002,12.4923294,0
July 2026,2026-08-20,2026-08-20,2026-08-27,2002-08-01,9224.2031827,6.3491655,63.4926305,12.8879003,6.2875955,11.7946988,12.636761,24.6825991,6.5387348,5.507103300000001,12.045838100000001,12.636761,0
July 2026,2026-08-20,2026-08-20,2026-08-27,2002-09-01,9225.6261146,6.3123018,63.4087892,13.0191177,6.2253164,10.8249171,12.5376182,23.8440348,6.7068159000000005,4.599600700000001,11.306416599999999,12.5376182,0
July 2026,2026-08-20,2026-08-20,2026-08-27,2002-10-01,9234.6841373,6.128392,63.271384,12.6247107,6.112485,10.098098,12.240877,22.7228088,6.4963187,3.985613,10.4819318,12.240877000000001,-1.7763568394002505e-15
July 2026,2026-08-20,2026-08-20,2026-08-27,2002-11-01,9283.7190837,6.1627626,63.555077,12.4641144,5.8856255,9.4782015,12.0483881,21.9423158,6.3013518,3.592576000000001,9.893927699999999,12.0483881,0
July 2026,2026-08-20,2026-08-20,2026-08-27,2002-12-01,9327.6397448,6.182296,63.7932943,12.1908202,6.1310446,10.5479199,12.3133406,22.7387401,6.008524199999999,4.4168753,10.425399500000001,12.3133406,0
July 2026,2026-08-20,2026-08-20,2026-08-27,2003-01-01,9378.6767171,6.0824902,63.9765198,12.1639953,6.5086689,11.4876299,12.591159,23.6516252,6.0815051,4.978961,11.060466200000002,12.591159099999999,-9.99999993922529e-8
July 2026,2026-08-20,2026-08-20,2026-08-27,2003-02-01,9406.0368913,5.9550295,63.978676,11.983409,6.8236767,12.8465548,12.7787063,24.8299638,6.0283795,6.0228781,12.051257500000002,12.7787062,9.99999993922529e-8
July 2026,2026-08-20,2026-08-20,2026-08-27,2003-03-01,9359.8713837,6.1313388,63.6873189,12.5097155,6.9538095,13.1541032,13.0851484,25.6638187,6.3783767000000005,6.2002937,12.5786703,13.0851483,9.99999993922529e-8
July 2026,2026-08-20,2026-08-20,2026-08-27,2003-04-01,9357.988306,6.0296227,63.5476103,12.3507178,7.1456484,13.3651528,13.1752711,25.7158705,6.3210951,6.219504400000001,12.540599400000001,13.1752711,0
July 2026,2026-08-20,2026-08-20,2026-08-27,2003-05-01,9375.3579656,6.0692297,63.6344217,12.2279641,7.1004174,13.143785,13.169647,25.3717491,6.158734399999999,6.043367599999999,12.2021021,13.1696471,-1.0000000116860974e-7
July 2026,2026-08-20,2026-08-20,2026-08-27,2003-06-01,9352.1639367,6.0547822,63.4094911,12.1258411,7.1347716,13.5071529,13.1895537,25.632994,6.071058900000001,6.3723813,12.4434403,13.189553799999999,-9.99999993922529e-8
July 2026,2026-08-20,2026-08-20,2026-08-27,2003-07-01,9343.1464599,6.1281502,63.3303949,12.2090217,7.0125921,13.251171,13.1407424,25.4601928,6.080871499999999,6.238578899999999,12.319450400000001,13.1407423,1.0000000116860974e-7
July 2026,2026-08-20,2026-08-20,2026-08-27,2003-08-01,9400.3351204,5.817875,63.4406124,11.4719455,6.9412089,13.2114514,12.7590838,24.6833969,5.6540705000000004,6.270242499999999,11.924313100000001,12.7590839,-9.99999993922529e-8
July 2026,2026-08-20,2026-08-20,2026-08-27,2003-09-01,9408.2809389,5.7755637,63.3983285,11.7996477,7.0779915,13.7116618,12.8535552,25.5113095,6.024083999999999,6.6336702999999995,12.657754299999999,12.8535552,0
July 2026,2026-08-20,2026-08-20,2026-08-27,2003-10-01,9432.0648218,5.7835692,63.4919461,11.6128479,7.1622775,13.8457502,12.9458466,25.4585981,5.829278700000001,6.683472699999999,12.5127515,12.9458467,-1.0000000116860974e-7
July 2026,2026-08-20,2026-08-20,2026-08-27,2003-11-01,9428.0813011,5.661823,63.3114775,11.3790924,7.2903019,13.8824098,12.9521249,25.2615022,5.717269399999999,6.592107899999999,12.3093773,12.952124900000001,-1.7763568394002505e-15
July 2026,2026-08-20,2026-08-20,2026-08-27,2003-12-01,9460.1015627,5.6814638,63.467867,11.6560175,7.1326593,13.6200659,12.8141231,25.2760834,5.9745537,6.4874066,12.461960300000001,12.8141231,0
July 2026,2026-08-20,2026-08-20,2026-08-27,2004-01-01,9460.4994365,5.5315579,63.2831706,11.7519568,6.9298737,13.3215774,12.4614315,25.0735342,6.2203989,6.391703700000001,12.612102700000001,12.461431600000001,-1.0000000116860974e-7
July 2026,2026-08-20,2026-08-20,2026-08-27,2004-02-01,9465.4556938,5.6430643,63.3045929,11.3702148,6.895182,12.9167163,12.5382463,24.2869311,5.7271505,6.021534299999999,11.7486848,12.5382463,0
July 2026,2026-08-20,2026-08-20,2026-08-27,2004-03-01,9499.0504762,5.4375127,63.304738,11.5919041,7.0174908,12.9793679,12.4550035,24.5712721,6.154391400000001,5.9618771,12.116268600000001,12.4550035,0
July 2026,2026-08-20,2026-08-20,2026-08-27,2004-04-01,9508.8733559,5.5072005,63.3648922,11.156485,6.7558345,12.6340917,12.263035,23.7905768,5.6492845,5.878257200000001,11.5275418,12.263034999999999,1.7763568394002505e-15
July 2026,2026-08-20,2026-08-20,2026-08-27,2004-05-01,9524.4982225,5.3369322,63.3028983,11.0214292,7.0434744,12.9279653,12.3804066,23.9493945,5.684497,5.8844909,11.5689879,12.3804066,0
July 2026,2026-08-20,2026-08-20,2026-08-27,2004-06-01,9529.5708799,5.4633091,63.3693194,11.4515956,7.067347,13.0085166,12.5306561,24.4601122,5.988286499999999,5.9411696,11.929456100000001,12.5306561,0
July 2026,2026-08-20,2026-08-20,2026-08-27,2004-07-01,9537.8717387,5.5507095,63.410599,11.3632652,6.9690999,12.9522643,12.5198094,24.3155295,5.812555700000001,5.9831644,11.7957201,12.5198094,0
July 2026,2026-08-20,2026-08-20,2026-08-27,2004-08-01,9535.2103694,5.5171473,63.2980047,11.7544367,6.9575295,13.2644375,12.4746768,25.0188741,6.237289399999999,6.306908,12.544197300000002,12.474676800000001,-1.7763568394002505e-15
July 2026,2026-08-20,2026-08-20,2026-08-27,2004-09-01,9591.3439222,5.3706922,63.4995514,11.4642192,7.0106722,13.2088031,12.3813645,24.6730223,6.093527000000001,6.198130900000001,12.2916578,12.381364399999999,1.0000000116860974e-7
July 2026,2026-08-20,2026-08-20,2026-08-27,2004-10-01,9645.590978,5.122748,63.6161584,11.3275967,6.8898161,12.9738197,12.0125641,24.3014163,6.204848700000001,6.0840036,12.2888522,12.012564099999999,1.7763568394002505e-15
July 2026,2026-08-20,2026-08-20,2026-08-27,2004-11-01,9683.5874656,5.1612552,63.8168732,11.0212651,6.8462901,12.8372072,12.0075454,23.8584723,5.8600099000000005,5.9909171,11.8509269,12.0075453,9.99999993922529e-8
July 2026,2026-08-20,2026-08-20,2026-08-27,2004-12-01,9692.499367,5.0686551,63.7376798,11.1279461,6.8870239,12.9646302,11.955679,24.0925764,6.059291000000001,6.0776063,12.136897399999999,11.955679,0
July 2026,2026-08-20,2026-08-20,2026-08-27,2005-01-01,9745.183917,5.0733613,63.9854004,11.0049957,6.8112784,13.0275581,11.8846397,24.0325538,5.9316344,6.2162797,12.1479141,11.884639700000001,-1.7763568394002505e-15
July 2026,2026-08-20,2026-08-20,2026-08-27,2005-02-01,9775.0233546,5.084222,64.0867654,10.5385805,6.8195299,13.0163788,11.9037519,23.5549592,5.4543585000000006,6.1968489,11.6512073,11.9037519,0
July 2026,2026-08-20,2026-08-20,2026-08-27,2005-03-01,9816.3891925,5.1627679,64.3091701,10.8415352,6.7901652,13.0644221,11.9529332,23.9059573,5.678767299999999,6.2742569,11.9530241,11.9529331,1.0000000116860974e-7
July 2026,2026-08-20,2026-08-20,2026-08-27,2005-04-01,9855.2428477,5.1220077,64.4743064,10.8904956,6.83815,13.0506702,11.9601577,23.9411658,5.768487899999999,6.212520200000001,11.9810081,11.9601577,0
July 2026,2026-08-20,2026-08-20,2026-08-27,2005-05-01,9838.9802205,5.0995259,64.2912384,10.5369368,6.7649608,12.9242406,11.8644867,23.4611774,5.4374109,6.159279799999999,11.5966907,11.8644867,0
July 2026,2026-08-20,2026-08-20,2026-08-27,2005-06-01,9885.4895168,4.950055,64.4320599,10.3741578,6.7931847,12.8723998,11.7432397,23.2465575,5.424102800000001,6.0792151,11.503317800000001,11.7432397,0
July 2026,2026-08-20,2026-08-20,2026-08-27,2005-07-01,9900.2347549,4.9721662,64.4605168,10.6995538,6.5986127,12.2975345,11.5707788,22.9970883,5.7273876,5.698921799999999,11.426309500000002,11.5707789,-1.0000000116860974e-7
July 2026,2026-08-20,2026-08-20,2026-08-27,2005-08-01,9944.435574,4.9013978,64.6173661,9.9234583,6.5886045,12.3905678,11.4900023,22.3140261,5.0220605,5.8019633,10.824023799999999,11.4900023,0
July 2026,2026-08-20,2026-08-20,2026-08-27,2005-09-01,9928.1454388,5.0022442,64.4974982,10.8373076,6.6687479,12.4253524,11.6709922,23.26266,5.835063400000001,5.7566045,11.5916678,11.6709921,1.0000000116860974e-7
July 2026,2026-08-20,2026-08-20,2026-08-27,2005-10-01,9932.8315615,5.0157538,64.4532928,10.939131,6.6807346,12.33011,11.6964884,23.269241,5.9233772,5.649375399999999,11.572752600000001,11.6964884,0
July 2026,2026-08-20,2026-08-20,2026-08-27,2005-11-01,9942.0938922,4.9381821,64.377129,10.1125227,6.7973646,12.2846367,11.7355466,22.3971594,5.1743406,5.4872721,10.6616128,11.7355467,-1.0000000116860974e-7
July 2026,2026-08-20,2026-08-20,2026-08-27,2005-12-01,9957.389096,5.0699218,64.4819998,10.7101655,6.6749855,12.2757406,11.7449073,22.9859061,5.6402437,5.600755100000001,11.240998800000002,11.744907300000001,-1.7763568394002505e-15
July 2026,2026-08-20,2026-08-20,2026-08-27,2006-01-01,9958.0479329,5.1620929,64.4408896,10.6479689,6.6775971,12.3632351,11.83969,23.011204,5.485876,5.685638000000001,11.171514,11.839690000000001,-1.7763568394002505e-15
July 2026,2026-08-20,2026-08-20,2026-08-27,2006-02-01,9992.9513172,5.1035413,64.5188389,10.6631105,6.6460297,12.052556299999999,11.749571,22.7156669,5.5595692,5.406526599999999,10.9660959,11.749571,0
July 2026,2026-08-20,2026-08-20,2026-08-27,2006-03-01,10034.3342548,4.8671288,64.517211,10.232635,6.5285904,11.8114879,11.3957192,22.0441229,5.3655062000000004,5.2828975,10.648403700000001,11.395719199999998,1.7763568394002505e-15
July 2026,2026-08-20,2026-08-20,2026-08-27,2006-04-01,10041.6123081,4.9656188,64.5680468,10.6083055,6.5346203,11.9282226,11.500239,22.5365281,5.6426867000000005,5.3936022999999995,11.036289100000001,11.5002391,-9.99999993922529e-8
July 2026,2026-08-20,2026-08-20,2026-08-27,2006-05-01,10069.1613672,4.7983153,64.5685976,10.0757034,6.525646,11.7893984,11.3239613,21.8651018,5.2773881000000005,5.2637523999999996,10.541140500000001,11.3239613,0
July 2026,2026-08-20,2026-08-20,2026-08-27,2006-06-01,10109.198439,4.8081814,64.7691102,9.8287001,6.5719,11.9752904,11.3800814,21.8039905,5.020518700000001,5.4033904,10.423909100000001,11.3800814,0
July 2026,2026-08-20,2026-08-20,2026-08-27,2006-07-01,10160.9960709,4.6568806,64.8931412,9.6403159,6.5977521,12.4283382,11.2546327,22.0686541,4.983435299999999,5.8305861000000005,10.8140214,11.2546327,0
July 2026,2026-08-20,2026-08-20,2026-08-27,2006-08-01,10179.3648268,4.7121815,64.9437288,9.6481528,6.6067526,12.8625732,11.3189341,22.510726,4.9359713,6.2558206,11.191791899999998,11.3189341,0
July 2026,2026-08-20,2026-08-20,2026-08-27,2006-09-01,10223.1951992,4.6660355,65.0872923,10.1542335,6.594259,12.5576288,11.2602945,22.7118623,5.488198000000001,5.9633698,11.4515678,11.2602945,0
July 2026,2026-08-20,2026-08-20,2026-08-27,2006-10-01,10195.6582432,4.4632205,64.6728988,9.1348365,6.3837776,12.1476442,10.846998,21.2824807,4.671616,5.7638666,10.435482700000001,10.8469981,-1.0000000116860974e-7
July 2026,2026-08-20,2026-08-20,2026-08-27,2006-11-01,10229.6551258,4.5151131,64.822458,9.755255,6.2524851,11.8655825,10.7675982,21.6208375,5.2401419,5.6130974,10.8532393,10.7675982,0
July 2026,2026-08-20,2026-08-20,2026-08-27,2006-12-01,10282.3066441,4.5681159,65.0906733,9.7324792,6.2865409,11.9445814,10.8546568,21.6770606,5.164363300000001,5.6580405,10.8224038,10.8546568,0
July 2026,2026-08-20,2026-08-20,2026-08-27,2007-01-01,10279.9090278,4.5535199,64.9333711,9.6306342,6.3294279,12.0218974,10.8829478,21.6525316,5.077114299999999,5.6924695000000005,10.7695838,10.8829478,0
July 2026,2026-08-20,2026-08-20,2026-08-27,2007-02-01,10308.1357869,4.6344561,65.0348041,9.5627836,6.4320806,12.2174925,11.0665367,21.7802761,4.928327499999999,5.785411900000001,10.713739399999998,11.0665367,0
July 2026,2026-08-20,2026-08-20,2026-08-27,2007-03-01,10336.9782059,4.4597394,64.965807,9.2109449,6.3028413,12.0635136,10.762580700000001,21.2744585,4.751205499999999,5.7606723,10.5118778,10.762580700000001,0
July 2026,2026-08-20,2026-08-20,2026-08-27,2007-04-01,10366.2074237,4.3861013,65.003318,8.9567611,6.2296874,11.9674226,10.6157887,20.9241837,4.5706598,5.7377352,10.308395,10.6157887,0
July 2026,2026-08-20,2026-08-20,2026-08-27,2007-05-01,10401.6492477,4.2645998,65.0468273,9.0371552,6.2730354,11.9549772,10.5376352,20.9921323,4.772555400000001,5.6819418,10.454497100000001,10.5376352,0
July 2026,2026-08-20,2026-08-20,2026-08-27,2007-06-01,10424.1878559,4.3241441,65.1324222,8.9654401,6.248721,11.8502019,10.5728651,20.815642,4.6412960000000005,5.6014809,10.2427769,10.5728651,0
July 2026,2026-08-20,2026-08-20,2026-08-27,2007-07-01,10446.8164189,4.2533692,65.1214855,9.0458309,6.2678791,11.5969634,10.5212484,20.6427943,4.7924617000000005,5.3290843,10.1215459,10.5212483,9.99999993922529e-8
July 2026,2026-08-20,2026-08-20,2026-08-27,2007-08-01,10484.5429796,4.2989954,65.2836348,9.6035492,6.2488783,11.3471354,10.5478737,20.9506847,5.3045538,5.0982571000000005,10.402811,10.5478737,0
July 2026,2026-08-20,2026-08-20,2026-08-27,2007-09-01,10513.638301,4.2133353,65.3022264,9.2291851,6.1903728,11.3789923,10.4037081,20.6081774,5.015849800000001,5.188619500000001,10.2044693,10.4037081,0
July 2026,2026-08-20,2026-08-20,2026-08-27,2007-10-01,10504.1179617,4.3262135,65.2132798,9.6949091,6.1578742,11.510431,10.4840877,21.2053401,5.368695600000001,5.3525568,10.721252400000001,10.4840877,0
July 2026,2026-08-20,2026-08-20,2026-08-27,2007-11-01,10561.4683004,4.426834,65.5312247,9.9675925,6.0526951,11.6161346,10.4795291,21.5837271,5.5407585,5.5634395,11.104198,10.4795291,0
July 2026,2026-08-20,2026-08-20,2026-08-27,2007-12-01,10582.2068857,4.308406,65.4717791,9.4557431,6.0511326,11.511622,10.3595386,20.9673651,5.1473371,5.460489399999999,10.607826499999998,10.3595386,0
July 2026,2026-08-20,2026-08-20,2026-08-27,2008-01-01,10609.1896176,4.2224858,65.4303918,9.0393901,6.0131172,11.0884831,10.2356031,20.1278733,4.8169043,5.0753658999999995,9.8922702,10.235603000000001,9.99999993922529e-8
July 2026,2026-08-20,2026-08-20,2026-08-27,2008-02-01,10649.3032135,3.9790282,65.3623241,8.1012509,5.9077888,10.9798923,9.886817,19.0811432,4.1222227,5.0721035,9.194326199999999,9.886817,0
July 2026,2026-08-20,2026-08-20,2026-08-27,2008-03-01,10669.8690607,4.0571539,65.3931971,8.507063,5.9271955,10.7867676,9.9843494,19.2938305,4.4499091,4.859572099999999,9.3094811,9.9843494,0
July 2026,2026-08-20,2026-08-20,2026-08-27,2008-04-01,10708.5387399,4.2656331,65.6600311,8.8375838,6.0162433,10.6950026,10.2818764,19.5325864,4.571950700000001,4.6787593,9.25071,10.2818764,0
July 2026,2026-08-20,2026-08-20,2026-08-27,2008-05-01,10680.0915482,4.2665194,65.3738436,9.1878546,5.945157,10.5484653,10.2116764,19.7363199,4.9213352,4.6033083,9.524643500000002,10.2116764,0
July 2026,2026-08-20,2026-08-20,2026-08-27,2008-06-01,10733.319378,4.2435395,65.5713443,9.0243446,5.8030542,10.6012929,10.0465936,19.6256374,4.780805099999999,4.798238700000001,9.579043799999999,10.046593699999999,-9.99999993922529e-8
July 2026,2026-08-20,2026-08-20,2026-08-27,2008-07-01,10751.2818735,4.2504297,65.5580252,8.8805357,5.850941,10.8884563,10.1013707,19.768992,4.630106,5.0375153,9.6676213,10.1013707,0
July 2026,2026-08-20,2026-08-20,2026-08-27,2008-08-01,10793.5179333,4.0153748,65.526891,7.6418546,5.7217663,11.238438,9.7371411,18.8802926,3.6264798000000003,5.516671700000001,9.1431515,9.737141099999999,1.7763568394002505e-15
July 2026,2026-08-20,2026-08-20,2026-08-27,2008-09-01,10777.7819722,4.289198,65.4913989,8.7428534,5.9534082,11.3634581,10.2426062,20.1063115,4.4536554,5.410049900000001,9.8637053,10.2426062,0
July 2026,2026-08-20,2026-08-20,2026-08-27,2008-10-01,10787.4397567,4.2901364,65.4308387,8.7196188,6.2373971,11.7115306,10.5275335,20.4311495,4.4294823999999995,5.4741335,9.903616,10.5275335,0
July 2026,2026-08-20,2026-08-20,2026-08-27,2008-11-01,10780.8935015,4.4629287,65.3898037,9.4077334,6.3059401,12.080136,10.7688687,21.4878694,4.9448047,5.7741959,10.7190007,10.7688688,-9.99999993922529e-8
July 2026,2026-08-20,2026-08-20,2026-08-27,2008-12-01,10789.1093862,4.570035,65.3936993,9.7338261,6.6795181,12.5211744,11.2495532,22.2550005,5.1637911,5.8416562999999995,11.005447300000002,11.2495531,9.99999993922529e-8
July 2026,2026-08-20,2026-08-20,2026-08-27,2009-01-01,10790.9145472,4.9081554,65.4984744,10.1743344,6.9403368,12.905125,11.8484922,23.0794594,5.266178999999999,5.9647882,11.2309672,11.848492199999999,1.7763568394002505e-15
July 2026,2026-08-20,2026-08-20,2026-08-27,2009-02-01,10804.9708934,5.3025728,65.7180576,10.8334157,7.2518476,13.4825453,12.5544204,24.3159611,5.5308429,6.2306977,11.7615407,12.5544204,0
July 2026,2026-08-20,2026-08-20,2026-08-27,2009-03-01,10770.6910859,5.7113439,65.6550933,11.8969924,7.347778,13.3263896,13.0591219,25.223382,6.1856485,5.978611600000001,12.164260100000002,13.059121900000001,-1.7763568394002505e-15
July 2026,2026-08-20,2026-08-20,2026-08-27,2009-04-01,10794.4305568,5.5133386,65.5663709,11.5484308,7.4294509,13.6515466,12.9427895,25.1999774,6.0350922,6.2220957,12.257187900000002,12.9427895,0
July 2026,2026-08-20,2026-08-20,2026-08-27,2009-05-01,10772.6869486,5.8122361,65.5465633,12.3123901,7.6518288,14.2021827,13.4640649,26.5145728,6.500154,6.5503539,13.0505079,13.4640649,0
July 2026,2026-08-20,2026-08-20,2026-08-27,2009-06-01,10755.1367714,5.8615333,65.3790553,12.1993133,7.5044494,13.9210112,13.3659826,26.1203245,6.33778,6.4165618,12.754341899999998,13.3659827,-9.99999993922529e-8
July 2026,2026-08-20,2026-08-20,2026-08-27,2009-07-01,10799.2633411,5.6728749,65.4098427,11.6231531,7.5639789,13.979287,13.2368538,25.6024401,5.9502782,6.415308099999999,12.365586299999999,13.2368538,0
July 2026,2026-08-20,2026-08-20,2026-08-27,2009-08-01,10789.430943,5.714836,65.273596,11.6839009,7.5606625,14.1351984,13.2754984,25.8190994,5.969064899999999,6.5745359,12.543600999999999,13.275498500000001,-1.0000000116860974e-7
July 2026,2026-08-20,2026-08-20,2026-08-27,2009-09-01,10810.1298289,5.6619355,65.2565837,11.6620612,7.6002734,14.0962446,13.262209,25.7583057,6.0001257,6.4959712000000005,12.4960967,13.262208900000001,9.99999993922529e-8
July 2026,2026-08-20,2026-08-20,2026-08-27,2009-10-01,10820.5517009,5.6237069,65.2104283,11.2224315,7.558702,14.3652721,13.1824089,25.5877036,5.598724600000001,6.8065701,12.4052947,13.1824089,0
July 2026,2026-08-20,2026-08-20,2026-08-27,2009-11-01,10850.6834449,5.5586526,65.2643861,11.5533065,7.6025222,14.5493914,13.1611748,26.1026979,5.994653899999999,6.946869199999999,12.9415231,13.161174800000001,-1.7763568394002505e-15
July 2026,2026-08-20,2026-08-20,2026-08-27,2009-12-01,10887.3795042,5.4911632,65.3557568,11.1609099,7.5414081,14.4525136,13.0325713,25.6134235,5.6697467,6.9111055,12.580852199999999,13.0325713,0
July 2026,2026-08-20,2026-08-20,2026-08-27,2010-01-01,10937.1255757,5.2661582,65.3903407,11.3364989,7.5469191,14.4504334,12.8130773,25.7869323,6.070340700000001,6.903514299999999,12.973855,12.8130773,0
July 2026,2026-08-20,2026-08-20,2026-08-27,2010-02-01,10920.8167353,5.2982033,65.207291,11.3364978,7.4667038,14.6536646,12.764907,25.9901624,6.0382945,7.1869608000000005,13.2252554,12.7649071,-1.0000000116860974e-7
July 2026,2026-08-20,2026-08-20,2026-08-27,2010-03-01,10925.6816392,5.4226181,65.214703,11.7854268,7.2938818,13.9567569,12.7165,25.742183699999998,6.3628086999999995,6.6628751,13.025683699999998,12.7164999,9.99999993922529e-8
July 2026,2026-08-20,2026-08-20,2026-08-27,2010-04-01,10937.5154009,5.4989345,65.2658347,11.8988933,7.1081749,13.4269201,12.6071094,25.3258135,6.399958799999999,6.3187452,12.718704099999998,12.607109399999999,1.7763568394002505e-15
July 2026,2026-08-20,2026-08-20,2026-08-27,2010-05-01,10938.8556596,5.2297625,65.0165599,11.4530987,6.9919274,13.0126166,12.2216899,24.4657153,6.2233362,6.0206892,12.2440254,12.2216899,0
July 2026,2026-08-20,2026-08-20,2026-08-27,2010-06-01,10992.7964057,5.1441225,65.2061743,11.688791,7.0339262,12.8672139,12.1780488,24.5560049,6.5446685,5.8332877,12.377956100000002,12.1780487,9.99999993922529e-8
July 2026,2026-08-20,2026-08-20,2026-08-27,2010-07-01,11018.9753589,5.2882503,65.3834293,11.6465381,7.0746607,12.6652917,12.362911,24.3118299,6.358287800000001,5.590630999999999,11.948918899999999,12.362911,0
July 2026,2026-08-20,2026-08-20,2026-08-27,2010-08-01,11060.9048317,5.0321839,65.3778736,11.6169375,7.1910802,12.8485273,12.2232641,24.4654648,6.584753600000001,5.657447100000001,12.2422007,12.2232641,0
July 2026,2026-08-20,2026-08-20,2026-08-27,2010-09-01,11087.329472,5.0543154,65.4719216,11.2981986,7.149075,13.3006203,12.2033905,24.598819,6.243883199999999,6.1515453,12.3954285,12.2033904,9.99999993922529e-8
July 2026,2026-08-20,2026-08-20,2026-08-27,2010-10-01,11104.4534082,5.284854,65.6553293,11.9717128,7.053109,13.4593716,12.337963,25.4310844,6.6868588,6.406262600000001,13.0931214,12.337963,0
July 2026,2026-08-20,2026-08-20,2026-08-27,2010-11-01,11163.1038838,5.1092064,65.8025328,11.5618469,6.9152457,13.7367008,12.0244521,25.2985477,6.452640500000001,6.8214551,13.2740956,12.0244521,0
July 2026,2026-08-20,2026-08-20,2026-08-27,2010-12-01,11169.3245826,4.8769183,65.601352,11.0873883,6.9543457,13.4426545,11.8312641,24.5300429,6.210470000000001,6.4883087999999995,12.698778800000001,11.831264000000001,9.99999993922529e-8
July 2026,2026-08-20,2026-08-20,2026-08-27,2011-01-01,11201.9881971,5.0034282,65.7804525,11.6989757,6.8396192,13.0610651,11.8430473,24.7600407,6.6955475,6.221445900000001,12.9169934,11.8430474,-9.99999993922529e-8
July 2026,2026-08-20,2026-08-20,2026-08-27,2011-02-01,11176.2907757,4.9718703,65.5079617,11.7454932,6.8657789,12.9399624,11.8376492,24.6854556,6.7736229,6.074183500000001,12.847806400000001,11.8376492,0
July 2026,2026-08-20,2026-08-20,2026-08-27,2011-03-01,11215.1308296,4.9264722,65.604437,11.2512693,6.9494549,12.9582274,11.875927,24.2094967,6.3247971000000005,6.0087725,12.333569699999998,11.8759271,-9.99999993922529e-8
July 2026,2026-08-20,2026-08-20,2026-08-27,2011-04-01,11182.4774942,4.9597243,65.3575574,11.2886352,7.02484,12.7394067,11.9845643,24.028042,6.3289108999999995,5.7145667,12.043477699999999,11.9845643,0
July 2026,2026-08-20,2026-08-20,2026-08-27,2011-05-01,11172.736714,5.0133181,65.2589206,11.1982331,7.0708003,12.6102854,12.0841184,23.8085185,6.184914999999999,5.5394851,11.724400100000002,12.084118400000001,-1.7763568394002505e-15
July 2026,2026-08-20,2026-08-20,2026-08-27,2011-06-01,11205.6585778,4.9166091,65.3061392,11.1724114,6.982991,12.8548132,11.8996001,24.0272247,6.2558023,5.8718222,12.1276246,11.8996001,0
July 2026,2026-08-20,2026-08-20,2026-08-27,2011-07-01,11209.6506639,5.0929141,65.3721156,11.1270718,6.8118504,12.9413796,11.9047645,24.0684514,6.0341577,6.1295291999999995,12.1636869,11.904764499999999,1.7763568394002505e-15
July 2026,2026-08-20,2026-08-20,2026-08-27,2011-08-01,11218.6676086,5.2700482,65.4652146,11.2510457,6.7543122,13.2467418,12.0243604,24.4977875,5.980997500000001,6.4924296,12.4734271,12.024360399999999,1.7763568394002505e-15
July 2026,2026-08-20,2026-08-20,2026-08-27,2011-09-01,11245.9846037,5.2217186,65.5093736,11.2737431,6.8372557,13.0720329,12.0589743,24.3457759,6.052024500000001,6.2347772,12.2868016,12.0589743,0
July 2026,2026-08-20,2026-08-20,2026-08-27,2011-10-01,11249.269889,5.1877311,65.4059808,10.9911044,6.9477268,12.9997276,12.1354578,23.9908321,5.8033733,6.0520008,11.8553743,12.135457899999999,-9.99999993922529e-8
July 2026,2026-08-20,2026-08-20,2026-08-27,2011-11-01,11252.7780697,5.2312284,65.3575836,11.4966548,7.067626,13.2969805,12.2988545,24.7936352,6.2654264,6.2293545,12.494780700000002,12.2988544,9.99999993922529e-8
July 2026,2026-08-20,2026-08-20,2026-08-27,2011-12-01,11231.8055408,5.1968739,65.1138325,11.8521629,7.1340687,13.5424974,12.3309426,25.3946603,6.655289,6.4084287,13.063717700000002,12.3309426,0
July 2026,2026-08-20,2026-08-20,2026-08-27,2012-01-01,11308.6521074,5.0479088,65.3403049,11.3853435,7.1544897,13.703474,12.2023986,25.0888175,6.337434699999999,6.5489843,12.8864189,12.202398500000001,9.99999993922529e-8
July 2026,2026-08-20,2026-08-20,2026-08-27,2012-02-01,11271.9540527,5.1917172,65.1115032,11.7508967,7.2502285,14.0103602,12.4419457,25.7612569,6.5591795,6.760131699999999,13.3193112,12.441945700000002,-1.7763568394002505e-15
July 2026,2026-08-20,2026-08-20,2026-08-27,2012-03-01,11333.4077972,5.1831952,65.3448295,11.7740829,7.2347088,13.9612394,12.4179039,25.7353223,6.5908877,6.7265306,13.3174184,12.417904,-9.99999993922529e-8
July 2026,2026-08-20,2026-08-20,2026-08-27,2012-04-01,11322.0236015,4.9949334,65.0579994,10.8969611,7.2948948,14.2131895,12.2898282,25.1101506,5.9020277000000005,6.918294700000001,12.8203224,12.289828199999999,1.7763568394002505e-15
July 2026,2026-08-20,2026-08-20,2026-08-27,2012-05-01,11364.0519834,5.2004639,65.3489503,12.1336336,7.3543496,14.1913196,12.5548134,26.3249531,6.9331697,6.83697,13.770139699999998,12.5548135,-9.99999993922529e-8
July 2026,2026-08-20,2026-08-20,2026-08-27,2012-06-01,11338.5664411,5.1623932,65.0846144,11.6041978,7.1835195,13.671141,12.3459127,25.2753388,6.441804599999999,6.4876215,12.9294261,12.3459127,0
July 2026,2026-08-20,2026-08-20,2026-08-27,2012-07-01,11348.5136653,5.1823561,65.0596386,11.9285295,7.0615997,13.1289051,12.2439559,25.0574346,6.7461734,6.0673054,12.813478700000001,12.2439558,9.99999993922529e-8
July 2026,2026-08-20,2026-08-20,2026-08-27,2012-08-01,11360.7662549,5.1570308,65.0169082,11.5027124,6.9140703,13.142197,12.0711011,24.6449093,6.3456816,6.2281267,12.573808199999998,12.0711011,0
July 2026,2026-08-20,2026-08-20,2026-08-27,2012-09-01,11389.9758324,5.4883329,65.3166844,11.9588061,6.8463205,12.7427381,12.3346535,24.7015442,6.470473200000001,5.8964176,12.3668907,12.3346534,9.99999993922529e-8
July 2026,2026-08-20,2026-08-20,2026-08-27,2012-10-01,11391.0417178,5.4104396,65.1794452,12.1171144,6.9918017,13.0975448,12.4022413,25.2146592,6.7066748,6.1057431,12.8124179,12.4022413,0
July 2026,2026-08-20,2026-08-20,2026-08-27,2012-11-01,11385.1262567,5.256884,64.9508857,11.6422995,7.0423717,13.1210766,12.2992557,24.7633761,6.3854155,6.0787049,12.464120399999999,12.2992557,0
July 2026,2026-08-20,2026-08-20,2026-08-27,2012-12-01,11396.7550128,5.4324415,65.0487914,12.1016365,7.0234038,13.0383399,12.4558453,25.1399763,6.669194999999999,6.014936100000001,12.684131,12.4558453,0
July 2026,2026-08-20,2026-08-20,2026-08-27,2013-01-01,11470.074299,5.3895232,65.3290421,12.0119573,6.9845374,13.519984,12.3740606,25.5319414,6.6224341,6.535446599999999,13.157880800000001,12.3740606,0
July 2026,2026-08-20,2026-08-20,2026-08-27,2013-02-01,11468.7363858,5.3943354,65.2165712,12.1321268,7.0459817,13.1626978,12.4403171,25.2948245,6.7377914,6.1167161000000005,12.854507400000001,12.4403171,0
July 2026,2026-08-20,2026-08-20,2026-08-27,2013-03-01,11435.0794909,5.6404477,65.0870111,12.2346822,7.2274667,13.8749075,12.8679145,26.1095897,6.5942345,6.647440800000001,13.241675200000001,12.8679144,9.99999993922529e-8
July 2026,2026-08-20,2026-08-20,2026-08-27,2013-04-01,11467.3151245,5.5891046,65.1500804,11.6942575,7.2107317,14.3302956,12.7998363,26.0245531,6.105152900000001,7.119563899999999,13.224716799999998,12.799836299999999,1.7763568394002505e-15
July 2026,2026-08-20,2026-08-20,2026-08-27,2013-05-01,11457.6413181,5.6097768,65.0247269,11.6753355,7.460552,15.1510695,13.0703288,26.826405,6.0655586999999995,7.6905175,13.7560762,13.070328799999999,1.7763568394002505e-15
July 2026,2026-08-20,2026-08-20,2026-08-27,2013-06-01,11470.1492865,5.6949235,65.0698953,11.8076837,7.5453994,14.8093585,13.2403229,26.6170422,6.1127602,7.2639591,13.3767193,13.240322899999999,1.7763568394002505e-15
July 2026,2026-08-20,2026-08-20,2026-08-27,2013-07-01,11457.2796377,5.6357015,64.8681795,11.8690589,7.3833864,14.0202158,13.0190879,25.8892747,6.233357400000001,6.636829400000001,12.8701868,13.019087899999999,1.7763568394002505e-15
July 2026,2026-08-20,2026-08-20,2026-08-27,2013-08-01,11459.5994372,5.8436797,64.9367452,12.8143264,7.5859943,14.3159315,13.429674,27.1302579,6.9706467000000005,6.729937199999999,13.7005839,13.429674,0
July 2026,2026-08-20,2026-08-20,2026-08-27,2013-09-01,11474.1582818,5.706468,64.8369955,12.736398,7.4543859,14.1721054,13.1608539,26.9085035,7.029929999999999,6.717719499999999,13.747649599999999,13.1608539,0
July 2026,2026-08-20,2026-08-20,2026-08-27,2013-10-01,11470.5980894,5.823086,64.8313858,13.0388567,7.5156032,14.5964984,13.3386892,27.6353551,7.2157707,7.0808952,14.296665900000002,13.338689200000001,-1.7763568394002505e-15
July 2026,2026-08-20,2026-08-20,2026-08-27,2013-11-01,11449.254291,5.7963953,64.6269299,12.2441376,7.4686334,15.0287391,13.2650287,27.2728767,6.4477423,7.560105699999999,14.007848000000001,13.2650287,0
July 2026,2026-08-20,2026-08-20,2026-08-27,2013-12-01,11419.1479117,5.900763,64.4632327,12.4815876,7.5119681,15.1664485,13.4127311,27.648036,6.580824599999999,7.6544804,14.235304900000001,13.4127311,0
July 2026,2026-08-20,2026-08-20,2026-08-27,2014-01-01,11453.2924702,5.9470849,64.5785377,12.2867976,7.3432372,14.987892,13.2903222,27.2746896,6.3397127,7.6446548000000005,13.984367399999998,13.290322100000001,9.99999993922529e-8
July 2026,2026-08-20,2026-08-20,2026-08-27,2014-02-01,11478.9139921,5.8764362,64.565348,12.7463406,7.50141,15.1085971,13.3778461,27.8549377,6.8699044,7.607187100000001,14.477091600000001,13.3778462,-1.0000000116860974e-7
July 2026,2026-08-20,2026-08-20,2026-08-27,2014-03-01,11532.221047000001,5.875191,64.7551089,12.5706407,7.5347351,15.1787275,13.4099261,27.7493683,6.6954497,7.643992400000001,14.3394422,13.4099261,0
July 2026,2026-08-20,2026-08-20,2026-08-27,2014-04-01,11537.919106,5.8046599,64.6754718,12.8739763,7.6546237,15.3491578,13.4592836,28.2231341,7.069316400000001,7.6945341,14.7638505,13.4592836,0
July 2026,2026-08-20,2026-08-20,2026-08-27,2014-05-01,11512.8635452,5.9300032,64.558071,13.4519812,7.7656841,15.7347717,13.6956873,29.1867529,7.521978000000001,7.9690876,15.491065599999999,13.6956873,0
July 2026,2026-08-20,2026-08-20,2026-08-27,2014-06-01,11528.6864148,6.0483749,64.6652586,13.3796346,7.9265884,16.4668232,13.9749633,29.8464578,7.3312596999999995,8.5402348,15.871494499999999,13.974963299999999,1.7763568394002505e-15
July 2026,2026-08-20,2026-08-20,2026-08-27,2014-07-01,11545.348511100001,6.1713253,64.7636175,13.6476553,8.3071401,17.4732163,14.4784654,31.1208716,7.47633,9.166076200000001,16.642406200000003,14.478465400000001,-1.7763568394002505e-15
July 2026,2026-08-20,2026-08-20,2026-08-27,2014-08-01,11548.8101592,6.1004595,64.6544294,13.3719143,8.3910955,16.9954536,14.491555,30.3673678,7.2714548,8.6043581,15.8758128,14.491555000000002,-1.7763568394002505e-15
July 2026,2026-08-20,2026-08-20,2026-08-27,2014-09-01,11547.1525875,6.2368326,64.6595395,13.6633159,8.8149092,17.58549,15.0517418,31.2488059,7.426483300000001,8.7705808,16.1970641,15.0517418,0
July 2026,2026-08-20,2026-08-20,2026-08-27,2014-10-01,11542.3722686,6.3573323,64.644418,14.3817178,8.2031087,16.3515208,14.560441,30.7332386,8.024385500000001,8.1484121,16.1727976,14.560441,0
July 2026,2026-08-20,2026-08-20,2026-08-27,2014-11-01,11542.1011492,6.2968366,64.5298377,14.2387055,8.6458368,17.1841502,14.9426735,31.4228557,7.9418689,8.538313400000002,16.4801822,14.9426734,9.99999993922529e-8
July 2026,2026-08-20,2026-08-20,2026-08-27,2014-12-01,11598.7865478,6.106007,64.6435971,13.1147244,8.444766,17.3158351,14.550773,30.4305595,7.0087174,8.871069100000001,15.879786500000002,14.550773,0
July 2026,2026-08-20,2026-08-20,2026-08-27,2015-01-01,11608.3711596,6.3516103,64.766562,14.1876864,8.5272232,17.4358707,14.8788335,31.6235571,7.8360761000000005,8.908647499999999,16.7447236,14.878833499999999,1.7763568394002505e-15
July 2026,2026-08-20,2026-08-20,2026-08-27,2015-02-01,11673.7168625,6.153363,64.8934024,13.4157805,8.5261943,17.2055414,14.6795573,30.6213219,7.262417500000001,8.679347100000001,15.9417646,14.679557299999999,1.7763568394002505e-15
July 2026,2026-08-20,2026-08-20,2026-08-27,2015-03-01,11693.5519469,6.1034653,64.8691429,13.5283975,8.1517766,17.1639639,14.2552419,30.6923614,7.424932200000001,9.012187299999999,16.4371195,14.2552419,0
July 2026,2026-08-20,2026-08-20,2026-08-27,2015-04-01,11692.1625495,6.1126588,64.8025524,13.3109153,8.3248186,16.7962407,14.4374774,30.107156,7.198256499999999,8.471422099999998,15.6696786,14.4374774,0
July 2026,2026-08-20,2026-08-20,2026-08-27,2015-05-01,11733.6075531,5.9311165,64.8415475,13.3984578,8.38765,17.3626264,14.3187665,30.7610842,7.467341299999999,8.9749764,16.442317699999997,14.3187665,0
July 2026,2026-08-20,2026-08-20,2026-08-27,2015-06-01,11727.4244385,6.0076109,64.7950292,13.0812334,8.3856359,17.2188903,14.3932468,30.3001238,7.0736225,8.833254400000001,15.906877000000001,14.3932468,0
July 2026,2026-08-20,2026-08-20,2026-08-27,2015-07-01,11760.562754,6.27376,65.0832595,13.6289836,8.6470874,17.4571274,14.9208474,31.086111,7.3552235999999995,8.81004,16.1652636,14.9208474,0
July 2026,2026-08-20,2026-08-20,2026-08-27,2015-08-01,11764.7069607,6.0873908,64.8979568,13.0067321,8.4211644,17.3173449,14.5085552,30.3240771,6.919341300000001,8.896180499999998,15.8155219,14.5085552,0
July 2026,2026-08-20,2026-08-20,2026-08-27,2015-09-01,11783.9484494,6.1742735,64.9852323,12.8285099,8.7754193,17.5199641,14.9496929,30.3484739,6.6542364,8.7445448,15.398780999999998,14.9496928,1.0000000116860974e-7
July 2026,2026-08-20,2026-08-20,2026-08-27,2015-10-01,11860.8701643,5.9120712,65.1541051,12.5956904,8.707233,17.6416201,14.6193043,30.2373105,6.683619200000001,8.9343871,15.6180062,14.6193042,9.99999993922529e-8
July 2026,2026-08-20,2026-08-20,2026-08-27,2015-11-01,11893.6187899,5.8503965000000004,65.2181637,12.209681,8.5757925,17.5788931,14.426189,29.7885742,6.359284499999999,9.003100599999998,15.362385199999999,14.426189,0
July 2026,2026-08-20,2026-08-20,2026-08-27,2015-12-01,11907.8349591,5.7411302,65.1475483,12.1584217,8.455158,17.1208293,14.1962883,29.279251,6.4172915,8.6656713,15.082962699999998,14.196288200000001,9.99999993922529e-8
July 2026,2026-08-20,2026-08-20,2026-08-27,2016-01-01,11912.616502,6.0411691,65.2719409,12.6949975,8.5227521,17.3835921,14.5639211,30.0785896,6.653828399999999,8.860840000000001,15.5146685,14.5639212,-9.99999993922529e-8
July 2026,2026-08-20,2026-08-20,2026-08-27,2016-02-01,11926.3419635,5.6944376,64.9976646,11.7255992,8.3741817,17.7021725,14.0686193,29.4277717,6.0311616,9.3279908,15.359152400000001,14.068619299999998,1.7763568394002505e-15
July 2026,2026-08-20,2026-08-20,2026-08-27,2016-03-01,11941.7499902,5.6535784,64.9444836,11.8413954,8.3869021,17.3145925,14.0404805,29.155988,6.187817,8.9276904,15.115507500000001,14.040480500000001,-1.7763568394002505e-15
July 2026,2026-08-20,2026-08-20,2026-08-27,2016-04-01,11948.2030954,5.6454337,64.9003227,12.0856517,8.6195674,16.8344629,14.2650011,28.9201146,6.440218,8.214895499999999,14.655113500000002,14.2650011,0
July 2026,2026-08-20,2026-08-20,2026-08-27,2016-05-01,11941.8445671,5.7217096,64.8447639,12.4626754,8.3382655,16.5487808,14.0599751,29.0114562,6.740965800000001,8.210515299999999,14.9514811,14.059975099999999,1.7763568394002505e-15
July 2026,2026-08-20,2026-08-20,2026-08-27,2016-06-01,11962.8486561,5.6953378,64.8672092,13.0174726,8.7867895,17.5054315,14.4821273,30.5229041,7.3221348,8.718642000000001,16.040776800000003,14.482127299999998,1.7763568394002505e-15
July 2026,2026-08-20,2026-08-20,2026-08-27,2016-07-01,11996.1261687,5.6929996,64.9475319,13.2212559,9.026256,18.1105515,14.7192556,31.3318074,7.528256299999999,9.0842955,16.6125518,14.7192556,0
July 2026,2026-08-20,2026-08-20,2026-08-27,2016-08-01,11955.9072853,5.6149592,64.5797424,12.8077975,8.7746816,17.7357862,14.3896408,30.5435837,7.192838299999999,8.9611046,16.153942899999997,14.389640799999999,1.7763568394002505e-15
July 2026,2026-08-20,2026-08-20,2026-08-27,2016-09-01,11942.4163618,5.6648606,64.4448099,12.7340068,8.7015924,17.6604915,14.366453,30.3944983,7.0691462,8.9588991,16.0280453,14.366453,0
July 2026,2026-08-20,2026-08-20,2026-08-27,2016-10-01,11961.1096327,5.5965117,64.4191648,12.7495319,8.5094464,16.5625048,14.1059581,29.3120367,7.153020199999999,8.0530584,15.2060786,14.105958099999999,1.7763568394002505e-15
July 2026,2026-08-20,2026-08-20,2026-08-27,2016-11-01,11987.3526285,5.767118,64.5974586,13.7338553,8.4831731,17.1746378,14.2502911,30.9084931,7.9667373,8.6914647,16.658202000000003,14.2502911,0
July 2026,2026-08-20,2026-08-20,2026-08-27,2016-12-01,12017.832611,5.8365872,64.7295117,13.3819981,8.5709412,17.6240582,14.4075283,31.0060564,7.5454109,9.053117,16.5985281,14.4075284,-1.0000000116860974e-7
July 2026,2026-08-20,2026-08-20,2026-08-27,2017-01-01,12039.2807197,5.6837552,64.6205759,12.3612489,8.7440737,17.8837053,14.4278289,30.2449541,6.677493699999999,9.1396316,15.817125200000001,14.4278289,0
July 2026,2026-08-20,2026-08-20,2026-08-27,2017-02-01,12015.1980877,5.8932819,64.5159578,13.0244569,8.9852327,19.0275047,14.8785146,32.0519616,7.131175000000001,10.042272000000002,17.173446999999996,14.878514599999999,1.7763568394002505e-15
July 2026,2026-08-20,2026-08-20,2026-08-27,2017-03-01,12075.6247051,5.8459821,64.6887809,13.117849,8.5930105,17.4139151,14.4389925,30.5317641,7.2718669,8.8209046,16.0927716,14.438992599999999,-9.99999993922529e-8
July 2026,2026-08-20,2026-08-20,2026-08-27,2017-04-01,12132.8862715,5.6091985,64.7579981,12.6210393,8.7300533,18.4510875,14.3392518,31.0721268,7.0118408,9.7210342,16.732875,14.3392518,0
July 2026,2026-08-20,2026-08-20,2026-08-27,2017-05-01,12164.8430436,5.547534,64.8117014,12.5798976,8.7339425,18.3898141,14.2814765,30.9697116,7.032363600000001,9.6558716,16.6882351,14.2814765,0
July 2026,2026-08-20,2026-08-20,2026-08-27,2017-06-01,12197.1356739,5.6228683,64.9610754,13.1814891,8.4224889,17.1969227,14.0453573,30.3784118,7.5586208,8.774433799999999,16.3330545,14.0453572,9.99999993922529e-8
July 2026,2026-08-20,2026-08-20,2026-08-27,2017-07-01,12233.0438817,5.6051751,65.049851,12.885204,8.5037315,17.632171,14.1089066,30.517375,7.2800289,9.128439499999999,16.408468400000004,14.108906600000001,-1.7763568394002505e-15
July 2026,2026-08-20,2026-08-20,2026-08-27,2017-08-01,12281.9367976,5.5297218,65.1673807,12.7185371,8.5784841,18.1990363,14.1082059,30.9175734,7.188815300000001,9.620552199999999,16.8093675,14.108205900000002,-1.7763568394002505e-15
July 2026,2026-08-20,2026-08-20,2026-08-27,2017-09-01,12321.8120525,5.4629728,65.2425249,12.5468353,8.5079435,18.0086803,13.9709162,30.5555156,7.0838624999999995,9.500736800000002,16.584599400000002,13.970916299999999,-9.99999993922529e-8
July 2026,2026-08-20,2026-08-20,2026-08-27,2017-10-01,12325.3445829,5.4032441,65.1549156,12.2656487,8.4494623,17.48636,13.8527064,29.7520087,6.8624046,9.0368977,15.8993023,13.8527064,0
July 2026,2026-08-20,2026-08-20,2026-08-27,2017-11-01,12368.3548335,5.4541362,65.3522365,12.4805801,8.5177186,17.8228543,13.9718549,30.3034343,7.026443899999999,9.3051357,16.3315794,13.9718548,1.0000000116860974e-7
July 2026,2026-08-20,2026-08-20,2026-08-27,2017-12-01,12398.089768,5.6168852,65.556936,12.547693,8.4675193,17.5063155,14.0844045,30.0540085,6.930807800000001,9.0387962,15.969603999999999,14.084404499999998,1.7763568394002505e-15
July 2026,2026-08-20,2026-08-20,2026-08-27,2018-01-01,12437.5677958,5.5241039,65.5831168,12.3528352,8.6919581,18.4809539,14.2160619,30.8337891,6.828731299999999,9.788995799999999,16.6177272,14.216062,-1.0000000116860974e-7
July 2026,2026-08-20,2026-08-20,2026-08-27,2018-02-01,12421.8430221,5.5816517,65.4226559,13.1341378,8.4847191,17.2406929,14.0663708,30.3748307,7.552486099999999,8.7559738,16.308459900000003,14.0663708,0
July 2026,2026-08-20,2026-08-20,2026-08-27,2018-03-01,12442.2954028,5.5304073,65.3776351,12.343737,8.5755987,17.566287,14.106006,29.910024,6.813329700000001,8.990688299999999,15.804018,14.106006,0
July 2026,2026-08-20,2026-08-20,2026-08-27,2018-04-01,12460.4279179,5.5451616,65.4070164,12.4802675,8.4337734,17.6929387,13.978935,30.1732062,6.9351059,9.2591653,16.1942712,13.978935,0
July 2026,2026-08-20,2026-08-20,2026-08-27,2018-05-01,12452.2784872,5.4366145,65.2134059,11.6000108,8.5273163,18.225551,13.9639309,29.8255618,6.1633963,9.698234699999999,15.8616309,13.9639308,9.99999993922529e-8
July 2026,2026-08-20,2026-08-20,2026-08-27,2018-06-01,12521.8945596,5.3419845,65.4364513,11.322913,8.5868851,18.1729287,13.9288696,29.4958418,5.9809285,9.5860436,15.5669722,13.928869599999999,1.7763568394002505e-15
July 2026,2026-08-20,2026-08-20,2026-08-27,2018-07-01,12523.157321,5.2942395,65.3115922,11.1285484,8.4787399,18.3777522,13.7729795,29.5063006,5.8343089,9.899012299999999,15.7333211,13.7729794,9.99999993922529e-8
July 2026,2026-08-20,2026-08-20,2026-08-27,2018-08-01,12585.8176611,5.243611,65.5047136,11.7199609,8.1489993,17.9046562,13.3926103,29.6246171,6.476349900000001,9.755656900000002,16.2320068,13.3926103,0
July 2026,2026-08-20,2026-08-20,2026-08-27,2018-09-01,12601.7012731,5.0180306,65.3334143,11.4999208,8.2664995,17.3958692,13.2845301,28.89579,6.4818902,9.1293697,15.611259900000002,13.284530100000001,-1.7763568394002505e-15
July 2026,2026-08-20,2026-08-20,2026-08-27,2018-10-01,12624.802269,5.0012911,65.3675099,11.5120387,8.2147523,17.9440564,13.2160434,29.4560951,6.510747599999999,9.7293041,16.2400517,13.2160434,0
July 2026,2026-08-20,2026-08-20,2026-08-27,2018-11-01,12644.5294608,5.1088827,65.4697107,11.7879521,8.5166291,17.3716559,13.6255118,29.1596079,6.6790694,8.855026800000001,15.534096100000001,13.625511799999998,1.7763568394002505e-15
July 2026,2026-08-20,2026-08-20,2026-08-27,2018-12-01,12670.1479172,5.0180818,65.4655567,11.4128426,8.3036531,17.2758033,13.3217349,28.6886459,6.394760799999999,8.9721502,15.366911000000002,13.3217349,0
July 2026,2026-08-20,2026-08-20,2026-08-27,2019-01-01,12714.7220284,5.0493679,65.6043411,11.5963563,8.0863878,17.3318476,13.1357557,28.928204,6.5469884,9.245459799999999,15.7924483,13.1357557,0
July 2026,2026-08-20,2026-08-20,2026-08-27,2019-02-01,12725.1485259,4.9928323,65.5062652,11.2163184,7.9757904,16.6635816,12.9686227,27.8799,6.223486100000001,8.6877912,14.9112773,12.968622700000001,-1.7763568394002505e-15
July 2026,2026-08-20,2026-08-20,2026-08-27,2019-03-01,12748.8017596,5.0889557,65.5817547,11.8762753,8.1987853,17.346001,13.287741,29.2222763,6.7873196,9.1472157,15.9345353,13.287741,0
July 2026,2026-08-20,2026-08-20,2026-08-27,2019-04-01,12785.667267,5.2196095,65.7979113,11.8765756,8.4496635,17.935941,13.669273,29.8125166,6.656966100000001,9.4862775,16.143243599999998,13.669273,0
July 2026,2026-08-20,2026-08-20,2026-08-27,2019-05-01,12791.8544046,5.1974091,65.7502816,11.9497524,8.7170283,18.0159348,13.9144373,29.9656872,6.7523433,9.2989065,16.051249900000002,13.9144374,-1.0000000116860974e-7
July 2026,2026-08-20,2026-08-20,2026-08-27,2019-06-01,12804.3913261,5.2595036,65.7938361,12.1809618,8.2119077,17.5054537,13.4714112,29.6864155,6.9214582,9.293546000000001,16.215004299999997,13.4714113,-9.99999993922529e-8
July 2026,2026-08-20,2026-08-20,2026-08-27,2019-07-01,12837.5816467,5.2748173,65.8762774,12.0630814,8.3880129,18.0360795,13.6628302,30.0991609,6.7882641,9.6480666,16.4363307,13.662830199999998,1.7763568394002505e-15
July 2026,2026-08-20,2026-08-20,2026-08-27,2019-08-01,12882.9986305,5.2574442,65.9984201,11.8577854,8.4635433,18.3965243,13.7209874,30.2543097,6.600341199999999,9.932981,16.533322300000002,13.7209875,-9.99999993922529e-8
July 2026,2026-08-20,2026-08-20,2026-08-27,2019-09-01,12903.144422,5.2260073,65.9810734,11.836292,8.2813334,17.6692869,13.5073407,29.5055789,6.6102847,9.3879535,15.9982382,13.5073407,0
July 2026,2026-08-20,2026-08-20,2026-08-27,2019-10-01,12853.6996302,5.3019244,65.7011526,12.5720293,8.442979,17.5906085,13.7449034,30.1626378,7.270104900000001,9.147629499999999,16.4177344,13.744903399999998,1.7763568394002505e-15
July 2026,2026-08-20,2026-08-20,2026-08-27,2019-11-01,12874.3022859,5.1724506,65.6370066,11.7447681,8.3160757,16.8986934,13.4885263,28.6434615,6.5723175,8.582617699999998,15.1549352,13.4885263,0
July 2026,2026-08-20,2026-08-20,2026-08-27,2019-12-01,12923.8569073,5.0396385,65.7178926,11.7584103,8.2713529,17.0225544,13.3109914,28.7809647,6.7187718,8.7512015,15.469973299999998,13.310991399999999,1.7763568394002505e-15
July 2026,2026-08-20,2026-08-20,2026-08-27,2020-01-01,12931.1021472,5.248896,65.7965505,12.3504876,8.5436107,18.1259085,13.7925067,30.4763962,7.101591599999999,9.582297800000001,16.6838895,13.7925067,0
July 2026,2026-08-20,2026-08-20,2026-08-27,2020-02-01,12930.5738611,5.1131966,65.5968448,12.3640213,8.5557672,18.3710408,13.6689639,30.7350621,7.250824699999999,9.8152736,17.0660982,13.6689638,9.99999993922529e-8
July 2026,2026-08-20,2026-08-20,2026-08-27,2020-03-01,12925.5952755,5.1986354,65.5280286,11.7966681,8.7267794,19.0531002,13.9254148,30.8497683,6.5980327,10.3263208,16.924353500000002,13.925414799999999,1.7763568394002505e-15
July 2026,2026-08-20,2026-08-20,2026-08-27,2020-04-01,12346.9480364,6.3016231,63.3089904,14.0523844,13.5822659,23.1801901,19.883889,37.2325745,7.7507613,9.597924200000001,17.3486855,19.883889,0
July 2026,2026-08-20,2026-08-20,2026-08-27,2020-05-01,12051.60605,6.9919538,62.23132,15.6992409,13.2885048,21.7059809,20.2804586,37.4052218,8.707287099999999,8.4174761,17.1247632,20.2804586,0
July 2026,2026-08-20,2026-08-20,2026-08-27,2020-06-01,12279.7148194,7.4234628,63.6823032,16.5737304,11.6062065,19.43719,19.0296693,36.0109205,9.1502676,7.8309835,16.9812512,19.029669300000002,-3.552713678800501e-15
July 2026,2026-08-20,2026-08-20,2026-08-27,2020-07-01,12416.5317028,7.4342642,64.4089321,16.3877619,11.1676876,19.3627231,18.6019518,35.7504851,8.9534977,8.1950355,17.1485333,18.601951800000002,-3.552713678800501e-15
July 2026,2026-08-20,2026-08-20,2026-08-27,2020-08-01,12552.4191136,6.7928513,64.6753844,14.0235752,11.080749,19.9866903,17.8736003,34.0102655,7.2307239,8.905941299999999,16.136665200000003,17.8736003,0
July 2026,2026-08-20,2026-08-20,2026-08-27,2020-09-01,12520.044872,6.9235324,64.6087684,14.5938482,11.1791852,18.7188384,18.1027176,33.3126866,7.6703158,7.5396532,15.209969000000001,18.1027176,0
July 2026,2026-08-20,2026-08-20,2026-08-27,2020-10-01,12658.0820155,6.948039,65.3333912,15.5727396,10.2298376,17.7149405,17.1778766,33.2876801,8.6247006,7.485102900000001,16.1098035,17.177876599999998,3.552713678800501e-15
July 2026,2026-08-20,2026-08-20,2026-08-27,2020-11-01,12742.1141824,6.811051,65.6655074,15.6181587,9.3199091,16.5947689,16.1309601,32.2129276,8.8071077,7.274859799999998,16.0819675,16.1309601,0
July 2026,2026-08-20,2026-08-20,2026-08-27,2020-12-01,12797.4315185,6.5598971,65.7683784,13.9557885,8.5436705,15.874034,15.1035676,29.8298226,7.395891400000001,7.330363500000001,14.726255,15.103567599999998,1.7763568394002505e-15
July 2026,2026-08-20,2026-08-20,2026-08-27,2021-01-01,12841.023514,6.2767039,65.7730803,14.0898585,8.0900043,15.923609,14.3667082,30.0134676,7.8131546,7.8336047,15.646759399999999,14.366708200000001,-1.7763568394002505e-15
July 2026,2026-08-20,2026-08-20,2026-08-27,2021-02-01,12893.3100029,5.8478151,65.7201741,12.9500835,8.3825609,16.5247457,14.230376,29.4748292,7.1022684,8.1421848,15.244453199999999,14.230376,0
July 2026,2026-08-20,2026-08-20,2026-08-27,2021-03-01,12952.9326609,5.6743885,65.8827451,11.9636566,7.871329,16.2393844,13.5457175,28.203041,6.2892681,8.3680554,14.657323499999999,13.5457175,0
July 2026,2026-08-20,2026-08-20,2026-08-27,2021-04-01,12948.1660659,5.4649773,65.6815199,10.638865,7.8111124,16.9706912,13.2760897,27.6095562,5.173887699999999,9.159578800000002,14.3334665,13.2760897,0
July 2026,2026-08-20,2026-08-20,2026-08-27,2021-05-01,13038.7324207,5.1138169,65.8649755,10.7358532,7.7129497,15.9326164,12.8267666,26.6684696,5.6220362999999995,8.219666700000001,13.841703000000003,12.8267666,0
July 2026,2026-08-20,2026-08-20,2026-08-27,2021-06-01,13058.9328065,5.0234096,65.8730731,10.5374993,7.8854892,16.0072775,12.9088988,26.5447768,5.5140897,8.1217883,13.635878000000002,12.9088988,0
July 2026,2026-08-20,2026-08-20,2026-08-27,2021-07-01,13085.1233505,4.721186,65.7746231,10.4159677,8.2627744,17.3916414,12.9839604,27.8076091,5.694781699999999,9.128867000000001,14.8236487,12.9839604,0
July 2026,2026-08-20,2026-08-20,2026-08-27,2021-08-01,12952.863439,4.5727138,64.9875436,10.471008,9.1460967,17.4015505,13.7188106,27.8725585,5.8982942,8.2554538,14.1537479,13.7188105,9.99999993922529e-8
July 2026,2026-08-20,2026-08-20,2026-08-27,2021-09-01,12827.4481059,4.7001826,64.4236298,10.9614338,9.0513618,17.793294,13.7515445,28.7547278,6.2612512,8.741932199999999,15.003183300000002,13.7515444,9.99999993922529e-8
July 2026,2026-08-20,2026-08-20,2026-08-27,2021-10-01,12777.9784617,5.2354333,64.4699797,13.0873845,9.3526786,17.3910558,14.5881119,30.4784404,7.8519512,8.0383772,15.8903285,14.588111900000001,-1.7763568394002505e-15
July 2026,2026-08-20,2026-08-20,2026-08-27,2021-11-01,13143.8538824,4.6336312,65.8284618,10.9156611,7.5224201,15.5846308,12.1560513,26.5002919,6.2820298999999995,8.0622107,14.344240600000001,12.1560513,0
July 2026,2026-08-20,2026-08-20,2026-08-27,2021-12-01,13226.4667004,4.2101932,65.8803809,9.5264897,6.6776227,14.0965491,10.8878159,23.6230388,5.316296500000001,7.418926400000001,12.7352229,10.8878159,0
July 2026,2026-08-20,2026-08-20,2026-08-27,2022-01-01,13291.8344421,4.1667018,66.0368972,9.1078167,6.5689721,14.8342917,10.7356739,23.9421085,4.9411149000000005,8.2653196,13.2064346,10.7356739,0
July 2026,2026-08-20,2026-08-20,2026-08-27,2022-02-01,13366.4098404,4.0320085,66.1751646,9.10982,6.6348717,14.3052258,10.6668802,23.4150458,5.077811499999999,7.670354100000001,12.748165600000002,10.6668802,0
July 2026,2026-08-20,2026-08-20,2026-08-27,2022-03-01,13388.1731712,3.9843329,66.111395,8.3620481,6.3378108,13.7367815,10.3221437,22.0988297,4.377715200000001,7.3989707,11.776686,10.3221437,0
July 2026,2026-08-20,2026-08-20,2026-08-27,2022-04-01,13450.4539447,3.8515295,66.2214627,8.4527789,6.1820433,14.1680752,10.0335728,22.620854,4.6012494,7.9860319,12.587281200000001,10.0335728,0
July 2026,2026-08-20,2026-08-20,2026-08-27,2022-05-01,13488.7446999,3.9421647,66.3668486,8.7928501,5.9822675,12.7074109,9.9244323,21.5002609,4.850685400000001,6.725143399999999,11.575828600000001,9.9244322,9.99999993922529e-8
July 2026,2026-08-20,2026-08-20,2026-08-27,2022-06-01,13582.342501,3.6046033,66.4875218,7.9678446,6.0992998,13.5906452,9.7039031,21.5584898,4.3632413,7.491345400000001,11.8545867,9.7039031,0
July 2026,2026-08-20,2026-08-20,2026-08-27,2022-07-01,13593.2625034,3.4460015,66.2789281,7.0682037,6.1005667,14.2018726,9.5465682,21.2700763,3.6222022,8.1013059,11.7235081,9.5465682,0
July 2026,2026-08-20,2026-08-20,2026-08-27,2022-08-01,13666.3782295,3.5263235,66.5379247,8.4720272,5.9885483,12.8795655,9.5148718,21.3515927,4.945703699999999,6.8910172,11.836720900000001,9.5148718,0
July 2026,2026-08-20,2026-08-20,2026-08-27,2022-09-01,13674.2515461,3.5959404,66.4718461,7.8319339,5.9903899,13.6734664,9.5863303,21.5054003,4.2359935,7.6830765,11.919070000000001,9.5863303,0
July 2026,2026-08-20,2026-08-20,2026-08-27,2022-10-01,13712.9466283,3.4356727,66.3961715,7.4190562,6.0149157,14.056607,9.4505884000000009,21.4756632,3.9833835,8.0416913,12.025074799999999,9.4505884000000009,0
July 2026,2026-08-20,2026-08-20,2026-08-27,2022-11-01,13781.1170022,3.5165842,66.6288803,7.7674377,5.9067407,14.0999316,9.4233249,21.8673694,4.2508535,8.1931909,12.4440445,9.4233249,0
July 2026,2026-08-20,2026-08-20,2026-08-27,2022-12-01,13777.8891878,3.526499,66.4675201,7.6821524,6.2009134,14.833106,9.7274124,22.5152584,4.1556534,8.6321926,12.787846,9.7274124,0
July 2026,2026-08-20,2026-08-20,2026-08-27,2023-01-01,13800.6316345,3.661857,66.4750633,8.0607201,6.1789492,14.3887353,9.8408063,22.4494555,4.3988631,8.2097861,12.608649199999999,9.8408062,1.0000000116860974e-7
July 2026,2026-08-20,2026-08-20,2026-08-27,2023-02-01,13839.2799998,3.6110496,66.4310737,8.1128787,5.93768,13.8793464,9.5487296,21.9922251,4.5018291,7.941666399999999,12.4434955,9.5487296,0
July 2026,2026-08-20,2026-08-20,2026-08-27,2023-03-01,13929.3226744,3.5965303,66.6581203,7.8973053,6.2589845,14.8049777,9.8555148,22.702283,4.300775,8.5459932,12.846768200000001,9.8555148,0
July 2026,2026-08-20,2026-08-20,2026-08-27,2023-04-01,13930.1826743,3.7037066,66.5915375,8.457502,6.1462105,14.4947032,9.8499171,22.9522052,4.7537954,8.348492700000001,13.1022881,9.849917099999999,1.7763568394002505e-15
July 2026,2026-08-20,2026-08-20,2026-08-27,2023-05-01,14017.8012903,3.590103,66.7864072,7.7562914,6.439176,14.1492644,10.029279,21.9055558,4.1661884,7.7100884,11.876276799999998,10.029278999999999,1.7763568394002505e-15
July 2026,2026-08-20,2026-08-20,2026-08-27,2023-06-01,14027.2398893,3.5181241,66.6371546,7.9230655,6.418583,15.4632443,9.9367071,23.3863098,4.4049414,9.0446613,13.4496027,9.9367071,0
July 2026,2026-08-20,2026-08-20,2026-08-27,2023-07-01,14028.7489552,3.7115994,66.6095346,8.5196219,6.4414534,14.5170302,10.1530528,23.0366521,4.808022500000001,8.0755768,12.883599300000002,10.153052800000001,-1.7763568394002505e-15
July 2026,2026-08-20,2026-08-20,2026-08-27,2023-08-01,14102.008361,3.6786112,66.7657578,8.2709121,6.6064813,14.7566948,10.2850924,23.0276069,4.5923009,8.1502135,12.742514499999999,10.2850925,-9.99999993922529e-8
July 2026,2026-08-20,2026-08-20,2026-08-27,2023-09-01,14095.8648474,3.5563441,66.4845314,7.9572125,6.3655901,15.7571745,9.9219343,23.7143869,4.4008684,9.3915844,13.7924526,9.9219342,9.99999993922529e-8
July 2026,2026-08-20,2026-08-20,2026-08-27,2023-10-01,14151.656326,3.7782223,66.7770862,9.3703889,6.4349529,14.6712589,10.2131752,24.0416479,5.5921666000000005,8.236305999999999,13.8284727,10.2131752,0
July 2026,2026-08-20,2026-08-20,2026-08-27,2023-11-01,14200.0751353,3.9323142,66.9883718,9.7028156,6.595437,15.3203076,10.5277512,25.0231232,5.770501399999999,8.7248706,14.495372,10.5277512,0
July 2026,2026-08-20,2026-08-20,2026-08-27,2023-12-01,14146.6573864,3.9870567,66.6506181,9.6641067,6.5948337,16.0006551,10.5818904,25.6647619,5.6770499999999995,9.4058214,15.082871499999998,10.581890399999999,1.7763568394002505e-15
July 2026,2026-08-20,2026-08-20,2026-08-27,2024-01-01,14145.0112204,4.0925232,66.5640857,9.5836045,6.7025159,15.7022557,10.7950391,25.2858602,5.4910813,8.9997398,14.490821099999998,10.7950391,0
July 2026,2026-08-20,2026-08-20,2026-08-27,2024-02-01,14251.6649648,3.7413408,66.6693444,9.192902,6.6474091,15.1265427,10.38875,24.3194448,5.4515612,8.4791336,13.9306948,10.3887499,9.99999993922529e-8
July 2026,2026-08-20,2026-08-20,2026-08-27,2024-03-01,14230.0605841,3.9000504,66.5269311,9.7796564,6.4743101,14.7422105,10.3743604,24.5218669,5.879606000000001,8.2679004,14.147506499999999,10.3743605,-9.99999993922529e-8
July 2026,2026-08-20,2026-08-20,2026-08-27,2024-04-01,14268.2885569,4.0814674,66.7523203,9.6059829,6.5715274,15.0891993,10.6529949,24.6951822,5.524515500000001,8.5176719,14.042187300000002,10.6529948,9.99999993922529e-8
July 2026,2026-08-20,2026-08-20,2026-08-27,2024-05-01,14296.5351451,4.0051119,66.751879400000007,9.7570321,6.6825271,15.4797688,10.687639,25.2368009,5.7519202,8.7972417,14.549161899999998,10.687639,0
July 2026,2026-08-20,2026-08-20,2026-08-27,2024-06-01,14319.2451032,4.0333873,66.7982523,9.402786,6.2808649,14.8450827,10.3142522,24.2478687,5.3693987000000005,8.564217800000002,13.933616500000001,10.3142522,0
July 2026,2026-08-20,2026-08-20,2026-08-27,2024-07-01,14377.8447214,4.1919319,67.0798164,9.7170261,6.2808672,14.6762125,10.4727991,24.3932386,5.5250942,8.395345299999999,13.9204395,10.4727991,0
July 2026,2026-08-20,2026-08-20,2026-08-27,2024-08-01,14410.4636411,4.1253233,67.0826535,9.9071209,6.5125089,15.2984313,10.6378322,25.2055522,5.781797600000001,8.7859224,14.56772,10.6378322,0
July 2026,2026-08-20,2026-08-20,2026-08-27,2024-09-01,14447.0219044,4.0124713,67.0713054,9.0224818,6.2565288,14.2672284,10.2690001,23.2897102,5.0100105,8.0106996,13.020710099999999,10.2690001,0
July 2026,2026-08-20,2026-08-20,2026-08-27,2024-10-01,14444.7328914,4.0908124,67.0240925,9.2304728,6.228062,14.4027936,10.3188744,23.6332665,5.1396603999999995,8.174731600000001,13.314392100000001,10.3188744,0
July 2026,2026-08-20,2026-08-20,2026-08-27,2024-11-01,14463.3236238,3.9364603,66.9114322,8.6451518,6.0328308,14.0140379,9.969291,22.6591897,4.7086915000000005,7.9812071,12.689898699999999,9.9692911,-9.99999993922529e-8
July 2026,2026-08-20,2026-08-20,2026-08-27,2024-12-01,14510.5056462,3.9985857,67.0819582,9.1948815,5.9924322,14.2648038,9.9910179,23.4596853,5.1962958,8.2723716,13.468667400000001,9.9910179,0
July 2026,2026-08-20,2026-08-20,2026-08-27,2025-01-01,14543.3156163,4.1269656,67.1903016,9.1917102,5.9851673,14.503227,10.1121329,23.6949372,5.064744599999999,8.518059700000002,13.582804299999998,10.112132899999999,1.7763568394002505e-15
July 2026,2026-08-20,2026-08-20,2026-08-27,2025-02-01,14468.077317,4.0741254,66.6738238,9.0615926000000009,5.9519472,14.7347363,10.026072599999999,23.7963289,4.987467200000001,8.782789099999999,13.7702563,10.026072599999999,0
July 2026,2026-08-20,2026-08-20,2026-08-27,2025-03-01,14498.7336118,4.0826369,66.6891786,8.9759586,5.8983002,14.688995,9.9809371,23.6649535,4.8933217,8.7906948,13.684016399999999,9.9809371,0
July 2026,2026-08-20,2026-08-20,2026-08-27,2025-04-01,14605.9009072,4.0547028,67.0858262,8.6703625,6.0491542,14.7360132,10.103857,23.4063757,4.615659699999999,8.686859,13.302518700000002,10.103857000000001,-1.7763568394002505e-15
July 2026,2026-08-20,2026-08-20,2026-08-27,2025-05-01,14594.6262142,4.1013581,66.9901309,9.5435864,5.8277901,13.5502082,9.9291482,23.0937946,5.442228300000001,7.7224181000000005,13.164646399999999,9.9291482,0
July 2026,2026-08-20,2026-08-20,2026-08-27,2025-06-01,14569.3895613,4.3178639,66.9492195,10.2699596,5.8647034,14.7466112,10.1825674,25.0165707,5.9520957,8.8819078,14.8340033,10.182567299999999,1.0000000116860974e-7
July 2026,2026-08-20,2026-08-20,2026-08-27,2025-07-01,14615.3736512,4.2357434,66.9969174,9.7528752,5.8295032,14.4320285,10.0652466,24.1849036,5.5171318000000005,8.6025253,14.119656999999998,10.0652466,0
July 2026,2026-08-20,2026-08-20,2026-08-27,2025-08-01,14600.8117011,4.2447033,66.8308331,9.7143906,5.7076093,13.7386365,9.9523126,23.4530272,5.4696872999999995,8.0310272,13.5007146,9.952312599999999,1.7763568394002505e-15
July 2026,2026-08-20,2026-08-20,2026-08-27,2025-09-01,14610.091527,4.4376985,66.9028312,10.5971529,5.9243758,13.8141711,10.3620743,24.4113241,6.1594543999999996,7.889795299999999,14.049249800000002,10.3620743,0
July 2026,2026-08-20,2026-08-20,2026-08-27,2025-10-01,14643.3128167,4.3315479,66.8978678,9.7101193,5.7136324,13.3674112,10.0451803,23.0775305,5.3785714,7.6537787999999995,13.032350200000002,10.0451803,0
July 2026,2026-08-20,2026-08-20,2026-08-27,2025-11-01,14604.1172396,4.3223122,66.6301065,10.1737395,6.1835449,14.6887315,10.5058571,24.862471,5.8514273,8.505186599999998,14.3566139,10.5058571,0
July 2026,2026-08-20,2026-08-20,2026-08-27,2025-12-01,14661.4373507,4.1181203,66.6669708,9.1302467,5.7384296,13.9179451,9.8565499,23.0481917,5.0121264000000005,8.1795155,13.191641800000001,9.856549900000001,-1.7763568394002505e-15
July 2026,2026-08-20,2026-08-20,2026-08-27,2026-01-01,14697.5134451,4.0823344,66.6849201,9.6484384,5.9282263,14.8445192,10.0105607,24.4929577,5.566104,8.9162929,14.482397000000002,10.0105607,0
July 2026,2026-08-20,2026-08-20,2026-08-27,2026-02-01,14719.6499677,4.3050169,66.8195955,10.2941087,5.9078279,14.5209131,10.2128448,24.8150218,5.989091800000001,8.6130852,14.602177000000001,10.2128448,0
July 2026,2026-08-20,2026-08-20,2026-08-27,2026-03-01,14739.6086599,4.2840759,66.7746738,10.2175961,5.9870328,14.7966564,10.2711087,25.0142526,5.933520199999999,8.8096236,14.7431439,10.2711087,0
July 2026,2026-08-20,2026-08-20,2026-08-27,2026-04-01,14704.6698863,4.49108,66.679342,11.0748179,5.9278271,14.4713494,10.4189072,25.5461672,6.583737899999999,8.5435223,15.12726,10.4189071,9.99999993922529e-8
July 2026,2026-08-20,2026-08-20,2026-08-27,2026-05-01,14742.8207983,4.3796061,66.6930514,10.3829174,6.3101573,16.2237415,10.6897635,26.6066589,6.0033113,9.913584199999999,15.9168954,10.6897634,9.99999993922529e-8
July 2026,2026-08-20,2026-08-20,2026-08-27,2026-06-01,14823.0696522,4.4315479,67.0108859,10.6339728,6.449338,15.5363413,10.880885899999999,26.1703141,6.2024249000000005,9.0870033,15.2894282,10.880885899999999,0
July 2026,2026-08-20,2026-08-20,2026-08-27,2026-07-01,14807.2431495,4.4618247,66.8533236,10.3649911,6.3612462,15.9923204,10.8230708,26.3573115,5.903166399999999,9.6310742,15.534240700000002,10.823070900000001,-1.0000000116860974e-7
